nitrogen,phosphorus,potassium,temperature_c,humidity_pct,soil_ph,rainfall_mm,ndvi,soil_moisture,forecast_temperature_c,forecast_rainfall_7d_mm,market_price,market_demand_index,crop
37.54,63.67,36.32,26.7,46.63,5.75,637.78,0.592,0.444,24.24,65.31,6893.79,0.934,groundnut
93.29,35.87,29.89,31.08,68.93,6.91,1116.91,0.622,0.668,29.29,100.21,2034.03,0.887,rice
26.89,54.03,29.9,29.07,53.24,5.94,792.19,0.409,0.384,30.54,66.35,5237.98,1.0,groundnut
27.96,41.77,45.65,20.71,58.41,6.99,462.79,0.528,0.368,19.09,88.34,7064.45,0.693,chickpea
80.06,59.4,39.9,21.03,69.08,6.23,618.19,0.658,0.566,21.69,50.44,2345.2,0.928,tomato
65.93,65.73,24.97,22.99,67.81,5.94,855.88,0.68,0.522,23.07,136.53,6095.48,0.865,soybean
55.32,34.74,40.11,20.83,75.28,5.92,619.18,0.534,0.592,22.84,118.36,3494.55,0.663,soybean
40.38,45.6,42.59,26.71,59.55,6.3,584.7,0.523,0.479,28.53,94.11,4796.51,0.77,soybean
32.95,60.8,28.55,22.92,72.03,6.21,695.99,0.512,0.46,23.63,86.53,4963.55,0.728,soybean
82.97,67.72,40.5,25.18,68.85,5.69,737.97,0.656,0.472,27.84,72.46,2283.59,0.695,potato
43.59,88.08,23.72,20.49,50.25,7.04,548.01,0.371,0.494,16.74,27.6,6550.55,0.741,chickpea
78.15,37.5,37.64,30.8,86.52,6.2,1125.1,0.611,0.586,34.76,135.4,2486.11,0.743,rice
57.45,58.41,41.48,21.64,43.65,6.35,484.33,0.602,0.422,21.27,7.91,6244.34,0.658,groundnut
84.03,35.12,39.56,31.56,84.52,5.03,1169.7,0.616,0.646,29.81,90.83,2098.37,0.752,rice
69.72,35.78,47.13,21.05,74.15,5.9,577.6,0.733,0.413,21.76,59.75,1861.55,0.776,tomato
44.94,53.59,14.42,21.16,59.36,6.36,460.89,0.536,0.309,20.41,42.23,7697.5,0.661,chickpea
104.79,74.02,39.63,31.99,66.45,5.0,862.68,0.405,0.657,32.41,53.91,2349.37,0.869,rice
20.52,60.84,35.82,20.1,61.13,6.73,461.96,0.607,0.356,21.17,56.29,7014.96,0.672,chickpea
130.53,54.62,33.62,17.19,70.74,6.83,1215.67,0.7,0.75,18.41,161.13,2012.17,0.966,rice
96.33,31.07,62.62,22.82,74.85,6.77,633.69,0.694,0.509,21.49,71.15,2445.78,0.98,tomato
53.7,47.61,47.68,28.14,57.21,6.47,574.67,0.488,0.461,26.73,20.05,6543.54,0.701,groundnut
101.19,43.24,35.27,23.98,52.27,6.68,906.55,0.663,0.634,23.1,30.11,2699.19,0.921,maize
99.51,25.99,42.53,21.5,68.72,6.32,841.08,0.601,0.547,23.35,42.97,6073.56,0.831,cotton
107.61,54.25,25.21,15.39,59.97,7.02,707.22,0.439,0.444,15.33,87.78,2676.23,0.794,wheat
104.11,59.52,36.26,22.41,43.11,6.17,456.07,0.626,0.363,25.2,25.9,2262.09,0.812,wheat
51.95,80.36,28.08,20.52,57.45,6.42,465.25,0.535,0.484,20.82,36.28,4354.92,0.88,soybean
80.34,52.41,51.16,18.05,63.47,6.05,632.8,0.585,0.438,19.21,78.24,2604.07,0.875,wheat
58.75,51.87,20.14,17.41,50.34,6.08,362.96,0.609,0.335,16.47,24.05,6174.2,0.757,chickpea
75.37,48.6,27.53,22.92,61.98,7.09,714.13,0.71,0.505,23.59,69.26,2126.41,0.803,tomato
6.31,48.87,33.2,20.8,73.98,7.0,767.39,0.461,0.533,19.49,96.43,3691.65,0.683,soybean
27.11,41.07,31.12,27.31,48.13,6.42,569.23,0.432,0.469,29.82,65.72,5833.61,0.71,groundnut
169.09,50.83,59.25,23.78,79.28,5.95,1314.76,0.761,0.75,23.24,54.43,500.0,0.803,sugarcane
55.36,36.27,32.61,27.36,61.99,6.75,585.8,0.559,0.444,31.81,33.1,5251.1,0.837,soybean
12.03,28.19,51.8,26.94,50.53,5.9,549.26,0.51,0.467,28.12,42.19,5793.0,0.811,groundnut
75.9,47.1,28.84,22.84,57.99,7.63,724.98,0.679,0.511,23.46,113.26,2640.77,0.801,wheat
107.47,34.41,39.93,23.67,85.16,6.17,994.81,0.721,0.593,21.03,126.06,2298.55,0.803,rice
126.94,55.45,58.91,24.82,81.44,5.82,1685.72,0.756,0.75,25.98,218.66,500.0,0.71,sugarcane
97.95,33.15,48.48,21.81,41.05,6.96,695.65,0.656,0.424,19.19,6.18,2500.72,0.869,wheat
139.72,57.87,36.16,25.96,87.98,6.64,1222.14,0.866,0.723,25.79,91.18,500.0,0.917,sugarcane
63.86,44.74,43.75,27.91,53.12,6.66,354.19,0.53,0.353,28.43,78.39,6428.66,0.634,chickpea
110.47,57.22,40.59,26.14,75.75,6.89,1106.84,0.578,0.649,24.17,159.36,500.0,0.859,sugarcane
25.09,25.98,48.72,27.6,59.26,6.12,598.64,0.523,0.441,29.16,57.78,6314.55,0.853,groundnut
31.12,75.73,17.09,19.41,45.96,7.84,278.7,0.477,0.368,18.8,0.0,6394.71,0.853,chickpea
73.13,32.35,59.27,29.68,64.29,5.58,772.6,0.543,0.548,30.09,24.21,2710.68,0.99,tomato
109.39,39.49,50.92,13.28,80.48,6.27,859.81,0.488,0.598,12.53,44.19,1719.59,0.697,maize
111.79,48.76,37.3,28.9,74.5,6.84,1175.66,0.693,0.64,31.84,40.67,500.0,0.849,sugarcane
57.88,41.67,54.01,27.63,78.08,6.17,1607.68,0.48,0.75,23.87,143.81,1636.9,0.888,rice
38.35,73.03,51.95,20.66,33.66,6.88,184.29,0.52,0.239,18.69,0.0,5951.35,0.583,chickpea
5.0,55.87,57.88,22.87,44.27,5.54,740.56,0.447,0.401,23.81,62.36,4977.03,0.909,groundnut
77.64,77.15,36.71,20.28,58.68,8.19,470.56,0.542,0.409,23.04,44.45,6532.66,0.842,chickpea
77.84,27.6,31.08,28.89,79.58,6.71,771.77,0.739,0.499,29.56,0.0,2304.24,0.708,tomato
91.75,60.81,53.41,15.06,84.47,5.35,639.58,0.645,0.424,15.31,22.28,2074.25,0.62,potato
73.95,50.02,56.2,28.58,79.95,6.26,797.93,0.634,0.47,25.14,42.93,2470.53,0.766,tomato
138.58,36.04,64.54,36.08,80.81,6.22,2003.12,0.633,0.75,34.14,160.42,500.0,0.792,sugarcane
54.01,59.34,45.45,17.62,51.05,6.71,480.3,0.503,0.347,25.18,53.26,1634.03,0.791,potato
104.05,51.34,44.18,25.76,49.37,6.91,571.43,0.731,0.409,25.31,0.0,3117.5,0.656,wheat
87.73,15.49,36.41,26.69,83.75,6.65,1603.27,0.527,0.75,26.8,189.36,2464.6,0.897,rice
69.6,44.87,28.01,19.65,49.72,6.89,391.21,0.487,0.402,22.32,91.02,6030.95,0.785,chickpea
80.96,28.61,48.93,22.07,70.45,6.57,869.39,0.651,0.562,21.82,60.03,6130.22,0.839,cotton
115.91,22.54,38.48,24.54,74.56,5.73,605.51,0.731,0.402,24.71,24.01,6120.24,0.698,cotton
102.22,51.47,40.7,14.67,45.22,7.03,363.47,0.545,0.278,12.93,0.0,2488.6,0.892,wheat
37.76,50.34,21.85,23.06,59.21,6.83,449.01,0.477,0.399,21.55,61.99,5685.68,0.671,groundnut
122.95,66.97,42.15,32.02,71.96,7.63,1143.29,0.74,0.653,32.17,90.71,500.0,0.696,sugarcane
107.72,46.88,31.43,18.35,78.75,6.59,720.33,0.642,0.527,18.17,104.43,1612.25,0.905,maize
77.22,44.75,36.41,29.11,59.08,6.57,764.41,0.573,0.561,30.76,104.91,2511.23,0.822,maize
88.37,46.86,50.55,21.03,69.57,5.23,556.17,0.629,0.454,18.99,100.81,1126.74,0.705,potato
64.09,22.0,23.58,27.17,68.5,6.77,509.56,0.632,0.359,25.0,5.56,1744.2,1.0,maize
44.75,61.38,16.27,25.69,59.37,6.85,431.16,0.421,0.48,25.05,81.05,5910.06,0.7,chickpea
69.35,20.2,43.7,30.51,38.4,5.87,909.75,0.482,0.486,27.59,110.0,5233.04,0.739,cotton
92.26,43.74,9.67,31.37,71.7,6.42,746.32,0.55,0.468,29.59,57.99,2562.57,0.83,wheat
101.31,30.34,41.91,27.05,52.28,6.19,1077.57,0.693,0.592,27.88,83.77,2450.81,0.931,maize
61.81,46.07,52.2,20.76,65.42,5.7,684.16,0.561,0.521,19.73,81.49,2367.32,0.83,tomato
23.24,48.87,45.04,21.54,77.79,6.92,846.28,0.51,0.592,20.13,114.57,5987.63,0.897,soybean
78.35,52.73,23.08,24.56,82.0,6.03,524.08,0.727,0.424,22.92,19.15,2134.43,0.828,tomato
81.75,44.22,33.71,18.63,78.52,6.2,810.68,0.59,0.601,20.54,90.79,7407.17,0.871,cotton
85.77,37.04,62.55,31.0,54.31,6.1,641.3,0.661,0.455,31.36,35.24,7024.19,0.598,cotton
57.58,35.78,39.89,23.69,77.88,5.79,790.54,0.636,0.582,22.96,86.78,5054.36,0.625,soybean
55.29,73.61,64.59,22.41,51.53,6.07,343.34,0.59,0.369,22.79,0.0,7181.99,0.572,groundnut
41.38,37.15,48.31,22.23,61.51,7.06,610.84,0.587,0.392,21.34,41.08,4377.88,0.798,chickpea
34.27,42.91,54.02,23.34,65.56,6.33,529.13,0.519,0.384,22.84,34.98,5880.49,0.64,groundnut
121.49,30.69,54.74,33.54,86.37,7.22,2071.13,0.7,0.75,34.98,158.67,500.0,0.793,sugarcane
46.92,43.5,41.49,28.68,44.68,6.26,706.46,0.45,0.501,26.08,52.02,4077.37,0.79,groundnut
87.36,40.16,44.43,21.25,94.23,6.41,762.47,0.634,0.568,17.41,77.88,2187.14,0.541,tomato
100.36,48.64,29.22,27.28,52.36,5.79,1029.8,0.501,0.557,26.99,115.34,1949.49,0.707,maize
81.97,39.65,47.16,26.55,42.42,7.96,461.86,0.589,0.379,26.89,114.92,2764.29,0.821,wheat
108.04,35.1,74.94,25.07,89.18,6.7,1862.41,0.767,0.75,27.96,193.7,500.0,0.868,sugarcane
66.08,41.75,35.94,18.92,55.16,6.18,412.16,0.487,0.281,17.15,52.06,2421.48,0.603,wheat
124.64,54.61,41.0,20.84,58.13,6.33,493.14,0.705,0.481,18.6,83.36,6363.04,0.748,cotton
73.15,41.34,61.52,28.86,78.05,5.47,537.26,0.558,0.429,29.29,50.47,2146.68,0.784,tomato
60.58,33.2,35.48,22.42,53.51,4.66,769.92,0.663,0.445,23.79,29.8,2187.87,0.869,tomato
26.32,41.95,38.07,33.72,32.83,7.51,676.06,0.381,0.463,32.14,140.76,4577.93,0.613,groundnut
111.61,52.16,38.53,18.46,54.86,6.51,820.61,0.557,0.566,17.4,128.29,2553.64,0.705,wheat
130.06,50.26,40.24,29.69,83.92,6.02,1092.26,0.704,0.736,27.21,57.86,2254.37,0.855,rice
78.68,55.88,58.25,22.25,65.14,6.39,893.25,0.623,0.533,22.23,174.43,2198.87,0.629,maize
16.23,41.81,43.25,21.65,45.46,7.45,389.88,0.462,0.425,24.72,94.02,6224.93,0.823,chickpea
77.87,55.35,51.39,22.97,66.64,6.63,656.93,0.627,0.403,25.06,124.71,2131.48,0.745,maize
109.86,38.74,52.84,26.4,64.87,6.26,1154.82,0.632,0.667,27.3,27.29,2560.14,0.95,rice
67.33,31.2,58.97,22.72,54.48,7.88,750.19,0.576,0.47,23.46,98.99,4736.45,0.527,cotton
91.01,46.86,35.67,23.75,53.27,6.1,594.39,0.582,0.514,25.81,94.55,2458.1,0.687,tomato
118.56,72.26,49.17,37.37,64.12,6.46,642.53,0.633,0.553,38.57,103.93,5658.92,0.595,cotton
122.26,41.62,55.81,27.6,52.5,6.3,881.27,0.706,0.472,31.02,128.57,8745.62,0.863,cotton
88.14,28.19,65.77,25.35,61.96,6.03,541.14,0.705,0.378,22.99,54.87,1903.22,0.66,potato
117.66,44.55,53.21,28.38,73.58,6.3,1647.15,0.735,0.75,32.29,217.98,500.0,0.677,sugarcane
73.52,53.62,28.36,15.8,62.84,5.71,439.31,0.533,0.388,17.1,40.71,1746.4,0.736,tomato
122.18,31.76,34.08,21.48,89.45,5.2,897.08,0.676,0.626,20.43,76.93,2085.98,0.867,rice
116.36,55.92,68.01,31.63,67.31,6.67,1391.29,0.596,0.75,27.91,169.95,500.0,0.773,sugarcane
57.45,54.57,73.21,23.4,66.7,6.72,547.9,0.537,0.436,21.12,92.98,6741.58,0.638,cotton
70.93,57.49,30.69,21.38,80.03,5.43,485.48,0.608,0.395,17.02,47.66,1890.48,0.697,potato
87.36,48.46,43.12,30.19,55.35,5.96,843.1,0.676,0.439,30.92,119.4,2648.92,0.944,maize
135.25,52.33,42.14,22.13,84.83,6.81,1569.59,0.798,0.75,19.38,159.4,500.0,0.774,sugarcane
66.63,59.35,19.93,30.42,50.24,6.2,603.55,0.496,0.491,30.66,84.25,5255.05,0.598,soybean
101.85,37.58,33.91,22.52,87.07,6.27,1495.01,0.754,0.75,19.61,115.58,2480.8,0.856,rice
56.37,55.11,54.39,24.11,54.15,5.52,699.51,0.678,0.45,26.36,42.75,4866.65,0.819,soybean
57.43,52.6,45.37,21.11,76.79,5.86,405.13,0.628,0.408,17.32,51.35,1903.98,0.694,potato
116.15,50.29,36.92,16.46,69.06,6.6,473.74,0.529,0.523,16.08,81.52,2454.94,0.859,maize
95.62,42.15,48.0,25.55,64.75,6.58,730.98,0.732,0.559,26.24,83.46,6835.96,0.763,cotton
63.8,40.08,29.58,24.36,55.61,6.01,665.09,0.453,0.39,20.65,23.77,6164.71,0.749,cotton
150.0,56.22,54.51,30.61,70.8,6.26,1547.88,0.679,0.75,27.63,152.72,500.0,0.717,sugarcane
85.56,30.5,38.23,26.72,66.32,6.64,731.15,0.63,0.502,28.31,2.7,6988.04,0.779,cotton
28.15,66.54,35.07,21.49,60.18,7.3,377.18,0.439,0.331,21.39,0.0,6588.48,0.687,chickpea
171.18,61.65,36.17,27.63,84.67,7.43,1478.23,0.797,0.75,27.5,173.19,500.0,0.686,sugarcane
107.25,55.59,34.42,25.16,81.89,6.84,1268.18,0.658,0.75,25.23,87.24,500.0,0.719,sugarcane
41.94,67.36,25.3,20.0,34.21,6.64,358.7,0.477,0.274,22.2,0.0,6055.91,0.626,chickpea
86.96,66.23,29.09,18.58,59.47,6.65,828.01,0.557,0.557,15.64,87.74,2452.31,0.875,maize
117.36,51.03,33.99,26.56,78.78,7.49,1046.49,0.663,0.54,30.16,110.29,500.0,0.62,sugarcane
32.31,34.63,39.73,26.56,41.18,6.03,1041.84,0.6,0.654,25.87,148.62,5219.88,0.779,soybean
89.9,69.71,40.99,33.54,76.46,5.86,1450.04,0.589,0.715,33.47,124.85,2267.4,0.847,rice
44.62,57.92,38.56,26.95,54.67,6.4,450.86,0.512,0.287,28.4,65.6,6340.35,0.869,chickpea
121.36,50.97,39.16,19.79,56.86,6.87,693.81,0.669,0.429,19.37,25.04,2494.56,0.814,wheat
87.79,47.27,22.17,22.9,85.45,5.86,733.95,0.619,0.494,20.37,92.65,1689.55,0.791,rice
61.46,48.01,21.05,20.49,67.15,7.0,1029.53,0.428,0.589,20.95,133.47,4510.31,0.76,soybean
126.5,58.62,43.62,26.56,77.77,5.39,914.53,0.746,0.568,23.56,101.6,2449.19,0.967,rice
98.94,32.2,40.75,25.19,63.92,5.94,483.58,0.77,0.436,23.79,25.89,6416.42,0.619,cotton
113.98,40.97,57.75,30.65,66.89,6.33,959.39,0.608,0.543,29.52,54.25,7612.75,0.749,cotton
110.36,29.4,49.44,24.98,86.0,5.73,1449.09,0.704,0.75,23.7,139.64,2390.07,0.712,rice
68.1,27.9,43.54,31.26,80.32,6.86,918.72,0.671,0.593,35.02,107.13,2422.85,0.955,tomato
17.23,52.2,30.44,28.62,69.22,6.56,617.03,0.482,0.435,28.31,63.02,5584.21,0.759,groundnut
70.79,46.42,51.92,24.08,64.19,7.37,678.73,0.575,0.493,24.97,96.87,2595.56,0.762,wheat
127.56,53.3,56.39,27.22,84.02,6.2,1061.4,0.762,0.657,29.74,99.41,1948.97,0.974,rice
131.05,45.53,36.93,25.69,61.76,6.15,1386.81,0.714,0.749,23.96,133.75,2304.46,0.869,rice
42.61,52.2,51.44,25.24,82.75,5.95,643.75,0.639,0.491,27.52,16.8,5008.78,0.859,soybean
110.44,49.13,47.97,20.15,49.69,6.23,901.5,0.675,0.429,19.66,104.71,3002.01,0.67,wheat
86.08,56.01,38.1,23.04,73.88,6.0,886.33,0.622,0.558,18.95,81.47,2051.81,0.824,rice
114.84,44.55,47.9,26.56,85.77,6.49,1450.1,0.728,0.75,27.03,91.69,2061.49,0.76,rice
38.53,71.08,38.54,24.9,56.05,5.7,560.98,0.477,0.49,27.46,25.82,4864.31,0.848,groundnut
62.7,41.15,38.43,22.7,77.73,5.7,685.36,0.594,0.56,22.8,96.58,1962.49,0.985,tomato
143.32,53.93,55.36,29.03,74.02,6.78,1170.5,0.721,0.703,29.62,123.5,500.0,0.819,sugarcane
71.98,42.91,30.0,16.53,45.26,6.34,482.61,0.615,0.339,19.65,61.65,1783.37,0.697,wheat
147.06,28.49,52.26,23.29,82.07,6.23,1572.32,0.849,0.75,24.3,154.39,500.0,0.756,sugarcane
32.61,63.05,47.51,26.89,53.97,7.12,483.68,0.483,0.385,28.55,98.52,6722.54,0.629,groundnut
63.42,36.33,33.22,13.81,41.68,7.97,471.04,0.332,0.341,14.73,66.75,2031.38,0.79,wheat
66.37,44.72,36.9,29.23,47.1,5.6,702.54,0.637,0.506,28.99,91.44,2364.56,0.872,maize
83.97,60.15,32.87,27.91,84.48,6.29,498.44,0.761,0.497,29.48,21.45,2095.68,0.662,tomato
71.28,40.98,48.24,21.7,54.92,5.81,698.06,0.604,0.508,24.68,0.0,1858.97,0.495,potato
101.7,42.4,38.22,17.74,60.0,7.13,658.08,0.734,0.392,18.07,24.71,2716.74,0.622,wheat
94.77,35.13,53.04,31.02,73.58,6.16,1590.18,0.518,0.75,34.97,227.79,1559.83,0.774,rice
94.28,39.33,40.85,24.68,74.76,6.69,679.08,0.647,0.499,26.25,67.6,1816.36,0.934,potato
83.44,36.79,26.15,13.14,53.6,6.14,938.65,0.589,0.577,9.48,109.89,2321.45,0.891,wheat
56.52,58.56,40.71,22.37,54.8,5.77,847.98,0.603,0.57,19.96,42.11,2574.03,0.893,tomato
66.19,45.56,44.53,24.88,76.26,6.37,457.45,0.719,0.379,23.58,24.9,5789.6,0.576,soybean
130.26,27.87,39.36,19.73,53.32,6.37,658.06,0.76,0.49,21.61,65.81,6263.86,0.968,cotton
138.32,55.65,57.04,29.15,76.45,6.39,1132.96,0.723,0.613,30.74,108.76,500.0,0.701,sugarcane
86.25,34.01,28.55,21.19,46.76,6.65,569.5,0.613,0.475,23.49,102.07,2279.73,0.755,wheat
152.63,43.72,47.16,23.14,61.52,7.57,1556.44,0.762,0.702,23.85,196.15,500.0,0.867,sugarcane
84.49,46.67,44.75,17.37,39.62,7.05,783.03,0.58,0.494,15.44,163.62,2572.72,0.763,wheat
113.26,34.39,19.93,23.22,59.21,5.9,696.87,0.669,0.549,27.27,67.73,7395.75,0.871,cotton
108.59,37.61,35.53,21.25,47.3,7.1,605.56,0.616,0.505,19.0,35.11,6192.79,0.912,cotton
132.67,27.83,57.7,28.42,45.87,6.15,1059.77,0.705,0.64,28.0,87.08,7028.63,0.723,cotton
47.96,30.81,48.71,27.4,45.25,7.16,557.43,0.749,0.439,28.1,85.88,7435.18,0.753,chickpea
137.13,32.28,57.98,22.43,85.05,6.14,794.87,0.682,0.491,19.84,75.65,500.0,0.938,sugarcane
76.12,19.16,35.45,21.41,94.9,6.19,1309.59,0.558,0.695,24.51,193.34,2337.22,0.647,rice
100.77,32.56,37.72,19.47,49.62,6.91,495.43,0.72,0.424,19.25,83.1,2682.14,0.706,wheat
89.42,37.64,33.99,21.34,33.71,7.54,731.11,0.503,0.508,24.33,80.58,7654.19,0.881,cotton
41.04,74.69,26.58,35.06,56.55,8.1,321.78,0.388,0.315,34.91,55.98,5014.82,0.787,chickpea
47.04,53.12,35.18,28.88,43.58,6.36,400.09,0.448,0.32,29.61,16.38,4740.25,0.808,groundnut
64.83,53.63,43.44,23.65,55.12,6.68,580.64,0.696,0.383,23.19,92.77,4745.67,0.829,soybean
49.32,30.75,55.78,18.43,81.04,7.07,607.37,0.474,0.52,17.62,42.7,2382.98,0.747,tomato
83.49,42.46,35.33,26.89,46.05,6.84,816.14,0.74,0.456,28.91,72.43,2732.31,0.713,wheat
6.2,69.7,49.04,25.06,44.39,6.54,673.28,0.61,0.405,24.57,34.29,5248.87,0.826,groundnut
50.75,61.33,32.09,23.83,47.44,7.56,448.84,0.563,0.395,27.1,23.7,7513.44,0.618,chickpea
121.46,52.38,44.16,18.06,64.73,6.71,685.01,0.757,0.539,19.36,63.17,1323.11,0.907,maize
34.44,56.32,28.15,19.69,54.87,6.5,204.43,0.452,0.376,16.43,0.0,5879.36,0.54,chickpea
50.4,45.68,51.08,29.08,57.92,6.46,702.54,0.515,0.425,30.29,37.98,2370.88,1.0,tomato
83.09,33.27,30.48,29.4,75.31,7.11,667.13,0.698,0.504,28.73,45.24,6682.41,0.711,cotton
66.28,64.08,38.51,20.07,43.99,6.37,829.98,0.379,0.417,16.85,123.98,2645.07,0.679,wheat
63.14,40.54,43.12,26.02,60.3,5.99,694.61,0.578,0.499,24.24,111.2,2339.93,0.864,tomato
62.21,38.72,41.22,25.87,70.25,5.94,736.45,0.635,0.526,28.7,72.27,7470.26,0.854,cotton
90.59,58.04,50.34,16.62,45.35,6.06,883.52,0.51,0.517,13.67,67.1,1820.08,0.734,maize
76.89,32.39,65.3,18.41,64.32,6.91,893.11,0.526,0.499,18.67,0.0,2153.51,0.823,maize
35.94,39.17,31.48,23.09,57.22,6.95,626.82,0.545,0.431,24.14,87.18,5756.23,0.606,chickpea
31.63,47.2,43.51,25.22,72.66,6.6,596.36,0.638,0.488,24.33,50.43,4817.39,0.96,groundnut
62.33,45.45,32.17,24.79,48.62,7.47,440.37,0.637,0.361,23.22,84.84,5035.58,0.64,chickpea
72.45,49.4,28.13,25.43,88.8,5.81,1523.08,0.663,0.75,22.96,115.35,2508.48,0.799,rice
70.23,23.89,37.17,17.83,67.17,7.02,635.56,0.574,0.56,15.51,41.33,3099.0,0.705,wheat
76.63,48.67,30.67,23.98,59.29,6.23,853.31,0.674,0.53,26.88,40.29,1628.7,0.761,maize
108.27,52.97,47.32,33.56,82.9,6.2,949.77,0.651,0.599,35.34,80.11,2596.23,0.889,rice
118.21,39.16,35.43,25.52,76.91,6.07,946.97,0.759,0.642,25.79,118.35,1937.06,0.764,tomato
81.51,24.35,44.69,29.52,72.89,5.77,952.25,0.728,0.584,29.52,122.21,1825.13,0.667,maize
60.87,30.53,35.65,30.0,54.75,6.36,668.39,0.609,0.56,30.05,54.77,5750.47,0.706,groundnut
49.99,48.98,40.12,15.74,60.83,6.07,507.35,0.396,0.426,11.37,50.51,1821.29,0.786,potato
48.85,52.35,53.17,32.22,66.38,6.55,703.33,0.506,0.46,28.85,98.29,5302.17,0.797,soybean
20.02,41.52,28.57,22.27,60.55,6.27,701.32,0.5,0.516,20.78,111.47,3917.87,0.852,soybean
88.4,54.64,21.71,17.54,59.79,5.88,513.43,0.576,0.437,17.03,61.13,1901.6,0.742,potato
136.95,33.58,50.07,23.43,55.81,6.35,636.78,0.684,0.472,19.33,129.92,6593.4,0.635,cotton
74.74,23.87,43.63,25.99,62.21,6.59,653.1,0.66,0.51,26.68,65.94,2051.55,0.963,maize
43.45,54.61,34.61,30.71,71.14,6.17,751.5,0.544,0.445,31.64,15.31,5905.24,0.753,soybean
51.62,48.93,48.53,23.57,54.33,6.76,606.29,0.586,0.436,21.25,63.62,6069.65,0.981,groundnut
119.54,49.01,56.23,20.46,87.81,7.24,1382.32,0.68,0.75,22.09,209.24,500.0,0.936,sugarcane
106.89,31.69,61.64,14.2,29.57,6.23,371.36,0.567,0.377,10.98,0.0,1962.64,0.778,wheat
72.73,43.71,42.45,24.92,76.73,6.15,600.39,0.619,0.403,23.21,128.71,1938.64,0.691,tomato
33.39,49.39,45.32,25.08,65.02,6.92,574.52,0.661,0.439,27.82,87.44,5665.34,0.838,groundnut
17.34,32.87,25.17,27.75,53.34,7.3,523.12,0.458,0.483,26.49,101.53,6931.24,0.521,chickpea
109.35,45.29,34.28,22.55,85.41,6.69,973.16,0.698,0.613,24.83,112.62,2435.21,0.813,rice
137.23,55.4,52.11,22.26,67.22,6.69,1729.69,0.696,0.75,20.46,185.52,500.0,0.712,sugarcane
86.48,62.62,15.9,22.44,73.42,6.46,1008.89,0.682,0.59,23.6,54.7,1464.59,0.759,maize
10.48,39.01,36.88,23.41,58.45,6.91,599.38,0.537,0.357,19.79,64.44,6268.74,0.722,chickpea
76.56,44.28,33.04,20.94,44.88,6.36,660.72,0.587,0.459,18.38,71.71,2759.4,0.739,wheat
97.53,10.65,68.54,25.95,65.35,7.45,735.05,0.665,0.576,26.87,94.02,5400.68,0.871,cotton
77.72,30.99,60.59,25.93,59.92,6.89,354.06,0.702,0.303,26.02,77.7,1751.28,0.847,tomato
96.46,44.9,45.63,23.88,78.95,5.47,707.99,0.692,0.454,23.46,150.83,1924.45,0.823,tomato
66.39,33.32,55.97,22.7,84.33,6.62,481.24,0.601,0.452,26.1,81.38,6561.47,0.729,groundnut
128.74,56.68,52.86,31.54,92.82,6.12,1482.68,0.657,0.75,31.97,135.93,500.0,0.688,sugarcane
58.45,53.32,42.12,19.74,56.43,5.63,547.48,0.421,0.461,22.46,94.9,1325.67,0.813,potato
21.08,53.7,30.9,24.03,55.33,5.41,638.49,0.605,0.487,20.15,79.95,6814.98,0.719,groundnut
124.42,46.58,37.02,22.84,76.81,6.65,1029.46,0.743,0.609,22.94,102.81,2281.66,1.0,rice
90.92,17.77,32.55,23.39,54.49,6.98,570.45,0.663,0.495,24.42,66.66,2441.53,0.774,wheat
136.54,59.06,74.21,22.98,74.53,6.37,1378.65,0.736,0.742,20.83,140.25,500.0,0.92,sugarcane
58.98,46.61,32.76,34.77,65.75,6.0,654.12,0.484,0.485,35.7,5.59,3996.61,0.771,soybean
52.16,20.61,48.6,27.73,65.85,6.35,1133.46,0.563,0.665,26.25,119.69,2351.89,0.829,tomato
100.19,43.78,25.66,24.29,46.32,6.59,496.2,0.547,0.381,19.88,58.68,5679.49,0.666,cotton
85.16,40.41,59.27,27.52,76.4,5.49,697.33,0.713,0.498,30.62,93.15,2764.15,0.703,tomato
124.52,30.38,35.44,23.28,48.04,7.03,915.16,0.667,0.477,21.12,29.82,2007.87,0.844,maize
58.31,42.46,12.61,24.08,66.33,6.93,541.26,0.578,0.413,23.97,57.31,2238.1,0.631,maize
124.53,38.15,50.9,22.69,97.95,7.52,1399.13,0.807,0.75,21.59,181.71,2249.96,0.713,rice
32.56,67.54,44.88,17.8,59.58,6.02,690.49,0.538,0.453,18.57,20.02,6558.93,0.682,chickpea
97.98,30.46,31.83,28.78,75.47,5.84,1382.49,0.668,0.684,28.97,92.77,2586.13,0.973,rice
49.81,54.26,24.15,27.21,58.31,6.51,678.1,0.523,0.46,27.16,51.67,4112.38,0.846,groundnut
88.77,67.2,22.68,16.26,67.06,6.01,808.05,0.434,0.508,12.01,81.91,1873.35,0.889,potato
13.7,47.22,31.81,24.65,76.98,5.82,683.05,0.582,0.524,27.12,52.36,5670.32,0.675,groundnut
136.12,71.43,53.75,21.89,80.73,6.5,1510.94,0.708,0.75,21.86,126.83,500.0,0.975,sugarcane
10.03,55.6,31.35,32.64,56.53,5.94,783.74,0.486,0.473,34.78,55.42,6467.79,0.938,groundnut
80.04,44.62,54.58,28.48,85.7,5.97,883.82,0.607,0.633,28.9,103.98,2339.76,0.65,tomato
83.41,45.34,24.98,20.85,56.53,6.8,457.69,0.6,0.309,19.59,45.63,2475.0,0.659,wheat
81.44,33.72,62.96,15.42,61.31,5.61,593.46,0.604,0.458,15.56,56.36,1817.25,0.811,potato
137.02,57.22,66.78,27.59,62.83,6.87,1266.1,0.676,0.673,26.56,89.33,500.0,0.846,sugarcane
77.34,49.19,40.74,20.91,68.8,5.98,1018.33,0.634,0.588,22.31,141.1,1825.48,0.794,maize
95.78,46.36,20.51,20.58,38.39,6.87,662.7,0.627,0.479,21.65,19.68,2216.58,0.666,wheat
108.2,75.65,40.5,25.18,70.29,6.62,1995.13,0.745,0.75,24.13,250.0,500.0,0.757,sugarcane
81.44,25.07,40.71,16.82,37.55,7.07,518.43,0.447,0.332,14.23,59.36,5478.98,0.829,chickpea
57.52,35.3,46.49,31.55,72.11,7.06,575.85,0.439,0.497,33.08,15.15,4642.41,0.758,soybean
116.69,45.34,51.82,29.01,53.63,5.64,337.1,0.536,0.347,26.18,0.0,5791.82,0.754,cotton
88.29,34.02,44.13,27.78,83.14,6.29,1027.31,0.601,0.616,29.14,79.77,2048.91,0.904,maize
118.98,53.08,53.55,25.38,80.09,5.85,1626.03,0.696,0.75,24.88,217.74,2260.38,0.866,rice
108.04,53.37,73.76,30.3,80.3,5.98,1379.67,0.616,0.714,28.7,74.68,500.0,0.887,sugarcane
44.72,55.3,31.93,20.91,56.18,6.51,963.42,0.522,0.592,19.81,91.92,4174.94,0.609,soybean
106.9,33.41,25.25,21.35,51.25,6.4,551.7,0.66,0.532,18.69,45.21,1305.11,0.79,maize
120.49,33.23,39.06,27.48,94.08,5.72,940.25,0.656,0.625,28.92,74.48,2252.05,0.732,rice
57.12,57.25,46.76,22.95,70.94,6.15,552.83,0.537,0.44,23.82,78.51,2611.01,0.687,tomato
50.96,42.15,14.48,17.37,47.78,6.45,461.81,0.432,0.441,19.66,99.82,2403.65,0.807,wheat
107.03,59.94,54.92,32.86,73.55,7.0,1505.4,0.539,0.674,33.72,156.63,500.0,0.638,sugarcane
92.56,34.09,45.29,19.87,56.88,6.94,993.16,0.658,0.632,21.38,73.44,2295.94,0.76,tomato
41.43,36.28,56.11,25.46,83.12,7.33,952.89,0.524,0.679,25.21,85.57,4497.26,0.755,soybean
95.65,34.23,50.3,34.18,70.66,6.84,1592.33,0.576,0.75,30.16,165.69,500.0,0.686,sugarcane
49.96,42.21,55.37,20.57,62.0,6.47,788.23,0.463,0.508,18.74,124.89,5110.57,0.714,groundnut
120.83,47.97,72.67,25.11,73.81,6.98,1666.89,0.78,0.75,26.49,151.53,500.0,0.804,sugarcane
116.03,39.32,55.18,23.17,54.2,6.1,818.98,0.682,0.502,20.61,79.54,6404.03,0.774,cotton
132.16,52.35,71.35,28.0,86.91,6.94,2200.0,0.793,0.75,29.26,210.87,500.0,0.67,sugarcane
6.16,52.53,55.47,25.89,47.73,6.23,612.11,0.483,0.381,29.93,8.27,7778.91,0.751,groundnut
141.76,42.36,51.82,34.64,96.02,7.15,1934.12,0.695,0.75,36.48,156.03,500.0,0.901,sugarcane
38.08,40.53,34.35,29.6,67.8,5.66,792.53,0.606,0.505,30.8,49.52,4701.52,0.899,soybean
129.62,25.8,52.31,25.55,75.44,6.38,442.11,0.799,0.495,24.69,67.97,7135.9,0.712,cotton
72.14,46.72,42.34,21.16,56.14,6.39,873.33,0.558,0.509,20.7,116.33,3826.68,0.876,soybean
79.91,51.86,48.22,13.31,74.2,5.66,488.56,0.452,0.365,17.38,79.3,2094.38,0.61,potato
88.15,25.4,47.59,25.3,62.35,6.22,542.58,0.599,0.472,27.84,69.12,2738.59,0.693,wheat
103.05,71.29,51.2,38.96,61.89,6.68,1887.8,0.491,0.75,39.76,250.0,500.0,0.727,sugarcane
77.05,30.4,15.24,18.5,69.27,6.93,767.13,0.64,0.561,18.16,117.6,2112.39,0.628,wheat
76.31,35.18,47.65,23.09,47.27,6.55,836.76,0.588,0.462,26.66,67.86,2382.59,0.774,maize
122.72,57.38,41.97,23.5,60.26,6.69,451.59,0.756,0.403,22.52,62.74,1978.39,0.823,maize
123.79,73.06,47.51,22.3,60.9,7.36,1383.74,0.691,0.741,17.13,174.7,500.0,0.759,sugarcane
70.33,51.72,43.51,22.37,52.53,7.13,503.35,0.588,0.334,22.68,63.0,6459.18,0.744,chickpea
95.44,42.03,28.37,21.96,58.83,6.96,692.73,0.551,0.504,24.83,47.24,2379.58,0.879,wheat
119.72,67.69,50.7,25.29,84.01,7.54,1571.23,0.686,0.75,23.38,165.05,500.0,0.602,sugarcane
54.66,49.88,56.35,26.02,64.59,5.01,623.74,0.579,0.45,27.25,131.87,2240.76,0.788,tomato
23.57,42.58,15.59,27.17,64.24,6.78,570.11,0.456,0.406,28.37,108.08,4805.68,0.781,groundnut
129.24,63.69,52.72,19.01,80.29,5.48,1424.48,0.717,0.728,18.41,119.94,2470.86,0.842,rice
94.94,38.46,66.44,21.02,54.43,5.29,698.47,0.616,0.482,19.69,147.75,2698.61,0.696,tomato
106.12,51.76,38.26,34.29,78.81,7.37,1346.8,0.568,0.695,31.41,99.98,1909.73,0.889,rice
121.19,39.74,58.84,17.42,73.54,6.38,1093.42,0.72,0.66,16.33,122.52,1773.94,0.915,rice
125.1,76.56,56.01,27.97,80.59,7.25,1668.13,0.682,0.75,26.58,165.73,500.0,0.984,sugarcane
80.55,47.32,52.8,19.06,36.01,5.92,446.95,0.508,0.289,21.44,68.05,6472.49,0.836,chickpea
97.83,53.99,28.13,21.23,43.0,5.93,738.75,0.579,0.431,23.31,92.43,5210.06,0.848,cotton
43.43,30.56,34.74,28.85,54.25,6.0,299.78,0.48,0.393,27.99,33.21,5154.15,0.731,groundnut
116.22,51.12,42.53,28.44,75.85,6.97,1411.97,0.764,0.745,30.43,130.16,2091.37,0.728,rice
138.88,50.93,30.63,27.82,81.35,6.85,1235.12,0.712,0.743,28.02,194.39,500.0,0.647,sugarcane
116.4,19.65,34.0,21.79,60.89,6.96,875.18,0.632,0.553,20.3,88.32,6333.98,0.694,cotton
121.62,19.75,46.79,18.14,58.23,4.95,503.01,0.613,0.447,18.52,106.58,1520.39,0.818,potato
64.89,41.69,41.53,25.76,80.66,6.3,387.26,0.666,0.356,25.14,62.85,1830.48,0.926,tomato
113.67,35.75,47.33,30.05,67.2,5.78,1543.96,0.59,0.75,34.13,188.69,2228.13,0.934,rice
91.54,44.63,47.04,30.09,72.61,6.52,751.26,0.65,0.525,29.4,81.53,8365.71,0.508,cotton
106.69,46.92,52.28,25.35,36.15,6.6,943.1,0.722,0.572,25.69,125.7,7318.41,0.575,cotton
91.36,25.78,32.05,20.63,86.71,6.21,821.68,0.669,0.57,24.02,60.38,2161.3,0.746,maize
122.65,42.41,22.8,14.69,61.42,6.05,773.62,0.54,0.604,15.73,59.88,2079.96,0.961,maize
101.48,50.27,35.03,30.84,80.06,6.68,749.65,0.548,0.548,28.33,110.42,2536.91,0.896,rice
126.6,51.23,40.02,28.33,66.39,6.59,630.96,0.647,0.416,29.52,40.07,8255.78,0.909,cotton
98.5,56.65,19.58,22.8,90.59,5.21,692.65,0.735,0.609,25.67,0.0,2682.69,0.858,rice
117.79,59.22,31.39,28.36,90.19,5.81,1059.94,0.733,0.725,28.09,109.34,2320.07,0.801,rice
103.7,14.5,25.72,29.84,64.07,6.99,918.92,0.592,0.594,32.02,79.18,1878.86,0.715,maize
141.5,51.3,56.7,29.54,83.06,6.96,1587.15,0.683,0.75,28.86,121.3,500.0,0.698,sugarcane
9.68,53.57,59.45,23.38,48.69,6.24,751.44,0.439,0.357,23.5,108.38,4917.99,0.845,groundnut
115.57,31.52,43.24,16.32,65.63,7.59,572.3,0.505,0.527,17.07,88.89,7528.47,0.657,cotton
38.52,54.28,43.42,25.66,61.32,6.63,753.91,0.56,0.52,22.18,88.45,2690.65,0.842,tomato
68.04,45.4,26.84,18.74,72.32,4.9,554.51,0.531,0.498,16.5,72.19,1970.9,0.747,potato
90.05,42.66,45.55,18.9,34.67,5.93,716.29,0.566,0.441,18.6,48.95,2167.95,0.725,wheat
98.9,46.52,28.08,21.34,62.69,6.58,772.75,0.62,0.512,22.79,27.57,2241.67,1.0,wheat
89.1,62.79,42.34,21.02,52.66,6.26,805.01,0.502,0.508,20.37,87.54,2735.46,0.653,maize
64.88,59.91,57.95,20.91,64.22,7.07,542.9,0.527,0.415,18.19,35.48,2027.64,0.72,tomato
41.38,40.21,30.3,17.68,56.53,5.72,631.73,0.422,0.477,14.96,24.25,1769.43,0.799,potato
19.32,75.39,35.51,24.8,86.26,6.13,427.63,0.525,0.444,23.85,38.21,5762.63,1.0,groundnut
83.46,48.29,32.55,22.73,57.99,5.42,1256.59,0.627,0.703,26.16,173.12,2528.6,0.969,rice
93.14,26.75,39.21,24.21,77.54,5.95,747.43,0.603,0.54,22.47,129.67,2798.87,0.964,tomato
73.69,34.8,43.06,16.76,43.42,5.84,694.07,0.558,0.441,17.94,136.75,2735.15,0.862,wheat
60.12,62.1,58.79,21.79,62.34,5.19,635.42,0.596,0.472,21.76,29.33,5075.0,0.664,groundnut
58.92,60.13,42.18,23.51,36.64,6.6,534.14,0.453,0.407,23.28,83.15,6906.21,0.634,chickpea
83.43,44.06,37.79,22.11,53.04,6.08,441.34,0.606,0.534,23.27,133.02,2650.16,0.675,wheat
70.48,46.47,33.21,26.03,65.57,5.74,698.52,0.583,0.407,23.29,62.46,2548.48,0.766,maize
123.68,16.7,55.35,27.22,82.35,5.79,1042.34,0.751,0.75,29.23,148.53,2136.64,0.79,rice
67.88,36.65,41.1,33.55,71.9,6.34,659.85,0.564,0.491,33.58,41.94,7628.75,0.686,cotton
85.9,56.44,27.11,20.07,51.17,5.52,598.49,0.693,0.452,18.54,48.75,2049.53,0.655,potato
35.34,76.08,35.69,16.18,71.8,6.75,670.88,0.5,0.445,15.34,80.87,5465.52,0.768,soybean
71.48,40.01,54.68,18.27,61.49,6.74,732.78,0.603,0.546,20.09,51.76,2345.56,0.832,wheat
36.33,55.15,60.6,22.97,70.51,7.52,884.18,0.565,0.552,21.04,78.28,4210.44,0.767,soybean
71.88,36.38,28.57,27.29,49.84,6.77,682.39,0.562,0.425,26.74,71.88,6073.91,0.535,groundnut
43.38,60.38,24.79,23.01,56.49,6.86,955.97,0.528,0.506,21.06,98.82,4821.08,0.756,soybean
132.62,56.27,44.43,30.4,70.45,7.24,2092.93,0.649,0.75,29.09,245.25,500.0,0.945,sugarcane
88.78,58.18,49.93,24.93,58.65,5.59,584.97,0.625,0.425,24.38,46.63,1978.46,0.824,tomato
21.09,61.54,51.56,27.39,61.1,6.19,477.01,0.512,0.508,27.85,0.6,4313.73,0.616,groundnut
118.59,53.64,54.02,29.54,71.6,6.54,1583.58,0.688,0.75,27.89,200.76,500.0,0.573,sugarcane
47.94,41.91,62.21,22.81,51.07,5.26,552.01,0.516,0.436,20.32,88.75,1788.12,0.696,potato
98.25,32.89,56.16,21.68,36.65,6.84,604.52,0.631,0.497,23.09,52.55,1897.12,0.867,wheat
97.92,45.77,27.88,32.76,34.82,5.85,727.13,0.563,0.532,33.15,69.16,7466.66,0.516,cotton
106.44,48.24,60.38,22.53,65.89,6.42,709.77,0.646,0.547,21.51,39.9,2661.62,0.699,maize
81.59,55.19,44.18,19.55,66.93,7.2,453.51,0.526,0.43,19.27,72.18,2252.72,0.862,wheat
30.79,42.74,33.26,21.2,65.5,6.3,524.02,0.439,0.429,15.95,46.7,5854.97,0.784,groundnut
87.46,50.71,35.34,14.68,42.85,6.43,788.03,0.513,0.415,15.49,49.43,2212.0,0.877,wheat
131.85,35.09,42.87,27.31,82.94,6.23,1448.6,0.711,0.75,26.24,151.6,2419.67,0.872,rice
46.74,59.39,54.37,22.09,42.0,6.35,373.98,0.478,0.311,21.73,64.08,5574.49,0.611,chickpea
31.06,76.14,54.94,27.74,45.97,6.94,386.49,0.439,0.396,26.27,29.22,6140.1,0.889,chickpea
44.16,42.4,53.78,24.55,61.26,6.55,735.6,0.541,0.521,22.66,133.83,4895.47,0.798,groundnut
78.34,18.57,39.0,25.45,57.16,7.13,818.64,0.673,0.533,24.58,51.98,5742.98,0.681,cotton
119.34,39.0,48.04,26.76,68.61,6.37,914.3,0.596,0.606,27.74,67.82,6627.01,0.796,cotton
76.95,46.84,37.78,31.33,79.31,6.7,685.7,0.59,0.535,33.97,33.95,2380.71,0.88,maize
79.16,44.16,35.38,18.17,79.86,5.56,583.29,0.554,0.442,20.63,10.67,1776.95,0.646,potato
33.7,66.18,35.56,18.3,64.29,7.07,617.68,0.526,0.472,21.97,48.65,5432.48,0.86,chickpea
99.28,34.99,61.21,26.28,59.19,5.99,783.64,0.654,0.569,26.65,52.76,2695.49,0.825,maize
76.27,58.89,19.3,18.19,75.96,6.61,815.93,0.541,0.573,18.57,92.07,2078.71,0.874,maize
77.85,52.56,54.89,27.29,49.78,7.27,758.54,0.64,0.423,28.31,114.46,6193.43,0.93,soybean
46.48,57.8,27.86,25.61,73.21,6.26,865.27,0.594,0.534,25.91,38.62,4981.98,0.718,soybean
13.7,46.97,52.35,29.19,58.15,5.81,628.12,0.471,0.341,30.75,61.96,6846.13,0.65,groundnut
48.21,70.24,38.83,25.68,61.39,7.86,351.16,0.545,0.336,23.94,81.38,5521.88,0.662,chickpea
36.97,51.07,30.89,18.6,51.61,7.36,361.36,0.488,0.311,18.42,16.5,7386.46,0.701,chickpea
126.76,21.72,43.53,26.14,58.29,7.42,531.41,0.701,0.499,25.49,20.39,7276.17,0.831,cotton
54.65,56.63,42.69,30.46,66.25,6.19,770.18,0.565,0.521,30.54,52.45,4322.71,0.65,soybean
117.44,32.55,28.95,24.7,71.0,6.6,725.3,0.685,0.558,24.33,28.84,2037.04,0.979,rice
56.82,13.06,22.29,25.5,75.73,6.46,937.34,0.634,0.636,25.21,77.47,1914.01,0.965,rice
71.92,39.21,24.49,25.57,69.11,6.81,555.31,0.532,0.479,26.26,20.24,1695.18,0.964,tomato
150.73,55.74,66.8,33.68,73.57,6.46,1330.82,0.688,0.669,32.78,174.98,500.0,0.565,sugarcane
22.07,47.44,43.73,31.9,66.58,6.22,547.7,0.393,0.441,31.32,66.07,5080.31,0.812,groundnut
52.06,34.05,37.13,21.22,69.12,7.05,1178.6,0.576,0.698,20.02,99.05,5724.52,0.762,soybean
125.45,17.23,13.64,24.94,59.65,6.19,629.21,0.714,0.489,22.88,60.2,6926.32,0.805,cotton
42.23,52.31,37.76,19.14,38.49,6.94,365.44,0.415,0.334,16.47,25.26,6525.86,0.807,chickpea
39.58,67.01,59.93,25.12,42.12,6.63,461.77,0.697,0.446,26.2,39.03,6869.96,0.719,chickpea
61.65,63.24,39.09,21.53,47.06,6.18,589.31,0.606,0.462,19.98,70.95,4871.45,0.688,soybean
106.61,75.06,62.85,24.86,49.54,6.95,1763.53,0.624,0.75,24.34,180.0,500.0,0.929,sugarcane
97.19,55.48,41.44,29.21,70.69,4.89,773.05,0.666,0.472,29.93,81.35,2600.26,0.854,tomato
121.09,71.97,48.02,23.97,89.1,7.22,1221.31,0.761,0.75,22.16,126.39,500.0,0.681,sugarcane
114.25,52.93,47.13,28.52,73.13,6.59,879.82,0.686,0.557,28.79,56.8,2368.04,0.768,maize
53.58,58.42,37.68,18.08,43.22,6.95,448.26,0.466,0.4,22.71,59.0,5846.2,0.778,chickpea
92.28,36.19,47.16,24.71,70.47,6.33,1170.25,0.718,0.641,26.35,59.71,2137.67,0.852,maize
126.18,48.55,59.89,31.19,80.19,6.66,1553.66,0.553,0.75,29.99,143.65,500.0,0.867,sugarcane
72.48,58.18,38.99,27.68,60.46,7.64,780.38,0.597,0.468,27.42,47.95,2781.79,0.64,maize
73.19,53.67,44.28,20.92,64.4,6.65,677.06,0.543,0.534,18.61,37.79,1583.73,0.863,potato
34.79,62.59,25.39,27.99,54.32,6.95,447.41,0.689,0.385,24.69,26.93,7493.4,0.887,chickpea
83.6,33.0,44.35,36.46,46.93,6.9,581.64,0.557,0.389,38.53,65.93,5602.06,0.77,cotton
104.82,37.07,38.23,18.62,42.24,7.35,510.15,0.496,0.415,18.93,88.44,2500.97,0.772,wheat
112.34,49.41,52.56,22.0,84.02,5.3,982.81,0.842,0.603,21.96,122.85,2187.2,0.748,rice
20.4,76.92,33.51,17.24,60.4,6.46,564.47,0.419,0.421,14.63,19.92,6656.45,0.536,chickpea
71.22,50.5,52.12,21.68,46.92,6.04,504.53,0.587,0.39,18.57,0.0,2106.95,1.0,maize
63.16,31.36,26.67,27.84,75.7,5.14,584.99,0.608,0.49,24.8,55.38,2378.09,0.775,tomato
117.62,37.73,35.0,29.31,96.56,6.07,704.76,0.697,0.564,26.49,81.18,2290.24,0.832,tomato
125.94,50.78,71.15,26.84,67.3,6.82,1158.15,0.664,0.703,28.82,121.31,500.0,1.0,sugarcane
117.21,51.38,40.91,22.79,56.06,6.15,1472.58,0.72,0.75,23.46,168.0,500.0,0.834,sugarcane
43.84,51.8,28.11,24.18,76.24,6.2,723.46,0.508,0.524,26.98,144.91,5457.8,0.748,soybean
132.31,42.99,36.83,29.79,68.25,6.14,922.38,0.721,0.539,29.36,97.09,2145.84,0.734,maize
69.29,33.68,53.96,21.58,89.63,5.65,628.93,0.628,0.583,21.39,72.66,1964.13,0.749,potato
30.94,45.69,24.39,31.74,51.04,6.56,714.09,0.426,0.503,29.68,157.01,6614.65,0.741,groundnut
99.19,52.13,52.46,17.32,76.36,6.16,483.81,0.532,0.456,16.15,11.78,2263.56,0.633,potato
123.7,47.2,52.22,23.56,68.96,7.27,769.31,0.757,0.597,22.39,51.24,1825.3,0.832,wheat
54.12,65.41,49.02,26.64,70.51,6.94,902.86,0.569,0.593,29.65,91.87,4444.25,0.728,soybean
55.72,11.6,46.88,13.56,45.79,6.94,464.13,0.57,0.393,16.51,82.9,1486.33,0.854,wheat
70.38,41.62,34.09,25.58,51.33,6.26,743.95,0.561,0.448,24.02,0.0,2604.07,0.874,wheat
84.78,34.44,44.93,27.21,66.01,7.39,722.94,0.581,0.523,25.86,89.64,1837.6,0.78,maize
64.03,56.19,36.94,22.61,44.92,7.17,399.6,0.539,0.351,23.15,82.86,7192.3,0.811,chickpea
82.94,49.85,63.94,30.51,73.49,7.5,733.35,0.496,0.502,31.29,75.96,5691.11,0.587,cotton
64.29,58.22,33.61,24.25,79.59,7.2,621.9,0.768,0.511,29.32,15.89,4433.74,0.575,soybean
106.57,57.28,33.43,30.52,96.86,7.31,1644.1,0.615,0.75,31.65,203.63,500.0,0.739,sugarcane
56.35,51.82,57.97,21.31,66.02,5.75,634.1,0.586,0.511,21.65,60.45,1751.39,0.687,potato
57.93,48.22,17.53,29.56,71.62,6.82,794.19,0.479,0.532,28.6,56.66,5978.2,0.691,soybean
5.0,56.48,34.84,31.29,57.67,6.41,544.82,0.245,0.507,32.28,66.03,5746.25,0.776,groundnut
121.41,55.18,29.26,18.17,52.91,6.62,744.58,0.579,0.534,19.91,86.46,3098.26,0.909,wheat
74.99,40.58,34.64,24.47,36.83,6.62,560.48,0.559,0.365,25.01,61.17,2329.2,0.645,wheat
63.78,53.83,28.48,24.95,47.76,6.73,578.16,0.584,0.338,21.0,99.0,1752.36,0.805,wheat
54.15,61.75,23.36,23.86,82.01,5.35,513.97,0.641,0.359,22.35,121.26,5948.28,0.703,groundnut
14.41,42.81,33.4,27.03,54.18,5.79,599.94,0.625,0.423,29.64,5.88,5136.28,0.89,groundnut
126.12,48.84,28.9,29.4,58.92,7.18,636.49,0.607,0.486,32.69,71.92,6955.79,0.629,cotton
103.88,34.39,53.92,28.28,63.56,6.54,1383.7,0.632,0.75,27.04,132.46,2453.65,0.858,rice
39.17,46.33,54.0,17.22,55.11,6.1,693.83,0.501,0.477,16.55,43.55,4553.1,0.728,soybean
89.92,40.37,17.1,21.98,62.24,7.85,803.79,0.515,0.529,25.6,102.2,2518.31,0.87,wheat
81.89,46.43,48.05,28.95,80.93,6.54,986.31,0.598,0.629,27.02,113.8,1567.58,0.931,rice
48.66,58.22,21.91,25.27,46.69,6.79,562.06,0.463,0.4,22.38,36.64,5499.37,0.825,groundnut
31.6,36.85,55.66,22.82,64.88,5.94,256.47,0.567,0.241,21.0,90.95,8522.87,0.762,groundnut
120.76,47.14,41.98,27.02,79.33,5.59,1185.04,0.629,0.659,25.84,95.59,1852.84,0.877,rice
51.75,40.6,26.88,22.77,47.03,6.13,853.09,0.449,0.604,22.98,73.53,2244.28,0.868,wheat
100.72,37.81,38.85,23.66,74.32,6.56,1443.0,0.655,0.75,19.81,85.84,2030.23,0.854,rice
36.3,47.69,46.54,24.83,64.71,6.76,658.73,0.585,0.426,23.61,86.7,7930.47,0.726,groundnut
88.08,60.61,36.58,25.82,39.91,7.19,478.9,0.665,0.393,25.66,28.91,7462.67,0.924,cotton
81.31,60.06,52.49,15.85,77.08,6.23,707.68,0.567,0.432,18.16,3.29,1554.21,0.815,potato
137.39,29.7,56.03,21.29,41.37,5.78,831.45,0.688,0.522,24.64,42.43,8264.38,0.71,cotton
109.4,46.44,43.89,28.02,68.92,5.85,871.21,0.76,0.543,29.13,105.63,1983.77,0.914,maize
93.12,39.49,17.24,10.52,65.3,6.56,680.46,0.459,0.527,8.73,104.71,3044.08,1.0,wheat
50.32,54.99,25.53,21.72,38.35,6.24,456.62,0.584,0.35,19.8,17.48,7035.22,0.867,chickpea
66.03,56.7,55.76,23.17,68.65,6.81,684.0,0.568,0.451,23.62,38.78,8152.08,0.888,cotton
43.08,54.17,42.97,34.47,80.72,6.46,702.39,0.538,0.572,35.56,93.46,6296.95,0.688,groundnut
101.23,43.96,41.52,24.4,50.04,7.1,816.31,0.779,0.455,25.21,47.98,2038.59,0.816,wheat
108.04,36.39,20.3,27.38,78.85,6.11,1701.24,0.738,0.75,26.38,187.53,2338.67,0.96,rice
124.27,38.95,36.54,22.7,69.86,6.58,1300.97,0.7,0.71,22.61,122.78,2370.64,0.894,rice
117.6,21.33,29.91,31.18,78.97,7.15,908.7,0.616,0.599,32.38,79.35,1556.79,0.911,maize
70.34,69.9,52.49,19.79,66.34,6.39,776.35,0.495,0.486,21.06,110.42,1718.91,0.656,potato
116.45,51.37,63.08,27.31,65.66,6.14,703.87,0.681,0.484,29.58,77.91,8777.83,0.775,cotton
72.38,19.03,33.46,23.79,42.14,6.74,706.62,0.599,0.47,24.19,42.22,2939.49,0.905,wheat
93.59,60.16,50.21,22.64,65.31,6.25,730.93,0.638,0.491,24.99,57.98,2644.4,0.828,tomato
65.62,62.13,14.22,27.39,66.44,5.97,810.1,0.706,0.579,26.17,59.9,5103.14,0.85,soybean
109.78,49.32,39.82,17.26,58.24,6.55,413.98,0.587,0.374,19.38,0.0,2484.67,0.664,wheat
134.56,49.67,43.89,23.75,78.51,6.04,1156.46,0.771,0.627,21.34,133.24,2024.57,0.815,rice
90.3,27.01,22.77,28.93,74.64,5.62,1511.23,0.65,0.684,30.85,113.89,1636.4,0.768,rice
60.61,44.54,21.86,16.57,63.92,6.14,582.36,0.509,0.45,19.54,0.0,2573.5,0.752,wheat
31.03,67.42,35.01,23.36,44.53,7.01,222.1,0.577,0.385,21.23,0.0,6929.86,0.847,chickpea
122.62,56.63,60.46,23.02,80.99,6.14,1756.47,0.786,0.75,25.46,120.56,500.0,0.944,sugarcane
119.17,46.79,58.47,22.58,71.33,7.35,1844.39,0.688,0.75,25.57,175.38,500.0,0.82,sugarcane
101.52,39.14,45.04,27.32,71.69,6.34,1170.05,0.711,0.655,24.74,126.35,2275.7,0.742,rice
74.5,75.5,30.05,23.56,62.04,7.34,422.93,0.58,0.434,25.82,102.34,4854.93,0.575,chickpea
92.58,33.69,56.17,22.65,49.2,6.35,805.9,0.736,0.51,21.3,52.72,8440.78,0.624,cotton
106.28,72.38,39.85,34.75,85.84,7.01,1784.92,0.698,0.75,35.08,178.3,500.0,0.759,sugarcane
107.65,31.51,49.67,20.49,56.23,6.43,622.45,0.648,0.433,19.74,59.13,6068.73,0.628,cotton
108.01,22.29,17.18,28.78,55.03,6.99,559.44,0.611,0.484,29.65,20.9,7035.71,0.94,cotton
88.2,12.31,46.62,29.73,60.18,6.09,550.91,0.522,0.428,27.73,95.62,7793.88,0.855,cotton
94.06,63.73,73.04,15.98,62.4,5.83,597.19,0.597,0.479,15.28,56.29,2052.0,0.603,potato
51.64,24.73,38.84,26.44,71.94,5.61,525.74,0.655,0.51,27.46,65.02,1494.53,0.869,tomato
35.57,57.54,36.48,28.18,58.35,6.82,294.52,0.506,0.364,29.45,0.0,5866.88,0.405,chickpea
67.67,57.21,24.55,27.29,47.3,6.79,461.93,0.657,0.436,28.43,77.24,6905.79,0.608,chickpea
114.1,27.66,33.95,22.77,90.21,7.07,1152.46,0.666,0.623,23.3,94.17,2018.92,1.0,rice
106.62,66.0,18.34,26.77,71.52,6.04,670.2,0.758,0.546,27.68,48.82,2443.18,0.736,maize
57.67,46.52,30.96,24.56,59.91,6.22,604.73,0.639,0.513,22.81,56.38,4011.46,0.829,soybean
38.51,43.92,28.85,29.8,66.03,7.07,554.84,0.555,0.445,29.72,44.23,4000.4,0.856,soybean
84.5,41.44,33.37,24.45,69.19,5.83,1066.95,0.624,0.542,21.7,106.26,2390.88,0.9,maize
65.71,55.54,41.48,24.85,79.13,5.93,493.05,0.476,0.45,24.45,0.0,1729.08,0.784,tomato
100.97,36.55,61.88,29.12,49.34,5.41,506.82,0.714,0.399,28.27,5.78,2537.04,0.773,tomato
111.57,51.71,43.28,22.7,60.37,7.0,1212.42,0.711,0.635,20.07,106.96,500.0,0.79,sugarcane
91.4,36.67,39.19,27.23,55.24,6.2,838.33,0.667,0.555,26.62,57.28,1573.49,0.791,maize
61.71,37.71,25.81,23.24,65.04,6.12,728.77,0.616,0.425,22.93,66.64,2180.23,0.765,tomato
110.88,35.08,27.94,22.43,67.14,6.29,716.63,0.767,0.449,19.81,64.9,2168.14,0.891,tomato
130.83,65.22,61.06,33.82,66.81,6.6,2072.64,0.503,0.75,34.12,201.07,500.0,0.848,sugarcane
24.86,31.78,32.25,18.46,42.01,6.48,579.6,0.373,0.395,18.04,49.25,8185.4,0.496,chickpea
56.83,44.0,46.52,24.06,63.04,6.6,651.5,0.691,0.465,25.3,116.1,5542.79,0.649,soybean
35.79,48.94,11.78,27.34,44.74,6.81,672.84,0.466,0.448,24.16,44.88,5991.74,0.812,chickpea
51.28,70.73,40.83,29.37,61.15,5.91,473.57,0.526,0.43,30.88,67.02,6303.2,0.732,groundnut
76.74,53.35,54.51,26.79,84.7,6.26,1180.91,0.596,0.633,25.56,83.93,2293.55,0.972,rice
77.83,27.82,38.38,26.94,45.45,6.79,955.78,0.692,0.523,28.28,114.84,6954.3,0.768,cotton
44.34,33.27,19.8,28.45,64.54,5.94,592.82,0.488,0.483,29.65,79.99,6091.92,0.731,groundnut
77.95,43.18,38.81,26.35,61.68,5.66,796.76,0.653,0.458,29.5,53.13,2156.24,0.985,tomato
109.38,61.71,10.41,27.26,57.84,5.93,756.29,0.585,0.524,27.64,84.95,2379.41,0.971,maize
36.27,51.71,29.42,16.59,57.73,6.47,764.83,0.463,0.444,15.22,108.9,4939.61,0.651,soybean
88.36,45.66,39.92,17.38,35.86,6.47,721.51,0.493,0.534,17.43,76.88,2303.8,0.751,wheat
111.21,65.33,22.08,15.79,72.78,5.14,582.63,0.61,0.454,16.87,34.0,1194.07,0.828,potato
21.98,68.84,42.8,19.8,40.18,7.98,380.66,0.595,0.424,19.63,0.0,6537.52,0.832,chickpea
74.63,44.37,40.05,21.86,65.4,6.12,906.7,0.658,0.592,24.8,0.47,1968.93,0.707,maize
84.1,36.71,45.66,18.46,56.38,6.48,629.22,0.468,0.439,19.78,116.8,6887.24,0.73,cotton
72.06,71.27,35.22,26.0,73.06,5.24,999.28,0.526,0.659,27.37,18.04,3151.88,0.933,soybean
75.75,26.28,49.0,27.5,51.22,6.25,986.45,0.602,0.589,30.44,161.84,4801.56,0.931,soybean
61.89,56.33,56.19,32.65,56.53,6.03,457.14,0.451,0.326,33.15,10.72,5118.34,0.83,groundnut
60.13,55.32,43.22,23.38,59.13,7.99,386.75,0.63,0.39,23.42,59.89,6239.87,0.732,chickpea
77.59,19.11,39.39,22.68,72.2,5.5,564.56,0.696,0.455,24.41,37.49,2182.03,0.831,tomato
23.08,32.67,45.02,25.83,58.11,7.38,835.16,0.615,0.521,22.58,2.19,4070.01,0.925,soybean
67.95,23.52,34.78,26.79,51.29,7.68,405.39,0.587,0.43,28.58,124.51,6600.25,0.72,chickpea
35.76,56.12,48.89,26.75,60.48,6.49,492.2,0.576,0.501,28.33,27.27,6127.77,0.446,chickpea
94.99,40.35,48.6,28.22,61.63,6.52,377.85,0.612,0.363,26.72,18.32,7315.79,0.827,cotton
147.25,65.43,48.75,27.54,70.26,6.48,1448.29,0.804,0.74,30.1,122.05,500.0,0.77,sugarcane
107.21,39.9,52.13,23.32,49.78,5.97,861.31,0.611,0.485,24.4,77.31,6601.22,0.703,cotton
51.17,39.47,11.15,26.25,82.82,5.58,759.12,0.564,0.566,25.91,28.31,4093.61,0.707,soybean
141.14,57.71,49.63,23.81,87.14,6.33,1578.37,0.821,0.75,24.26,206.53,500.0,0.744,sugarcane
8.13,63.44,23.01,28.97,49.24,5.97,699.77,0.413,0.455,31.28,91.1,6371.76,0.677,groundnut
84.46,39.47,21.67,20.39,58.91,6.9,712.08,0.547,0.432,18.58,43.23,1557.23,0.759,wheat
103.13,64.37,33.21,15.01,48.66,6.02,609.49,0.49,0.449,13.45,0.0,1701.77,0.894,potato
26.49,35.82,50.03,20.21,75.29,6.74,819.24,0.478,0.578,22.36,102.66,4317.42,0.817,soybean
39.57,15.25,54.06,23.69,80.35,5.22,749.61,0.61,0.501,21.56,38.59,1966.95,0.76,tomato
84.36,47.06,60.32,16.38,70.04,4.97,686.99,0.457,0.524,12.7,32.52,2026.23,0.886,potato
113.06,49.46,53.07,24.48,58.17,6.34,627.58,0.68,0.435,23.53,96.07,5892.63,0.677,cotton
41.86,59.82,44.83,25.52,56.43,6.77,606.08,0.578,0.445,26.21,44.22,6514.74,0.652,groundnut
76.31,47.27,46.9,17.2,63.97,6.34,561.26,0.557,0.398,16.31,12.99,2300.7,0.868,potato
94.25,26.6,46.27,29.21,63.49,5.63,952.78,0.639,0.594,29.59,130.55,2190.7,0.773,maize
125.85,34.59,34.47,21.42,68.78,5.8,1122.85,0.699,0.658,24.31,95.26,2383.7,0.786,rice
118.3,45.53,57.4,35.51,77.61,6.64,1510.68,0.531,0.694,36.7,80.15,500.0,0.806,sugarcane
75.91,37.91,18.0,21.25,60.96,6.3,670.13,0.463,0.444,21.32,58.5,4530.47,0.744,soybean
72.03,45.3,38.74,24.32,68.06,6.77,630.57,0.626,0.462,22.92,70.91,1776.12,0.669,potato
122.96,51.25,32.71,28.71,70.96,6.3,996.84,0.778,0.527,31.18,101.05,2038.48,0.867,rice
100.71,29.71,56.97,23.58,100.0,6.24,1528.66,0.575,0.75,26.24,163.99,2873.99,0.899,rice
68.66,27.48,31.11,18.94,61.68,6.07,958.68,0.437,0.589,18.37,73.18,2336.95,0.847,wheat
61.71,40.44,41.72,20.51,75.86,5.62,834.63,0.561,0.557,21.82,118.5,1970.17,0.621,maize
120.04,16.59,27.45,16.7,56.61,6.76,704.05,0.558,0.507,13.59,6.64,1559.19,0.73,wheat
100.82,36.19,45.56,20.38,73.4,6.17,708.93,0.644,0.604,14.61,53.51,2086.57,0.956,tomato
60.07,43.64,34.64,29.45,38.25,6.56,583.95,0.546,0.354,26.04,136.95,5915.65,0.954,groundnut
39.1,40.46,18.72,23.16,53.39,6.83,618.76,0.491,0.426,21.7,22.67,5648.91,0.851,groundnut
38.8,79.36,26.07,21.16,51.32,5.37,711.08,0.39,0.491,18.67,68.66,1629.94,0.731,potato
111.89,20.17,30.7,33.37,52.32,6.88,718.23,0.518,0.453,36.77,193.96,6666.82,0.711,cotton
116.68,66.12,34.14,21.46,67.12,6.18,1218.65,0.772,0.697,18.55,98.03,2003.62,0.823,rice
5.0,46.07,36.51,20.43,71.44,6.18,594.52,0.514,0.424,21.0,2.21,6274.81,0.705,groundnut
64.07,35.15,36.76,18.27,71.46,6.29,779.29,0.585,0.546,17.2,107.32,1752.02,0.72,tomato
70.71,52.32,55.92,20.32,66.84,6.44,459.8,0.483,0.312,23.2,17.07,1711.39,0.742,potato
95.93,48.87,57.7,27.68,76.75,6.59,1435.59,0.644,0.73,31.73,201.04,500.0,0.872,sugarcane
73.62,52.06,16.34,22.96,46.06,6.83,653.29,0.596,0.374,21.32,54.43,2064.5,0.829,maize
36.63,45.0,35.91,29.52,45.09,5.12,724.26,0.517,0.446,33.92,62.42,3912.8,0.786,groundnut
95.59,42.46,27.91,16.7,63.82,6.64,455.54,0.436,0.513,14.73,21.54,2842.11,0.659,wheat
33.04,48.84,28.16,24.59,49.79,6.72,480.22,0.553,0.33,24.37,54.43,5979.56,0.793,chickpea
73.99,32.63,42.02,20.63,77.79,6.71,829.14,0.536,0.619,20.98,106.22,1638.18,0.702,maize
98.84,35.6,26.54,29.94,67.53,6.12,699.57,0.709,0.421,30.09,74.3,1941.18,0.818,wheat
130.91,35.38,53.98,33.31,85.13,5.91,1642.62,0.683,0.75,36.99,134.16,2455.09,0.769,rice
17.33,71.86,47.1,19.32,45.39,7.05,454.14,0.388,0.415,19.72,0.0,6564.73,0.763,chickpea
44.24,67.9,47.57,25.45,49.84,5.52,386.47,0.535,0.311,25.7,23.98,5696.0,0.594,chickpea
54.35,59.29,33.3,21.84,61.76,6.83,790.33,0.583,0.553,21.45,111.64,5043.5,0.865,soybean
108.03,44.13,40.52,22.17,64.6,5.53,629.31,0.624,0.444,25.36,34.12,1732.76,0.944,potato
119.55,44.97,42.48,30.56,70.61,6.54,618.45,0.786,0.402,30.93,50.85,7610.29,0.793,cotton
73.03,42.9,32.77,16.09,42.75,6.35,534.1,0.478,0.38,16.94,81.71,1849.56,0.755,wheat
27.18,58.54,49.25,28.09,57.83,5.68,669.35,0.581,0.423,26.36,29.81,4497.57,0.831,soybean
104.47,39.2,20.89,25.18,88.35,6.53,873.26,0.816,0.525,27.36,155.26,1995.48,0.77,tomato
34.54,54.45,77.13,30.06,63.14,6.3,778.69,0.465,0.538,27.14,62.31,5788.62,0.863,soybean
59.8,50.21,34.15,23.37,62.03,6.97,709.02,0.664,0.489,22.96,35.16,6344.2,0.791,soybean
95.72,48.94,42.28,23.13,64.36,6.64,631.62,0.709,0.345,17.95,42.24,2276.47,0.849,wheat
40.35,48.23,8.57,23.15,43.72,7.68,375.21,0.434,0.334,21.0,2.98,6193.11,0.684,chickpea
123.59,22.27,40.89,19.39,67.75,7.11,486.87,0.677,0.419,20.59,104.99,5941.02,0.889,cotton
47.84,41.17,16.56,24.09,67.76,6.71,768.61,0.549,0.496,25.94,17.02,4433.21,0.792,soybean
77.38,33.59,5.0,26.45,66.58,6.23,803.09,0.639,0.51,29.46,129.71,2459.16,0.817,rice
76.36,38.05,55.85,24.03,72.53,5.86,348.02,0.656,0.44,25.2,0.0,2088.29,0.785,tomato
25.24,64.1,31.34,28.81,45.59,7.36,500.57,0.457,0.35,25.34,69.42,7668.3,0.541,chickpea
63.44,38.14,40.91,16.76,36.51,6.78,573.73,0.59,0.421,17.94,0.0,2571.11,0.769,wheat
142.03,31.97,51.22,30.8,58.19,6.3,772.73,0.662,0.491,32.68,74.84,8273.9,0.741,cotton
47.79,48.16,51.9,26.24,67.82,6.58,827.16,0.578,0.573,24.92,105.5,5417.03,0.86,soybean
117.0,46.29,49.55,25.29,77.09,6.53,1255.96,0.693,0.73,25.1,110.6,500.0,0.759,sugarcane
46.95,54.81,25.54,21.31,58.83,6.92,860.81,0.5,0.533,22.87,2.61,5017.62,0.866,soybean
52.05,59.43,35.84,21.37,63.63,6.71,475.5,0.505,0.415,22.01,73.4,2067.47,0.906,tomato
30.64,44.72,59.46,28.93,73.12,6.4,885.76,0.471,0.522,25.74,86.59,5268.5,0.828,soybean
112.78,45.63,49.12,24.39,83.74,6.26,1362.99,0.687,0.718,20.72,120.3,2031.8,0.783,rice
55.03,37.37,42.04,26.41,37.53,6.5,594.96,0.551,0.46,24.45,82.89,7133.25,0.493,chickpea
116.49,74.34,45.77,32.57,80.44,7.21,1642.7,0.654,0.731,32.1,141.04,500.0,0.7,sugarcane
108.99,55.62,46.05,28.81,76.62,5.35,574.29,0.683,0.474,31.42,68.0,1781.32,0.755,tomato
96.83,57.63,31.62,24.04,70.57,6.72,1980.43,0.74,0.75,27.67,209.79,500.0,0.611,sugarcane
57.66,66.93,35.21,31.9,58.24,6.88,369.25,0.45,0.383,30.92,95.51,7929.65,0.763,chickpea
105.38,15.87,46.95,26.17,60.23,5.67,737.55,0.592,0.372,26.62,140.91,6122.58,0.703,cotton
71.31,60.4,42.17,26.56,52.18,7.0,1020.33,0.524,0.609,25.47,166.77,1792.87,0.829,maize
80.96,27.66,38.22,22.02,65.58,6.03,562.86,0.654,0.432,22.83,13.31,1256.86,0.904,tomato
61.57,61.17,54.72,32.38,54.62,6.26,295.9,0.571,0.387,32.67,57.47,6729.89,0.762,groundnut
72.63,48.12,37.65,8.66,60.26,6.27,667.28,0.358,0.439,8.0,54.16,2845.03,0.738,wheat
13.85,64.2,30.44,22.26,69.12,6.84,506.2,0.529,0.388,23.03,0.0,6661.79,0.731,groundnut
141.07,55.4,60.2,27.76,58.84,6.49,754.66,0.771,0.464,27.01,64.94,7564.26,0.849,cotton
25.18,39.95,27.88,30.34,49.01,6.97,481.52,0.478,0.381,28.4,32.77,6298.48,0.558,chickpea
77.49,35.71,56.78,15.92,71.97,6.58,381.04,0.58,0.381,15.56,56.1,1591.73,0.612,potato
48.16,59.9,32.76,20.38,46.37,7.09,270.81,0.572,0.29,20.64,39.93,5987.34,0.687,chickpea
53.21,36.54,35.79,15.16,58.39,5.83,670.41,0.486,0.493,13.94,56.11,2718.5,0.706,wheat
68.45,61.31,52.59,26.32,71.09,6.23,489.89,0.528,0.386,25.92,4.08,3986.49,0.752,soybean
38.04,41.08,48.29,27.18,70.49,7.55,778.18,0.532,0.521,22.98,91.35,5817.47,0.755,soybean
46.39,70.71,38.66,25.73,60.6,5.93,774.33,0.592,0.57,24.75,62.05,4241.97,0.812,soybean
126.45,47.81,28.56,19.0,63.89,6.09,1314.31,0.724,0.724,22.11,124.39,2382.09,0.752,rice
65.87,52.74,55.7,26.03,56.24,5.51,452.39,0.628,0.403,27.22,61.01,5701.37,0.66,groundnut
107.73,71.92,73.49,24.41,83.46,6.38,1382.33,0.76,0.75,24.74,176.67,500.0,0.805,sugarcane
113.7,67.01,60.64,30.39,76.73,6.74,1344.83,0.592,0.75,30.81,163.99,500.0,0.72,sugarcane
63.28,22.17,31.47,15.58,28.92,6.74,732.54,0.456,0.472,14.91,37.28,2267.88,0.917,wheat
77.78,63.97,43.1,21.07,72.11,6.12,394.54,0.568,0.38,19.41,54.47,2120.46,0.865,potato
61.01,31.93,35.79,17.5,58.08,6.53,596.4,0.469,0.339,15.02,103.62,6564.71,0.751,groundnut
85.85,22.36,55.73,20.33,62.45,5.84,537.92,0.546,0.456,17.95,85.99,1886.19,0.888,tomato
41.83,26.76,34.4,22.55,73.57,5.98,510.34,0.644,0.384,26.15,56.33,2544.97,0.863,tomato
104.81,44.46,38.18,27.54,79.33,6.88,1254.92,0.649,0.652,27.1,163.12,500.0,0.886,sugarcane
74.33,58.68,36.72,22.96,72.21,7.2,1708.29,0.666,0.75,22.6,175.28,500.0,0.855,sugarcane
33.95,49.02,38.55,27.61,58.33,5.95,508.27,0.448,0.31,27.71,60.17,4804.12,0.808,groundnut
148.57,43.38,37.51,24.36,78.45,6.83,1734.34,0.782,0.75,25.02,232.81,500.0,0.708,sugarcane
111.09,53.16,40.49,29.58,100.0,6.84,1153.56,0.697,0.71,30.12,60.49,2547.96,0.619,rice
81.5,46.4,43.65,31.31,80.24,6.77,1233.35,0.564,0.735,31.87,170.99,500.0,0.818,sugarcane
89.71,26.73,17.46,17.47,55.57,6.96,577.82,0.529,0.453,16.11,62.72,2684.18,0.775,wheat
25.15,57.61,44.89,18.74,61.13,5.64,397.74,0.394,0.342,20.41,47.7,4979.46,0.702,groundnut
31.58,47.91,45.83,28.55,60.52,5.62,420.91,0.425,0.443,25.46,18.86,6936.77,0.647,groundnut
117.0,45.41,24.13,25.67,90.67,5.79,1568.31,0.78,0.75,24.19,166.37,2031.6,0.96,rice
49.94,52.8,32.52,24.92,53.76,6.26,700.46,0.58,0.436,21.53,113.86,5541.43,0.877,soybean
43.81,45.22,46.02,36.68,78.71,5.8,788.98,0.385,0.525,36.07,75.88,5432.22,0.764,soybean
96.79,37.82,50.2,27.27,76.6,5.14,470.51,0.711,0.395,25.17,60.07,1843.95,0.762,tomato
136.96,67.04,34.79,28.9,68.26,5.25,973.72,0.751,0.518,29.64,110.11,6858.92,0.69,cotton
63.89,37.15,57.43,19.61,82.57,5.57,758.68,0.513,0.411,20.96,95.93,1981.68,0.709,potato
74.87,35.09,28.67,18.42,62.13,6.39,595.72,0.587,0.474,17.05,93.38,2727.39,0.864,wheat
52.66,32.85,28.64,28.57,59.34,6.34,690.48,0.582,0.483,27.6,54.11,2517.11,0.734,tomato
93.18,42.91,22.78,22.02,56.29,7.7,465.06,0.586,0.318,21.58,0.0,2826.78,0.889,wheat
107.03,26.19,39.5,27.02,44.46,6.57,651.23,0.604,0.447,23.64,67.77,7494.13,0.781,cotton
95.69,49.11,38.34,27.61,65.0,5.4,750.14,0.689,0.477,27.45,98.43,1857.05,0.809,potato
94.07,38.07,35.87,22.56,80.91,6.23,439.31,0.636,0.392,20.22,42.48,7197.69,0.548,cotton
77.98,23.71,45.02,25.3,59.27,6.47,803.24,0.6,0.536,23.44,67.48,6813.19,0.753,cotton
83.02,33.65,42.3,18.73,72.76,5.8,667.57,0.49,0.468,20.68,84.8,2408.2,0.872,maize
102.27,47.51,58.05,21.73,75.95,6.63,615.96,0.653,0.558,23.4,36.93,2081.71,0.881,potato
116.39,26.25,29.07,21.18,50.63,6.47,1100.45,0.544,0.496,19.43,101.81,2341.51,0.772,maize
92.59,43.14,16.19,16.72,58.25,6.05,1176.65,0.571,0.639,17.32,101.91,2435.89,0.909,rice
90.99,29.06,49.32,22.53,40.55,5.73,761.89,0.568,0.495,23.93,116.57,1849.3,0.928,tomato
44.58,38.57,8.62,30.36,55.55,6.3,794.63,0.531,0.535,30.34,72.74,5745.08,0.745,groundnut
102.16,32.89,39.15,20.27,70.38,6.64,647.84,0.728,0.449,21.9,57.83,2039.08,0.78,wheat
62.2,40.63,24.27,17.58,35.1,7.07,564.99,0.475,0.325,19.26,115.5,5869.91,0.652,chickpea
81.47,51.8,46.69,20.42,49.2,6.28,532.56,0.65,0.403,19.67,8.06,1593.31,0.772,potato
90.07,46.65,29.02,17.29,82.2,5.91,600.6,0.555,0.468,17.73,50.77,1922.61,0.762,potato
50.97,60.38,32.96,28.71,60.65,6.42,361.45,0.61,0.373,28.51,15.14,5109.55,0.792,groundnut
85.84,32.51,50.72,37.73,60.74,6.09,1048.86,0.563,0.636,38.0,118.72,4540.6,0.59,cotton
89.99,53.37,38.89,8.0,68.39,6.19,953.83,0.4,0.553,8.64,86.42,2144.35,0.649,potato
85.39,29.54,51.96,28.1,72.83,5.47,609.0,0.654,0.48,25.24,72.59,1837.65,0.709,tomato
124.23,48.56,50.44,19.69,47.41,6.22,498.68,0.553,0.343,20.73,44.36,2652.58,0.64,wheat
57.78,35.82,41.16,20.48,56.2,7.07,866.34,0.544,0.464,21.57,73.89,2148.32,1.0,tomato
38.32,50.41,26.74,20.04,67.08,7.35,593.88,0.454,0.397,19.59,25.0,4108.0,0.811,soybean
102.09,24.47,46.0,17.77,79.98,6.29,406.21,0.677,0.295,18.99,65.19,2255.0,0.753,potato
67.27,57.13,34.54,24.76,76.7,5.96,719.56,0.632,0.471,28.22,59.41,1769.14,0.738,tomato
34.6,48.62,49.72,31.64,60.32,6.55,561.12,0.491,0.542,31.51,43.75,6706.33,0.676,groundnut
51.72,39.42,46.98,27.96,69.24,5.72,679.91,0.515,0.609,26.18,27.15,5547.26,0.865,groundnut
90.97,29.08,41.69,26.53,71.82,6.77,906.31,0.638,0.571,26.71,94.4,2414.44,0.884,maize
127.53,33.86,59.33,30.68,82.94,6.44,635.26,0.753,0.516,33.25,88.61,4787.9,0.788,cotton
113.41,35.23,42.35,36.11,71.02,6.05,923.42,0.624,0.643,34.25,86.84,2338.84,0.857,rice
24.59,26.61,55.05,24.72,60.06,6.25,724.19,0.488,0.442,22.11,22.74,4183.63,0.775,soybean
60.7,18.84,57.45,25.07,48.66,5.2,890.98,0.618,0.607,27.31,48.83,2491.05,0.866,tomato
43.46,78.3,48.25,19.95,52.06,7.0,375.94,0.5,0.346,20.17,11.4,5255.3,0.696,chickpea
30.09,54.1,36.18,18.44,45.37,7.85,568.52,0.53,0.445,20.14,69.57,8058.43,0.408,chickpea
31.69,55.2,30.16,25.0,66.69,7.33,803.28,0.546,0.562,26.63,122.5,4135.52,0.919,soybean
5.81,65.96,31.32,31.31,53.02,7.16,586.54,0.407,0.411,28.94,60.83,6874.78,0.648,chickpea
63.58,55.55,38.54,26.24,34.67,7.08,530.91,0.607,0.358,22.65,63.25,5942.92,0.759,chickpea
87.16,46.04,41.58,22.29,63.86,5.58,615.13,0.547,0.556,24.16,36.95,1498.24,0.626,potato
90.83,49.23,39.55,18.36,64.8,6.88,777.47,0.55,0.568,18.39,55.71,1828.66,0.815,maize
75.89,44.63,36.05,21.56,75.69,6.26,560.53,0.57,0.53,26.14,28.41,6795.49,0.782,cotton
100.12,20.05,46.36,30.76,67.09,6.43,454.06,0.503,0.409,28.99,67.12,2319.4,0.99,tomato
53.24,75.08,31.25,30.34,56.13,6.88,637.8,0.522,0.414,29.11,66.56,5824.21,0.664,chickpea
138.09,44.43,54.52,24.42,73.26,6.57,1270.5,0.773,0.644,26.28,89.2,500.0,0.775,sugarcane
46.03,55.4,53.76,16.73,65.88,6.05,566.27,0.543,0.381,16.93,76.38,1828.42,0.621,potato
37.17,55.74,23.2,18.99,61.77,7.31,432.88,0.474,0.386,21.46,15.67,5316.92,0.882,chickpea
100.87,40.63,50.63,26.13,91.38,5.38,1174.82,0.751,0.662,25.66,161.7,1944.35,0.898,rice
90.41,31.29,57.99,16.64,70.53,6.37,623.69,0.506,0.474,16.86,48.08,1426.06,0.694,potato
108.74,53.04,40.35,27.63,45.23,7.64,511.97,0.666,0.333,27.66,64.71,2344.31,0.851,wheat
94.48,46.86,50.5,24.59,57.89,5.49,669.43,0.659,0.463,26.26,93.14,1708.33,0.676,potato
60.25,36.11,31.26,23.55,58.26,5.67,303.72,0.485,0.399,23.53,59.62,4380.59,0.78,soybean
120.95,38.53,46.33,32.19,66.62,6.5,1695.87,0.627,0.75,32.67,186.37,500.0,0.823,sugarcane
99.73,50.02,50.85,31.22,84.66,5.33,1230.49,0.565,0.717,30.82,194.31,1750.14,0.851,rice
95.9,39.59,52.2,18.36,60.26,6.09,775.9,0.564,0.429,20.14,106.91,1971.26,0.89,maize
16.97,51.04,33.61,28.82,65.97,7.12,288.84,0.451,0.415,26.01,57.08,6786.58,0.757,groundnut
39.17,69.87,45.67,15.85,51.68,5.72,523.44,0.412,0.45,14.59,41.48,4578.81,0.88,soybean
52.91,58.68,37.47,27.2,78.62,6.96,739.79,0.534,0.512,28.08,96.8,5570.41,0.717,soybean
81.49,41.9,30.25,18.49,34.85,7.0,687.45,0.522,0.507,15.72,47.86,2094.0,0.752,wheat
112.07,21.58,68.55,26.37,54.82,6.55,547.64,0.693,0.415,27.39,44.46,2909.39,0.793,wheat
81.88,45.69,63.17,24.19,55.57,6.28,698.41,0.653,0.532,27.31,96.76,1701.1,0.687,potato
40.03,64.28,52.78,31.98,45.87,6.73,749.14,0.365,0.48,30.9,74.06,6797.87,0.62,groundnut
86.02,39.73,41.5,33.29,74.35,6.79,874.22,0.557,0.545,29.81,56.94,2418.71,0.78,tomato
107.13,44.36,52.85,24.08,77.11,6.74,1309.27,0.706,0.736,21.83,90.9,1675.89,0.871,rice
77.28,60.26,44.94,21.01,46.21,5.94,895.66,0.536,0.549,23.85,86.31,2173.7,0.888,maize
130.03,65.57,27.11,19.82,50.63,6.47,618.73,0.732,0.403,17.6,108.68,7570.95,0.78,cotton
68.68,46.32,40.85,16.19,74.22,5.52,795.2,0.414,0.532,12.26,99.52,1732.36,0.707,potato
56.97,44.14,49.96,29.53,52.86,6.25,943.88,0.498,0.586,29.55,105.97,4828.12,0.865,soybean
70.33,44.51,43.33,23.32,60.65,6.35,744.28,0.636,0.568,26.25,42.76,3009.95,0.734,wheat
82.1,36.92,30.58,23.52,50.94,6.41,898.88,0.572,0.617,24.54,125.96,4326.36,0.875,soybean
56.93,42.19,29.7,29.14,49.96,7.11,381.33,0.514,0.391,27.46,94.83,4924.14,0.637,chickpea
119.58,33.34,41.88,25.22,65.27,7.27,637.08,0.794,0.458,25.54,87.2,1949.58,0.714,maize
87.81,68.84,41.59,28.5,73.17,6.8,1330.28,0.555,0.729,26.94,153.54,500.0,0.607,sugarcane
121.78,30.19,35.05,28.58,63.39,6.65,717.63,0.699,0.54,29.2,75.18,6446.8,0.889,cotton
64.99,70.25,29.72,21.1,67.78,6.43,616.75,0.537,0.461,20.41,72.32,4716.22,0.75,groundnut
107.95,49.65,38.13,22.2,70.22,7.08,444.61,0.663,0.478,19.91,49.13,1884.75,0.793,maize
70.2,35.11,50.42,21.69,71.59,6.06,931.04,0.505,0.547,21.47,99.33,2201.99,0.839,maize
49.93,44.57,37.2,24.21,69.26,6.23,612.76,0.572,0.457,23.07,4.91,3705.91,0.594,soybean
40.35,50.26,31.75,22.95,65.53,5.97,258.44,0.571,0.315,24.59,1.53,5647.25,0.794,groundnut
90.9,23.61,32.02,25.34,75.16,5.38,641.05,0.647,0.463,27.23,88.83,2193.69,0.755,tomato
43.81,39.02,55.28,21.95,81.52,6.12,741.81,0.574,0.494,21.83,84.46,1737.78,0.818,tomato
114.53,68.64,37.36,24.06,77.57,6.77,1237.99,0.741,0.667,21.73,150.45,2264.3,0.916,rice
84.88,43.11,38.55,19.86,51.99,6.42,739.99,0.608,0.445,21.34,35.83,2103.11,0.868,maize
67.44,59.73,33.38,23.27,66.77,5.14,624.9,0.644,0.499,23.38,0.0,2197.04,0.792,potato
49.56,40.22,14.4,24.85,66.28,6.93,881.25,0.652,0.509,25.77,143.52,5073.5,0.973,soybean
14.63,69.5,36.33,29.52,61.11,7.6,436.17,0.499,0.349,28.46,44.11,4804.32,0.649,chickpea
62.01,45.97,31.62,14.14,60.79,7.17,482.54,0.459,0.486,12.32,108.0,2283.43,0.773,wheat
85.23,54.02,30.91,30.69,70.37,6.54,425.68,0.595,0.47,27.93,29.16,6025.64,0.803,cotton
69.07,65.02,40.06,18.85,59.49,6.04,912.48,0.416,0.566,18.55,103.9,4112.86,0.907,soybean
93.41,40.13,48.97,32.55,63.91,6.03,613.46,0.596,0.471,32.47,45.05,6054.86,0.918,cotton
42.12,63.06,37.56,18.99,46.81,6.6,556.52,0.484,0.51,18.87,30.86,5024.13,0.52,chickpea
94.71,50.24,38.78,16.47,61.76,6.98,486.76,0.581,0.42,16.68,0.27,2696.24,0.726,wheat
65.51,40.44,44.65,14.62,59.85,6.65,485.63,0.356,0.35,15.56,24.03,5681.04,0.84,chickpea
77.24,38.91,63.69,17.2,70.42,5.08,423.18,0.539,0.377,21.36,33.45,2574.6,0.815,tomato
46.12,67.32,24.92,28.25,62.21,6.26,880.41,0.567,0.58,30.19,76.45,4359.19,0.681,soybean
79.25,43.99,34.59,25.43,76.78,5.9,920.15,0.76,0.593,27.11,32.64,2554.21,0.957,tomato
87.02,36.09,26.84,19.81,54.31,6.86,719.28,0.632,0.511,20.08,62.95,1848.15,0.796,wheat
129.86,73.72,26.58,22.74,88.09,6.66,1278.33,0.663,0.702,19.93,201.02,500.0,0.794,sugarcane
73.82,55.43,29.39,25.2,70.29,6.72,1892.29,0.691,0.75,26.12,200.32,2008.57,0.911,rice
20.35,26.07,21.16,27.15,59.78,7.6,754.05,0.578,0.558,25.16,46.01,5912.01,0.619,soybean
21.99,63.0,31.77,32.53,70.86,6.74,681.15,0.526,0.469,31.58,92.49,4718.09,0.793,groundnut
159.43,54.15,41.82,26.7,77.28,6.69,1208.74,0.809,0.75,23.49,197.56,500.0,0.848,sugarcane
10.9,61.08,17.02,36.2,62.98,5.84,456.88,0.377,0.314,38.52,78.91,6414.85,0.716,groundnut
88.67,43.74,61.96,30.34,81.26,6.39,892.02,0.524,0.61,30.54,83.39,6913.23,0.743,cotton
81.11,53.2,35.19,20.35,57.99,7.37,502.14,0.653,0.338,18.72,18.83,2349.22,0.705,wheat
6.19,43.4,38.24,29.36,60.08,5.65,485.61,0.419,0.406,30.21,63.2,4254.87,0.866,groundnut
93.37,61.64,18.55,18.79,40.72,7.09,557.49,0.559,0.398,19.02,50.28,2050.19,0.788,wheat
64.06,37.04,62.37,23.81,70.27,6.19,818.25,0.667,0.603,25.83,31.64,5335.32,0.98,soybean
97.57,64.21,47.62,31.33,85.68,7.66,2019.25,0.552,0.75,31.37,216.93,500.0,0.822,sugarcane
86.01,31.79,23.88,14.77,68.66,5.65,845.93,0.595,0.574,12.54,29.22,2202.57,0.843,wheat
83.02,21.51,31.3,29.14,60.49,6.98,1011.06,0.488,0.614,26.91,128.72,6714.49,0.753,cotton
74.9,42.6,47.91,27.51,68.2,6.14,933.5,0.619,0.54,25.78,34.39,7573.4,0.674,cotton
77.87,39.18,36.97,22.18,75.77,5.93,655.28,0.578,0.502,22.5,45.94,2095.88,0.858,maize
48.77,40.42,20.68,17.62,58.37,7.04,537.4,0.418,0.349,15.89,77.99,7229.41,0.677,chickpea
17.36,64.92,38.76,20.73,38.09,6.66,497.72,0.478,0.377,21.75,121.12,7574.2,0.57,chickpea
74.41,37.31,56.77,20.35,47.5,6.86,937.05,0.587,0.524,18.65,82.67,8274.32,0.716,cotton
40.81,58.21,26.06,19.73,42.52,6.84,522.88,0.367,0.462,19.32,30.09,7365.57,0.679,chickpea
54.96,43.84,49.2,22.69,68.08,5.95,796.47,0.528,0.506,23.4,41.97,2237.5,0.755,tomato
54.61,45.34,37.5,28.92,62.47,5.49,725.94,0.512,0.436,31.63,79.84,5499.2,0.635,soybean
27.3,74.04,34.72,22.77,50.37,6.82,350.1,0.47,0.42,23.25,41.73,7654.97,0.785,groundnut
66.29,61.08,48.37,10.8,46.96,7.65,393.4,0.509,0.432,9.86,21.73,5511.73,0.637,chickpea
95.33,37.28,50.6,22.71,50.09,5.79,757.64,0.577,0.495,23.25,122.69,1894.35,0.834,tomato
70.81,32.97,59.14,19.03,65.06,6.41,558.8,0.542,0.375,18.19,5.54,1961.24,0.827,tomato
121.67,55.73,55.33,27.25,82.47,6.55,1377.18,0.771,0.704,25.97,93.63,2756.39,0.682,rice
85.1,53.67,73.73,23.51,71.71,5.82,937.52,0.809,0.622,20.29,62.84,2582.66,0.696,tomato
90.87,50.94,31.27,23.07,64.52,6.66,708.35,0.636,0.439,21.57,82.25,2356.32,0.854,wheat
68.56,50.66,44.78,16.0,43.07,6.91,645.29,0.453,0.493,14.81,79.28,2822.87,0.746,wheat
80.97,64.54,55.49,18.24,68.58,5.58,869.63,0.612,0.559,17.28,105.07,1448.75,0.654,potato
65.4,65.22,17.69,29.46,60.14,4.84,487.11,0.52,0.44,28.32,32.78,5034.84,0.835,groundnut
31.47,73.44,31.73,30.04,33.64,6.87,435.13,0.462,0.389,36.84,59.44,6523.63,0.59,chickpea
43.62,61.6,55.84,22.49,67.23,5.93,534.88,0.514,0.477,21.33,76.15,6216.57,0.874,groundnut
95.51,35.86,58.93,12.99,59.75,5.28,523.12,0.52,0.457,12.83,7.6,1259.87,0.815,potato
32.68,50.37,61.91,21.54,62.74,6.22,411.28,0.52,0.394,20.28,0.0,5441.99,0.962,soybean
38.81,37.33,45.25,24.16,62.37,6.62,616.69,0.566,0.495,24.52,45.85,5366.39,0.733,groundnut
75.53,79.99,12.77,21.3,83.14,5.5,1045.56,0.622,0.65,18.74,88.77,6058.11,0.785,soybean
107.98,59.2,54.28,26.53,76.46,6.17,980.54,0.742,0.634,23.42,84.47,2085.6,0.873,maize
99.41,46.15,72.38,26.95,66.17,6.92,1524.97,0.781,0.75,27.93,110.5,500.0,0.738,sugarcane
87.3,37.32,23.29,23.1,57.83,6.78,613.11,0.614,0.409,24.97,36.69,2475.38,0.946,wheat
22.27,63.47,49.59,19.81,61.96,7.0,590.77,0.559,0.449,20.65,34.49,4917.06,0.725,chickpea
60.06,52.19,30.16,14.06,34.51,7.33,738.18,0.434,0.438,13.0,36.17,2244.68,0.568,wheat
130.2,38.96,36.81,18.67,68.07,5.83,708.24,0.64,0.537,17.97,56.89,1645.73,0.726,potato
58.77,44.0,29.53,15.74,64.96,5.43,723.56,0.559,0.487,12.5,36.83,1761.12,0.593,potato
62.93,48.97,50.18,17.35,75.4,5.87,683.6,0.611,0.545,19.78,34.68,2686.41,0.731,tomato
64.09,48.49,52.61,25.86,43.15,5.26,1116.36,0.559,0.629,23.26,91.72,2400.53,0.848,maize
104.74,53.75,55.26,18.77,66.97,5.57,656.04,0.672,0.515,16.33,24.85,2097.98,0.748,potato
78.19,53.43,17.16,21.23,50.76,6.19,716.64,0.561,0.518,21.41,99.68,2612.3,1.0,maize
112.67,41.6,72.23,25.07,75.14,7.03,1681.5,0.756,0.75,26.04,206.67,500.0,0.67,sugarcane
38.98,59.99,42.02,30.41,46.56,7.43,507.65,0.578,0.432,29.39,65.6,5869.37,0.653,chickpea
28.88,69.04,47.53,20.19,58.88,6.38,504.29,0.489,0.355,16.89,17.28,5095.94,0.83,soybean
106.5,43.43,47.1,24.06,77.05,6.43,1018.69,0.75,0.586,26.1,131.6,2568.14,0.952,rice
86.49,60.02,33.64,29.14,49.76,8.17,587.57,0.704,0.401,30.79,59.35,7359.17,0.791,cotton
66.2,48.38,41.16,19.69,75.62,5.89,791.38,0.539,0.574,18.91,43.86,2196.27,0.709,potato
76.24,46.14,59.82,19.97,84.57,5.91,647.62,0.727,0.521,19.46,31.81,1569.31,0.688,potato
50.06,48.91,49.29,27.52,66.35,5.79,851.15,0.517,0.502,25.25,82.2,5672.44,0.693,soybean
81.16,58.68,47.84,22.64,59.42,5.83,913.32,0.572,0.53,24.67,126.18,4670.58,0.791,soybean
56.14,60.88,68.63,29.14,58.25,6.76,412.8,0.616,0.441,27.44,0.0,4713.84,0.817,chickpea
123.26,52.75,56.22,32.48,65.7,6.23,2034.94,0.66,0.75,30.37,196.48,500.0,0.898,sugarcane
89.02,67.32,31.45,29.59,84.03,6.04,899.42,0.69,0.524,26.59,91.64,1749.97,0.886,rice
121.98,29.12,37.04,21.68,70.18,5.56,509.99,0.696,0.431,22.27,126.11,1781.21,0.813,tomato
113.78,39.43,43.67,26.0,79.66,7.07,731.62,0.687,0.59,26.22,50.47,6379.88,0.816,cotton
94.57,58.64,58.12,25.68,94.22,6.81,984.76,0.683,0.639,26.57,89.47,500.0,0.691,sugarcane
101.21,38.8,53.44,24.31,51.7,5.7,927.46,0.562,0.569,25.4,89.71,1977.69,0.704,tomato
88.53,45.67,47.24,17.66,72.36,6.47,514.24,0.614,0.529,18.33,70.83,1764.4,0.758,maize
104.42,20.09,33.66,29.58,49.84,6.77,489.1,0.725,0.357,29.14,60.48,6406.38,0.764,cotton
97.5,52.57,8.49,14.65,30.07,7.14,679.24,0.585,0.434,19.13,34.92,2267.83,0.821,wheat
96.43,42.92,39.62,16.59,78.48,6.24,443.45,0.661,0.315,13.24,0.0,1502.3,0.687,potato
37.83,49.14,32.94,26.26,73.63,6.17,732.29,0.566,0.558,26.62,109.3,4327.73,0.789,soybean
88.35,34.72,50.57,19.26,61.13,7.0,634.21,0.494,0.422,20.69,74.18,2106.59,0.784,wheat
65.51,47.41,49.93,14.36,65.57,5.55,855.81,0.518,0.553,10.55,96.37,1885.99,0.707,potato
31.58,53.01,49.88,26.09,64.9,6.81,732.69,0.511,0.562,21.25,75.51,4538.33,0.698,soybean
45.01,43.31,28.04,19.6,48.64,7.68,460.53,0.509,0.36,20.17,44.9,6418.29,0.771,chickpea
46.35,80.47,39.52,19.38,63.66,6.66,1026.11,0.477,0.526,21.02,54.29,4485.97,0.764,soybean
77.66,25.08,53.04,25.04,82.03,5.92,716.61,0.581,0.566,25.16,67.31,2124.33,0.782,tomato
80.77,56.83,30.92,28.11,78.25,6.14,809.01,0.615,0.52,27.48,85.4,4138.87,0.682,soybean
89.36,38.68,22.72,22.86,81.25,5.62,1097.85,0.644,0.658,20.68,82.79,1941.58,0.715,maize
88.33,22.59,43.93,25.55,60.71,6.68,740.34,0.678,0.546,27.35,66.3,2162.17,0.74,wheat
39.53,52.39,31.23,22.93,42.47,7.74,303.85,0.559,0.352,21.41,0.0,7491.74,0.601,chickpea
7.02,64.59,43.71,25.43,80.84,5.8,425.02,0.513,0.434,26.34,17.05,4588.91,0.818,groundnut
72.91,34.53,43.06,24.26,65.29,6.87,724.5,0.678,0.46,23.42,47.13,1850.39,0.998,maize
79.64,65.49,43.36,24.27,72.52,5.75,755.06,0.625,0.624,21.35,60.44,1827.21,0.656,potato
14.44,68.02,51.02,23.41,48.69,7.55,403.98,0.478,0.358,21.76,85.6,7729.08,0.606,chickpea
78.12,40.42,31.51,15.13,48.86,6.72,818.41,0.579,0.441,16.83,97.96,2466.82,0.809,maize
71.85,35.88,64.82,24.64,81.67,6.69,683.7,0.615,0.417,24.38,34.41,1756.82,0.515,potato
5.73,45.26,31.81,25.31,51.74,6.38,529.07,0.521,0.44,24.72,27.1,4054.43,0.837,groundnut
90.43,62.77,48.05,22.88,58.02,5.74,824.72,0.6,0.482,21.77,101.4,1800.37,0.8,potato
96.24,53.74,41.38,19.85,58.26,7.13,848.88,0.514,0.44,22.54,56.98,1803.14,0.605,wheat
110.79,58.13,51.85,21.4,85.09,6.35,1252.56,0.676,0.621,21.27,152.42,1928.09,0.844,rice
78.75,34.08,41.75,21.49,66.77,6.25,650.64,0.553,0.412,21.18,46.72,1890.81,0.658,potato
122.89,46.07,55.78,21.65,71.44,6.42,1453.07,0.679,0.75,22.58,179.14,500.0,0.776,sugarcane
133.38,48.28,49.39,26.4,85.93,6.76,1243.7,0.785,0.673,23.13,142.2,500.0,0.816,sugarcane
60.82,61.96,47.88,16.71,58.33,7.25,379.75,0.422,0.348,16.03,23.14,6654.47,0.816,chickpea
120.75,38.57,19.51,22.53,90.36,6.12,1099.22,0.73,0.695,24.77,160.62,2081.28,0.717,rice
62.05,42.47,45.85,21.32,65.84,6.6,520.62,0.669,0.376,23.04,105.5,1967.83,0.884,tomato
90.14,38.09,11.9,10.54,68.02,6.29,915.3,0.546,0.651,9.24,35.24,2008.72,0.735,wheat
66.4,59.71,44.53,24.35,60.53,5.61,361.74,0.624,0.493,22.31,140.34,2666.7,0.763,tomato
128.54,37.57,55.16,22.65,46.19,7.15,844.99,0.707,0.471,27.51,113.51,6274.09,0.755,cotton
49.53,57.18,50.59,23.86,46.6,6.37,387.37,0.525,0.395,24.7,88.33,5556.13,0.938,groundnut
114.04,61.36,50.09,22.8,54.26,5.79,513.74,0.632,0.339,21.75,45.28,1849.76,0.729,potato
129.16,58.57,31.04,31.54,69.03,7.45,1089.99,0.661,0.663,32.86,90.91,500.0,0.754,sugarcane
86.41,17.78,27.01,21.57,52.06,5.29,824.66,0.58,0.474,21.85,86.49,2584.32,0.632,tomato
10.74,47.46,48.31,30.09,72.26,5.95,534.86,0.335,0.426,27.99,58.4,6570.59,0.829,groundnut
89.98,46.56,41.83,21.82,68.4,5.72,679.95,0.634,0.446,23.09,55.03,1922.18,0.775,tomato
40.87,55.45,69.95,26.99,64.31,6.35,520.57,0.58,0.407,27.28,41.5,3991.82,0.711,groundnut
97.77,47.92,48.59,32.96,73.74,7.83,1394.87,0.586,0.75,30.44,181.54,500.0,0.777,sugarcane
99.04,25.07,14.91,28.93,75.73,5.98,1068.7,0.655,0.695,28.34,117.79,1992.6,0.987,maize
66.72,42.41,57.68,19.7,61.37,6.25,929.95,0.654,0.689,22.68,144.18,9783.68,0.765,cotton
109.6,46.31,47.66,26.19,67.11,6.8,1428.85,0.674,0.714,26.83,200.76,500.0,0.9,sugarcane
89.84,47.76,45.41,22.34,63.01,5.68,625.54,0.656,0.457,21.17,106.98,1855.01,0.778,maize
101.44,37.03,37.11,25.26,83.54,6.41,1412.75,0.788,0.75,25.51,179.76,2083.95,0.969,rice
24.7,41.75,37.76,23.0,63.56,6.51,595.49,0.603,0.486,23.56,16.69,6807.02,0.887,groundnut
67.84,65.73,37.38,29.45,47.25,6.56,497.9,0.579,0.326,28.26,56.16,5949.06,0.614,groundnut
36.71,60.96,55.7,24.66,52.99,6.53,667.28,0.399,0.453,20.76,62.44,7269.96,0.698,groundnut
149.82,71.42,58.4,26.62,56.96,6.75,1250.11,0.749,0.657,25.87,124.57,500.0,0.75,sugarcane
82.19,44.52,51.78,24.87,81.12,6.33,1329.84,0.672,0.75,24.93,203.73,500.0,0.77,sugarcane
20.58,52.75,45.23,25.54,56.66,6.74,314.59,0.571,0.284,26.93,55.72,6044.0,0.689,chickpea
82.15,74.07,63.42,28.22,83.59,7.81,1201.89,0.591,0.7,28.85,101.49,500.0,0.792,sugarcane
116.79,33.78,27.87,20.1,67.17,5.86,831.35,0.66,0.637,18.28,47.64,8226.89,0.722,cotton
73.11,37.43,39.39,24.87,57.96,5.14,1029.36,0.644,0.606,23.3,134.36,2023.95,0.531,tomato
100.35,53.76,25.86,23.27,58.8,6.55,963.6,0.675,0.615,23.22,142.72,1828.61,0.962,maize
61.74,54.59,51.98,15.69,60.29,6.5,781.0,0.522,0.544,17.81,128.88,1968.6,0.845,potato
126.94,53.85,53.39,31.98,83.82,7.34,1730.55,0.617,0.75,34.68,125.84,500.0,0.854,sugarcane
83.23,44.51,44.56,25.1,56.0,6.67,699.48,0.73,0.442,23.4,66.69,2802.48,0.727,wheat
58.88,40.48,51.24,23.32,58.53,6.58,912.88,0.681,0.645,20.14,30.0,4490.69,0.7,soybean
81.97,46.8,42.4,27.38,65.34,7.19,716.39,0.675,0.449,25.03,26.25,1774.25,0.878,tomato
104.99,47.59,40.73,17.21,67.49,6.67,622.41,0.582,0.466,16.24,69.77,2365.22,0.762,wheat
99.34,49.76,45.09,22.07,86.18,5.74,1361.83,0.619,0.745,21.12,127.47,2172.6,0.887,rice
80.09,24.2,28.83,24.23,59.4,6.0,726.7,0.659,0.568,26.97,80.16,2440.14,0.856,tomato
99.37,56.84,10.77,22.99,74.39,7.38,1696.83,0.747,0.75,27.07,111.39,500.0,0.881,sugarcane
129.29,53.82,27.9,24.91,60.54,6.77,1750.81,0.868,0.75,20.56,120.44,500.0,0.989,sugarcane
54.19,61.57,33.18,16.46,64.64,5.38,674.77,0.492,0.434,15.41,72.38,1856.22,0.635,potato
52.82,40.93,54.0,26.59,57.07,5.45,1365.13,0.574,0.75,25.13,125.68,1908.11,0.798,rice
75.39,60.69,60.27,17.34,77.77,5.82,546.5,0.591,0.431,17.64,19.47,1402.47,0.716,potato
89.12,49.33,42.28,25.05,60.58,6.39,621.86,0.583,0.49,23.79,105.04,2616.11,0.974,wheat
39.03,53.29,38.86,23.33,48.29,6.34,872.84,0.487,0.517,23.19,125.87,4821.68,0.819,soybean
45.93,46.58,38.88,26.76,52.54,7.18,545.73,0.601,0.474,27.79,13.63,6706.0,0.795,groundnut
57.43,22.31,34.65,18.66,55.59,6.5,827.52,0.515,0.435,20.3,149.47,2455.78,0.803,wheat
93.11,41.33,31.18,24.51,56.61,6.11,755.98,0.666,0.507,25.97,107.89,2271.04,0.994,maize
81.87,49.52,43.05,24.55,84.49,5.78,1375.35,0.675,0.75,24.06,90.35,1738.67,0.773,rice
100.25,57.83,22.54,13.19,51.36,5.85,659.19,0.52,0.433,11.98,71.75,1631.91,0.734,potato
137.51,56.41,47.6,21.17,78.25,6.74,1682.81,0.77,0.75,21.85,131.66,500.0,0.718,sugarcane
29.22,62.71,30.37,17.7,63.13,7.82,398.03,0.447,0.311,18.77,112.46,7420.04,0.921,chickpea
69.12,65.96,34.35,26.88,60.65,5.16,448.15,0.54,0.386,25.94,80.68,2038.16,0.708,potato
77.16,29.95,61.16,24.5,53.89,5.75,795.07,0.554,0.481,24.0,119.54,5533.29,0.726,soybean
43.95,57.58,56.95,30.19,65.27,7.11,805.83,0.377,0.595,30.56,96.91,4514.45,0.924,soybean
77.83,63.59,30.7,20.17,52.98,6.05,401.86,0.584,0.367,19.02,56.7,2297.88,0.971,tomato
47.64,50.19,32.98,27.06,64.28,5.95,542.75,0.509,0.455,25.18,62.46,6789.62,0.827,groundnut
43.27,45.44,37.79,23.73,63.68,6.97,868.87,0.539,0.581,26.49,120.84,4231.29,0.751,soybean
39.25,50.7,28.52,26.75,65.75,6.04,492.92,0.629,0.43,25.06,22.21,4022.64,0.799,soybean
39.17,40.13,45.7,31.33,44.68,6.31,826.44,0.517,0.522,34.85,83.66,5744.63,0.725,soybean
62.29,52.21,46.93,33.54,67.27,7.23,673.62,0.507,0.457,32.18,58.14,4597.93,0.73,soybean
53.08,48.34,49.37,20.0,57.47,5.91,514.57,0.464,0.422,18.07,66.39,2691.75,0.795,tomato
112.51,51.5,26.69,19.64,71.58,6.1,1781.62,0.671,0.75,22.93,247.46,2482.9,0.937,rice
57.0,56.4,38.64,24.42,65.85,6.52,744.36,0.738,0.471,26.46,118.38,4002.66,0.796,soybean
43.98,39.37,39.18,19.07,57.76,7.69,271.25,0.58,0.311,18.81,0.0,6683.76,0.707,chickpea
98.64,46.62,51.27,28.37,85.56,5.62,1115.76,0.686,0.729,26.74,40.41,2035.57,0.951,rice
126.53,45.46,36.33,20.36,83.05,6.39,582.54,0.774,0.526,22.72,54.81,8975.11,0.619,cotton
96.71,59.12,34.11,26.73,69.47,6.23,814.99,0.692,0.594,26.87,92.76,4649.62,0.747,soybean
48.02,56.86,25.21,30.18,54.26,6.15,1197.51,0.519,0.705,30.68,164.15,5379.15,0.71,soybean
39.75,48.01,68.96,20.7,51.06,5.75,455.37,0.582,0.335,20.73,61.6,6388.47,0.693,groundnut
98.37,18.69,41.55,28.19,63.7,6.6,731.63,0.661,0.563,26.34,49.04,8630.19,0.683,cotton
65.88,48.84,32.56,28.03,52.27,6.45,962.73,0.57,0.587,31.2,88.23,2232.23,0.922,maize
113.35,50.38,23.53,25.46,64.7,5.81,612.1,0.761,0.522,23.38,65.04,1635.02,0.904,maize
76.46,43.6,56.51,16.45,72.85,5.43,598.53,0.466,0.502,19.41,19.13,1956.07,0.89,potato
58.26,43.77,38.41,26.24,82.74,6.84,967.28,0.59,0.562,27.84,96.16,5325.83,0.702,soybean
81.65,58.94,54.63,25.52,64.45,5.53,659.03,0.725,0.48,28.02,90.05,1745.67,0.786,potato
76.42,29.01,50.26,28.15,56.55,7.2,890.55,0.631,0.617,22.92,97.2,2492.46,0.962,rice
124.06,61.11,52.7,21.29,70.85,6.54,1587.97,0.707,0.75,17.51,151.47,2667.66,0.884,rice
30.38,55.75,37.83,28.91,57.47,6.47,522.44,0.575,0.38,24.74,35.16,7127.72,0.844,groundnut
125.32,45.18,36.36,24.46,69.68,6.69,1842.3,0.742,0.75,24.74,145.19,500.0,0.813,sugarcane
152.2,53.49,9.07,25.74,77.11,5.46,1396.96,0.663,0.75,28.63,222.04,1680.47,0.713,rice
48.86,57.55,30.35,28.58,58.68,6.53,885.36,0.541,0.571,27.55,81.66,4651.78,0.715,soybean
72.95,11.78,57.81,24.7,68.31,5.85,471.52,0.764,0.385,21.52,40.94,2211.23,0.923,tomato
115.64,28.94,33.25,21.97,46.28,6.95,803.68,0.652,0.466,21.34,0.0,2762.2,0.806,wheat
94.97,72.53,44.27,27.32,64.93,6.78,564.53,0.593,0.501,27.85,78.03,2693.26,0.816,wheat
56.38,54.24,47.09,26.68,40.87,7.13,587.93,0.57,0.472,27.02,97.35,7798.1,0.873,chickpea
79.86,63.86,58.61,20.26,67.2,5.66,663.41,0.619,0.469,20.84,39.24,1921.75,0.661,potato
116.74,37.63,51.33,27.85,78.45,5.74,1112.28,0.642,0.705,30.92,143.56,2265.64,0.819,rice
93.17,53.52,34.32,22.68,65.9,6.55,550.38,0.588,0.512,21.99,80.11,2341.07,0.831,rice
86.98,39.77,27.41,24.44,75.69,6.99,622.31,0.702,0.497,24.09,58.72,2446.34,0.8,tomato
108.92,67.64,39.58,21.97,77.44,6.1,1391.94,0.694,0.75,23.91,124.15,2377.78,0.878,rice
64.39,45.38,34.96,19.34,41.29,7.01,424.42,0.46,0.328,19.44,22.21,6485.05,0.63,chickpea
115.41,35.37,43.09,23.56,67.91,6.09,1221.26,0.687,0.66,26.29,132.69,2280.58,0.957,rice
128.06,41.21,34.37,32.46,70.59,5.81,585.57,0.685,0.497,36.9,27.76,8532.18,0.659,cotton
56.04,50.58,31.43,24.1,64.96,7.69,375.5,0.625,0.383,24.15,50.38,6227.73,0.825,soybean
91.26,40.53,38.0,14.81,40.1,6.69,665.65,0.52,0.41,12.59,91.48,3064.98,0.832,wheat
89.1,55.46,75.36,20.26,77.02,6.23,640.6,0.577,0.572,18.22,14.74,2014.21,0.632,tomato
44.24,55.4,40.33,20.88,58.9,7.69,358.35,0.633,0.349,24.87,25.69,7189.69,0.77,chickpea
84.88,44.77,42.52,23.31,54.23,6.97,815.63,0.577,0.515,22.64,125.75,1949.49,0.715,wheat
61.51,49.94,47.18,21.34,61.95,5.48,885.55,0.525,0.507,19.36,18.94,2927.24,0.819,tomato
72.47,31.9,39.49,19.76,68.29,6.59,610.49,0.573,0.496,19.99,108.15,3328.07,0.862,wheat
75.08,52.7,40.68,9.5,58.3,7.24,514.84,0.413,0.354,8.0,19.58,7029.2,0.677,chickpea
62.58,48.97,37.44,25.37,72.08,5.46,757.86,0.58,0.486,25.85,114.29,5916.81,0.732,soybean
5.0,59.04,23.83,26.02,54.13,6.68,650.63,0.429,0.511,27.25,106.87,6497.18,0.872,groundnut
70.63,54.07,32.09,26.71,60.26,6.46,522.56,0.506,0.409,27.35,12.78,5178.93,0.794,soybean
92.31,52.01,51.98,20.08,71.8,5.6,336.27,0.626,0.41,20.66,7.52,1643.72,0.976,potato
82.08,36.56,53.69,22.88,72.48,5.99,899.18,0.637,0.54,23.33,150.35,2187.04,0.898,rice
71.31,53.61,54.32,29.52,71.12,6.34,803.78,0.607,0.598,28.8,95.17,3796.32,0.752,soybean
70.42,46.2,41.67,25.44,79.05,6.12,830.52,0.589,0.507,21.7,120.85,5489.38,0.521,soybean
64.75,68.67,23.43,27.17,65.63,6.14,569.61,0.663,0.458,26.75,75.94,4708.21,0.72,soybean
76.82,45.63,37.57,18.44,44.31,6.71,655.95,0.418,0.41,20.76,56.56,1515.9,0.94,wheat
57.7,59.27,71.8,21.18,47.7,5.59,431.12,0.527,0.407,19.75,109.08,1022.2,0.705,potato
152.81,35.9,34.37,23.48,69.13,6.9,945.32,0.733,0.648,24.25,58.98,2173.36,0.68,rice
55.71,25.28,33.24,33.35,62.32,6.4,668.58,0.404,0.545,32.65,87.62,6310.66,0.744,cotton
43.63,63.57,34.25,23.73,63.21,6.73,451.57,0.511,0.427,24.13,61.29,5535.86,0.777,chickpea
31.96,42.03,39.91,26.57,42.3,6.71,630.47,0.658,0.449,26.38,30.72,4692.68,0.742,groundnut
97.35,30.54,46.06,27.78,84.95,5.47,927.63,0.737,0.619,28.85,59.07,1876.27,0.949,rice
42.37,58.97,46.4,24.88,56.57,6.57,587.2,0.587,0.432,26.48,83.99,5220.69,0.838,soybean
106.83,51.01,36.44,23.59,81.25,5.97,1509.98,0.699,0.75,25.91,141.33,1806.49,0.707,rice
71.27,51.33,35.66,20.31,72.77,5.9,418.17,0.497,0.424,19.59,32.03,2060.73,0.947,wheat
43.44,54.9,40.1,19.15,74.52,6.92,653.09,0.551,0.536,15.41,47.28,3232.28,0.853,soybean
97.78,40.56,31.49,24.51,72.56,6.68,730.5,0.665,0.619,26.8,133.78,5306.07,0.781,soybean
85.53,50.44,24.94,28.19,81.91,5.74,1282.33,0.674,0.696,29.11,172.76,2477.91,0.819,rice
116.08,48.58,47.62,28.97,74.96,5.23,880.82,0.55,0.557,31.24,62.15,2069.29,0.791,rice
33.58,58.64,22.45,23.84,53.19,6.28,403.55,0.502,0.406,23.26,0.0,6934.71,0.721,chickpea
55.3,60.13,44.43,28.06,61.06,6.26,641.56,0.515,0.546,28.3,92.22,7168.84,0.809,groundnut
80.6,39.49,22.1,29.36,76.63,6.1,744.65,0.539,0.518,30.34,115.81,1817.72,0.652,maize
39.02,55.04,19.28,21.67,66.84,5.94,680.97,0.53,0.595,19.06,76.35,4062.12,0.684,soybean
84.39,61.38,25.24,24.94,62.97,7.06,275.27,0.646,0.393,25.93,22.05,7775.61,0.774,chickpea
46.92,44.8,50.73,25.54,67.23,6.83,666.01,0.621,0.47,26.02,31.98,4384.9,0.78,groundnut
46.15,30.75,35.52,27.43,49.59,5.44,460.01,0.512,0.291,29.57,100.39,5825.71,0.833,groundnut
37.37,47.9,54.52,24.51,61.7,5.9,470.22,0.557,0.367,26.1,0.0,5886.33,0.773,groundnut
111.14,62.35,39.34,21.89,70.07,5.32,588.52,0.542,0.424,18.73,128.76,1377.17,0.989,potato
61.19,32.3,35.04,23.78,63.91,5.39,592.56,0.579,0.486,27.94,0.0,7103.45,0.716,cotton
62.16,38.96,43.59,13.88,66.01,6.04,636.9,0.493,0.435,13.45,24.25,1979.83,0.952,potato
101.14,46.48,16.68,19.46,73.08,6.43,1016.18,0.579,0.617,19.13,132.6,2749.33,0.764,maize
38.76,22.09,26.69,23.51,66.97,5.13,815.75,0.614,0.543,20.82,173.78,2473.84,0.924,tomato
89.05,55.31,47.6,21.6,84.42,6.52,416.67,0.524,0.435,21.94,1.9,1540.59,0.653,potato
78.92,36.57,35.21,29.52,67.94,6.6,667.61,0.654,0.601,27.93,25.39,2155.3,0.908,maize
80.72,32.45,47.34,23.37,69.58,6.28,616.55,0.679,0.549,24.05,34.28,1997.04,0.785,tomato
70.42,55.67,60.36,19.64,62.01,5.58,804.51,0.539,0.646,21.66,102.49,5674.67,0.721,soybean
54.53,47.5,22.49,14.97,65.08,6.64,683.59,0.404,0.568,14.96,28.65,1778.69,0.829,potato
140.85,47.4,39.4,31.39,68.65,5.98,788.0,0.601,0.625,32.78,30.83,2594.29,0.78,rice
47.89,50.84,15.44,22.15,52.51,6.74,523.08,0.556,0.379,21.24,99.56,4841.69,0.676,chickpea
15.34,46.2,54.56,26.57,81.19,6.5,573.24,0.517,0.479,26.26,82.11,6632.33,0.681,groundnut
51.97,57.63,18.45,25.32,71.17,7.39,653.79,0.645,0.544,26.02,24.68,5524.17,0.618,groundnut
120.55,27.12,14.45,26.86,95.08,5.71,1088.64,0.733,0.657,26.8,121.15,2268.26,0.754,rice
62.52,36.73,44.1,26.31,46.08,5.37,706.82,0.565,0.473,26.76,0.0,2620.3,0.76,tomato
66.56,39.99,56.4,32.22,62.92,4.88,827.58,0.604,0.473,34.82,104.63,1812.3,0.545,tomato
84.85,38.88,44.08,12.17,62.87,6.47,849.36,0.429,0.55,11.79,109.07,2928.84,0.881,tomato
95.84,33.41,46.51,24.8,63.7,6.45,646.88,0.748,0.441,24.15,75.32,7776.83,0.645,cotton
129.5,45.6,44.23,24.97,83.47,7.26,1621.72,0.72,0.75,23.57,174.66,500.0,0.76,sugarcane
45.15,61.46,22.17,20.5,33.05,6.64,538.37,0.431,0.475,22.52,71.38,7800.2,0.688,chickpea
48.16,60.84,21.06,17.2,51.23,6.47,436.82,0.429,0.337,12.99,48.57,5283.99,0.683,chickpea
110.01,39.49,45.04,29.51,81.91,6.42,1354.54,0.75,0.75,29.92,57.17,500.0,0.798,sugarcane
73.97,51.29,34.67,27.19,44.87,5.94,669.33,0.606,0.557,27.73,23.33,4421.0,0.86,groundnut
62.88,42.25,21.57,21.67,83.31,6.46,901.45,0.559,0.6,21.12,46.49,1868.7,0.768,maize
79.51,33.8,42.43,25.57,56.11,7.36,455.78,0.614,0.379,25.34,48.52,2648.73,0.736,wheat
136.1,64.91,36.48,22.68,75.37,7.06,1532.91,0.759,0.75,24.51,232.48,2152.9,0.653,rice
92.0,25.55,35.4,22.5,63.14,6.65,508.26,0.764,0.372,18.46,73.27,6986.74,0.711,cotton
44.45,36.17,55.09,30.64,45.08,6.67,744.03,0.519,0.429,32.66,97.69,5599.25,0.714,groundnut
48.81,49.98,14.79,19.25,56.03,6.92,605.04,0.382,0.513,18.56,43.41,4987.59,0.747,chickpea
118.95,70.09,57.51,30.62,76.63,6.88,1874.39,0.705,0.75,31.61,165.76,500.0,0.857,sugarcane
114.2,33.8,39.36,27.43,74.26,6.05,717.33,0.717,0.472,27.31,136.53,5143.09,0.708,cotton
120.51,55.26,16.01,32.64,53.61,6.73,1938.11,0.739,0.75,29.77,238.98,500.0,0.751,sugarcane
130.76,64.27,30.49,28.02,76.17,6.65,1956.95,0.643,0.75,26.32,231.74,500.0,0.617,sugarcane
65.54,45.8,47.36,23.67,73.67,5.96,575.91,0.607,0.504,21.35,94.33,3617.34,0.765,soybean
96.0,64.36,47.63,37.47,69.87,6.15,1179.35,0.497,0.659,38.28,142.75,2464.84,0.961,rice
20.72,60.39,7.24,26.51,69.16,6.78,537.86,0.511,0.442,25.4,38.96,6086.78,0.509,chickpea
95.05,33.64,49.11,21.65,82.66,6.58,886.32,0.693,0.633,21.69,68.85,2032.51,0.655,tomato
70.82,34.36,32.17,18.04,29.5,6.89,727.74,0.599,0.41,16.3,0.0,2294.32,0.87,wheat
25.42,66.03,26.76,30.12,69.09,6.83,602.82,0.484,0.511,30.42,64.04,4957.97,0.667,groundnut
64.76,51.49,26.67,18.25,69.8,6.14,1079.58,0.603,0.696,20.38,132.09,1669.77,0.797,maize
76.13,37.61,35.29,24.55,43.84,7.48,396.08,0.642,0.348,24.88,42.2,6468.83,0.653,chickpea
37.52,57.1,25.65,21.46,49.54,6.31,463.08,0.482,0.4,20.99,58.43,7180.35,0.575,chickpea
88.32,37.27,31.74,30.13,68.43,6.78,736.43,0.683,0.453,30.26,47.79,7934.41,0.567,cotton
99.8,37.34,25.43,26.06,73.25,6.31,1274.2,0.63,0.627,25.72,150.82,500.0,0.914,sugarcane
125.81,57.57,53.82,22.52,91.27,6.56,2200.0,0.673,0.75,23.16,250.0,500.0,0.701,sugarcane
79.1,47.22,39.34,25.46,48.25,6.12,799.6,0.68,0.514,24.45,41.34,7064.85,0.714,cotton
54.97,45.88,27.35,18.8,42.01,6.75,483.27,0.562,0.381,21.33,131.33,6889.45,0.694,chickpea
124.92,41.77,52.14,30.41,67.59,6.64,716.05,0.657,0.464,29.85,12.35,6896.74,0.651,cotton
106.49,33.15,33.63,22.42,48.67,6.09,742.31,0.606,0.495,22.95,57.78,6934.23,0.697,cotton
55.43,43.37,20.43,23.15,61.28,6.46,468.44,0.6,0.48,22.59,2.08,6483.48,0.869,groundnut
129.57,32.48,69.11,31.39,57.51,6.47,2018.96,0.672,0.75,27.47,140.2,500.0,0.867,sugarcane
125.28,60.2,44.01,28.52,89.54,7.53,2141.31,0.667,0.75,29.67,154.4,500.0,0.867,sugarcane
89.82,43.67,40.81,30.12,70.51,6.57,1186.19,0.601,0.671,30.38,185.6,2045.24,0.808,rice
122.32,63.54,55.34,28.04,70.73,6.62,1063.51,0.757,0.722,25.22,142.68,500.0,0.736,sugarcane
106.48,49.91,33.26,29.72,96.02,5.89,1054.13,0.626,0.737,29.33,162.22,2455.16,0.894,rice
122.85,53.63,55.35,29.6,91.17,6.03,1457.29,0.68,0.75,27.8,135.0,500.0,0.847,sugarcane
79.54,41.8,52.59,24.91,59.51,7.58,361.69,0.679,0.429,26.0,0.0,2900.2,0.856,wheat
50.6,60.3,26.2,22.92,31.42,7.3,479.52,0.58,0.418,23.65,53.13,5640.96,0.629,chickpea
80.0,48.32,64.78,27.35,58.11,6.79,679.7,0.592,0.471,28.01,75.73,2168.82,0.723,maize
42.44,44.27,49.84,27.95,48.13,7.77,492.15,0.413,0.293,28.63,43.82,5591.33,0.744,chickpea
95.95,20.56,52.84,23.38,52.14,5.87,313.21,0.571,0.343,25.78,12.63,6272.36,0.744,cotton
67.69,58.48,44.39,14.66,72.83,5.37,808.09,0.519,0.528,14.88,112.42,1850.21,0.942,potato
24.85,46.82,29.17,29.98,60.69,6.04,741.53,0.468,0.535,32.41,116.98,4525.03,0.821,soybean
106.6,34.1,12.48,22.48,48.65,6.11,560.72,0.642,0.389,18.07,87.47,2858.96,0.845,wheat
26.42,64.28,22.38,16.23,47.08,7.58,480.62,0.522,0.318,13.69,8.67,7192.6,0.768,chickpea
47.94,55.18,35.78,21.98,39.54,6.59,293.37,0.599,0.312,23.97,13.58,7619.42,0.538,chickpea
31.02,70.63,59.68,24.11,82.85,5.96,914.02,0.576,0.504,22.85,85.29,5360.88,0.742,soybean
65.26,45.24,37.05,15.1,57.86,6.75,861.34,0.451,0.608,17.96,62.58,2527.45,0.759,wheat
83.97,57.19,42.47,35.42,74.48,6.5,1336.86,0.508,0.75,34.72,143.95,500.0,0.675,sugarcane
77.99,21.29,48.18,20.15,61.1,6.85,618.7,0.525,0.351,23.17,125.81,8280.82,0.722,cotton
73.29,62.12,46.94,19.69,61.35,7.5,670.28,0.587,0.45,19.45,91.56,2335.07,0.73,wheat
140.32,59.06,47.42,30.79,72.74,7.21,1775.36,0.653,0.75,31.85,171.7,500.0,0.672,sugarcane
74.97,56.07,44.64,21.47,65.27,5.7,636.64,0.62,0.531,23.56,62.14,1419.26,0.798,potato
55.71,47.67,46.91,24.7,46.41,6.56,733.52,0.617,0.507,25.96,131.56,5525.14,0.538,groundnut
76.05,45.81,32.29,27.37,66.52,6.08,657.67,0.587,0.566,29.2,92.36,9320.94,0.785,cotton
79.53,51.55,46.42,28.81,93.65,6.72,604.11,0.676,0.469,28.37,117.94,1870.97,0.77,tomato
128.71,57.3,45.7,25.75,75.72,5.78,915.43,0.825,0.615,28.64,112.84,2083.03,0.733,rice
59.68,43.97,56.83,26.26,77.8,6.05,678.32,0.546,0.408,23.24,44.62,2501.08,0.687,tomato
81.17,47.07,57.78,26.42,76.86,5.29,928.47,0.639,0.642,23.67,84.4,2511.2,0.813,tomato
42.13,72.97,47.7,19.45,42.38,6.91,515.18,0.553,0.34,16.19,44.29,5450.06,0.673,chickpea
57.63,41.94,29.33,28.91,48.03,7.27,530.18,0.642,0.362,29.42,51.76,9094.22,0.642,chickpea
26.41,40.71,39.73,23.99,60.94,7.28,554.04,0.536,0.474,21.99,53.3,4714.3,0.703,chickpea
66.14,54.14,23.37,22.55,47.19,7.24,478.59,0.468,0.462,18.21,0.0,6426.93,0.73,chickpea
61.12,50.49,49.11,18.01,64.08,6.47,523.2,0.61,0.401,19.04,31.73,1684.05,0.667,potato
96.16,26.91,26.41,23.11,100.0,6.53,1312.29,0.651,0.75,22.72,143.2,2397.69,0.892,rice
77.9,40.67,37.84,22.6,78.05,6.59,976.16,0.472,0.655,20.8,76.97,4663.6,0.788,soybean
113.21,57.86,76.4,24.81,66.63,7.45,1262.54,0.688,0.717,23.73,161.72,500.0,0.745,sugarcane
56.64,33.41,56.11,15.12,69.36,5.12,559.52,0.505,0.386,12.27,139.32,1751.43,0.975,tomato
45.76,45.24,52.69,30.55,73.34,6.26,698.09,0.541,0.505,28.16,80.25,2281.22,0.752,tomato
124.58,50.39,53.64,25.38,75.23,6.3,1597.91,0.729,0.75,25.3,128.66,500.0,0.78,sugarcane
63.27,34.84,45.25,23.92,67.14,5.53,831.56,0.592,0.55,23.91,106.79,2350.56,0.784,tomato
43.3,65.26,36.35,32.22,69.19,6.08,782.8,0.516,0.637,32.82,58.61,5132.24,0.724,groundnut
48.56,65.95,15.83,19.93,59.32,6.6,484.8,0.578,0.239,19.72,46.07,6098.23,0.73,chickpea
40.99,36.72,47.95,21.13,54.49,6.27,596.97,0.545,0.426,19.93,59.45,2822.13,0.796,wheat
97.45,57.05,22.54,8.0,47.22,6.86,773.46,0.393,0.478,8.0,138.31,2536.35,0.731,wheat
88.07,49.36,50.23,18.16,72.99,6.88,953.07,0.654,0.622,19.18,77.92,2749.93,0.83,tomato
49.77,57.3,43.6,21.35,64.21,6.92,487.76,0.614,0.345,22.98,25.72,4453.45,0.667,soybean
88.7,28.82,47.82,28.75,50.31,7.12,916.76,0.651,0.622,30.03,101.27,7053.78,0.718,cotton
78.74,40.66,49.58,22.7,64.9,7.18,611.06,0.542,0.457,24.02,77.33,2213.61,0.823,maize
120.34,27.4,41.21,30.7,53.6,6.47,812.65,0.608,0.425,29.6,67.05,6225.34,0.81,cotton
80.14,52.01,64.56,19.38,65.08,6.73,1006.84,0.559,0.614,20.08,108.88,2281.7,0.946,tomato
71.04,34.54,39.0,16.33,43.02,6.24,598.07,0.495,0.386,13.91,73.45,3049.8,0.739,wheat
70.86,54.19,30.04,18.32,49.99,7.59,401.73,0.568,0.424,17.53,34.13,7742.31,0.737,chickpea
43.45,39.95,46.56,26.6,44.93,5.65,430.78,0.58,0.351,26.55,90.9,6185.25,0.696,groundnut
77.48,52.83,28.81,23.82,55.71,7.16,778.36,0.627,0.515,24.88,92.35,2130.46,0.787,maize
16.95,40.76,29.87,23.56,73.46,6.86,604.67,0.493,0.43,21.62,49.83,6043.71,0.821,groundnut
85.76,39.99,26.36,28.59,84.37,6.21,1061.67,0.646,0.71,30.37,91.93,2093.02,0.815,rice
107.21,60.02,26.48,27.87,56.48,6.25,765.02,0.626,0.521,30.27,92.77,2076.34,0.685,maize
109.5,62.44,59.12,38.01,56.05,6.84,1724.69,0.453,0.75,36.64,176.61,500.0,0.691,sugarcane
5.48,55.64,55.28,23.36,74.63,6.73,422.45,0.471,0.394,22.99,0.0,5144.75,0.705,groundnut
106.05,31.26,37.83,22.45,55.92,5.82,953.36,0.667,0.524,22.83,99.26,8877.87,0.85,cotton
53.03,62.03,46.5,22.46,48.82,5.88,372.28,0.675,0.312,21.86,0.0,6996.94,0.674,chickpea
60.4,45.14,35.67,12.11,62.09,5.64,483.36,0.366,0.394,13.0,48.73,6417.39,0.887,groundnut
94.18,35.21,46.23,17.27,71.82,5.84,406.27,0.587,0.42,17.64,58.28,2285.18,0.883,tomato
98.42,56.84,40.12,16.7,63.62,6.59,371.22,0.507,0.372,16.49,0.0,2670.39,0.832,wheat
37.42,54.72,25.72,25.52,45.72,6.33,623.15,0.547,0.389,24.65,125.35,7061.24,0.706,groundnut
62.32,32.83,51.57,22.53,69.62,6.75,758.65,0.637,0.502,22.83,76.22,6986.82,0.683,cotton
65.47,49.55,43.36,19.38,63.6,6.26,775.71,0.593,0.512,18.57,115.46,1887.43,0.786,potato
96.87,29.47,43.19,34.75,85.96,5.64,1059.05,0.534,0.669,37.89,89.55,2707.8,1.0,rice
92.13,21.18,53.7,23.72,62.24,6.7,500.92,0.68,0.388,24.26,40.3,2140.41,0.816,tomato
125.91,43.3,44.27,20.15,79.35,6.63,1703.96,0.69,0.75,20.55,145.42,500.0,0.716,sugarcane
105.28,69.98,49.72,16.38,69.75,7.06,529.97,0.69,0.318,17.52,75.65,1900.87,0.774,potato
82.15,48.13,45.26,24.32,76.8,5.98,915.91,0.615,0.647,26.66,164.52,1624.19,0.918,tomato
55.77,40.17,39.29,22.5,70.63,5.9,712.32,0.575,0.525,22.29,80.52,1642.66,0.486,potato
30.67,48.38,40.44,19.75,52.74,6.55,482.59,0.46,0.413,22.35,41.67,6350.91,0.745,chickpea
116.71,26.25,42.24,28.23,57.72,6.72,607.24,0.596,0.469,25.29,132.12,6656.58,0.71,cotton
115.18,29.03,27.73,27.34,74.29,7.0,1235.07,0.722,0.75,32.68,123.0,1853.01,0.845,maize
85.27,26.68,73.98,22.4,45.08,6.64,688.3,0.649,0.431,20.66,127.41,5307.73,0.786,cotton
114.05,65.5,46.79,27.27,83.87,6.35,1540.48,0.739,0.75,28.99,124.06,500.0,0.769,sugarcane
126.87,45.35,52.93,32.64,68.14,6.62,1361.2,0.769,0.722,32.29,133.09,500.0,0.736,sugarcane
41.16,59.34,40.95,9.03,80.62,5.35,488.81,0.404,0.416,9.08,60.53,1840.45,0.705,potato
139.31,62.41,72.4,19.62,65.02,6.45,1046.01,0.692,0.622,23.57,136.23,500.0,0.849,sugarcane
112.03,60.07,32.98,24.7,67.19,6.44,987.61,0.702,0.588,24.89,115.52,1863.24,0.812,maize
19.13,50.96,43.88,20.83,48.45,6.94,930.63,0.554,0.507,21.57,94.42,4729.08,0.752,soybean
52.3,52.0,35.3,24.92,71.77,6.3,700.97,0.699,0.549,26.53,129.49,5064.32,0.719,groundnut
144.41,42.19,48.29,28.48,80.14,7.16,1128.87,0.646,0.729,29.15,86.69,500.0,0.812,sugarcane
8.38,59.62,33.39,21.29,33.89,7.05,491.86,0.503,0.348,19.64,31.21,7410.34,0.839,chickpea
139.07,56.42,21.16,25.44,72.2,6.57,912.09,0.76,0.543,26.39,83.62,2023.37,0.829,rice
80.31,50.67,27.42,28.18,68.29,7.43,973.1,0.699,0.592,30.41,106.97,7379.25,0.688,cotton
69.67,33.18,42.61,24.58,59.52,7.1,819.84,0.597,0.54,22.69,75.8,2739.16,0.643,maize
59.0,49.02,53.09,22.91,73.38,5.9,397.0,0.63,0.461,23.26,54.93,7500.24,0.884,groundnut
64.83,70.72,32.82,29.52,68.02,5.66,915.13,0.46,0.564,29.29,136.35,2197.18,0.846,rice
67.81,41.47,52.83,26.81,66.87,5.0,742.47,0.618,0.518,26.82,84.93,1534.81,0.825,tomato
133.99,33.67,51.13,24.73,86.5,6.23,1091.52,0.804,0.706,22.36,55.6,2174.2,0.81,rice
99.27,33.58,61.74,29.87,82.26,6.12,923.02,0.738,0.555,31.33,46.78,2128.93,0.949,rice
147.01,73.14,48.61,23.68,63.74,6.72,1841.83,0.756,0.75,21.69,218.59,500.0,0.75,sugarcane
84.05,54.42,16.73,23.93,73.12,5.76,674.69,0.7,0.475,24.69,104.17,1922.82,0.705,potato
88.48,46.56,40.97,28.55,62.99,7.57,1447.22,0.641,0.75,29.25,212.12,2899.78,0.986,rice
138.46,46.23,70.93,15.95,74.6,7.26,1142.0,0.584,0.69,17.33,84.4,500.0,0.942,sugarcane
105.8,44.54,57.96,23.2,58.21,6.34,764.7,0.639,0.552,23.34,0.0,7464.86,0.85,cotton
91.47,39.67,48.94,22.28,61.43,6.47,516.38,0.599,0.446,20.15,43.67,2118.66,0.684,wheat
16.52,61.28,43.69,25.85,58.23,5.93,561.72,0.437,0.428,29.25,40.81,6775.44,0.827,groundnut
137.19,38.96,24.79,35.87,86.64,6.88,1211.42,0.622,0.75,36.74,142.57,1899.31,0.758,rice
119.11,31.35,52.77,33.89,68.41,6.41,528.22,0.575,0.429,31.25,90.86,7597.54,0.645,cotton
32.97,42.14,58.14,21.45,37.12,5.52,482.45,0.51,0.3,21.95,60.94,5469.75,0.743,groundnut
73.16,75.67,43.4,22.89,55.67,6.8,444.33,0.481,0.37,26.41,49.63,6604.07,0.8,chickpea
38.27,60.37,58.23,26.32,74.12,6.48,570.41,0.661,0.417,30.37,47.17,4740.25,0.825,groundnut
50.02,42.11,7.72,32.23,46.08,5.93,705.73,0.486,0.475,31.53,13.46,5116.38,0.684,soybean
50.93,31.41,56.49,27.68,57.76,6.09,839.97,0.485,0.536,29.67,121.0,2068.97,0.964,tomato
54.91,39.83,28.26,22.79,59.0,6.6,719.36,0.552,0.464,18.99,60.46,1765.49,0.716,wheat
5.0,63.35,36.65,22.31,42.83,6.95,509.77,0.485,0.338,20.92,74.3,6240.73,0.881,chickpea
123.06,30.62,25.14,26.77,89.47,6.23,1561.92,0.79,0.75,26.31,139.34,2073.33,0.926,rice
101.74,15.62,27.65,28.45,52.03,7.04,734.69,0.67,0.556,27.83,53.36,7915.29,0.801,cotton
130.19,29.09,45.19,26.65,75.68,7.15,824.36,0.677,0.57,27.79,57.98,6085.96,0.921,cotton
85.64,67.18,38.75,21.9,69.63,6.68,1139.02,0.61,0.632,24.02,105.71,1910.49,0.766,maize
97.0,49.62,26.05,21.12,46.13,5.59,1060.12,0.617,0.627,19.34,37.96,1893.09,0.629,maize
51.89,52.51,35.8,27.82,62.95,6.82,262.93,0.658,0.258,28.0,23.72,6924.47,0.83,chickpea
122.61,35.4,29.27,22.15,79.52,6.02,1213.11,0.679,0.672,20.94,138.84,2213.59,0.997,rice
88.26,55.64,42.03,18.35,57.57,6.58,651.13,0.547,0.456,18.77,30.35,2034.28,0.641,wheat
93.21,53.45,42.13,15.47,48.13,6.78,653.58,0.583,0.509,17.52,60.64,2782.71,0.9,wheat
57.36,56.89,9.53,22.88,40.43,6.65,460.0,0.589,0.425,21.17,47.19,4687.86,0.739,chickpea
61.72,57.98,35.45,28.37,64.3,5.04,773.25,0.638,0.472,27.59,71.16,1186.65,0.987,maize
109.7,59.99,19.01,22.6,57.27,6.49,1016.52,0.633,0.472,21.78,133.62,2269.35,0.863,maize
46.46,40.08,22.36,20.64,49.36,7.46,494.63,0.493,0.39,20.0,17.45,5634.24,0.803,chickpea
15.52,36.58,58.47,22.29,70.43,6.48,331.08,0.546,0.366,21.38,41.68,6212.93,0.831,groundnut
57.14,38.53,38.57,21.14,41.65,6.71,496.82,0.558,0.394,22.88,41.47,2232.06,0.953,wheat
32.37,42.88,31.16,23.21,59.13,6.52,296.86,0.625,0.41,18.54,67.69,6718.04,0.76,groundnut
91.85,42.63,63.51,19.5,74.79,6.22,881.39,0.632,0.568,23.33,126.92,1882.64,0.754,potato
23.27,42.93,40.45,30.44,53.05,6.15,663.46,0.494,0.354,27.45,57.17,5513.73,0.678,groundnut
127.23,53.11,51.9,30.06,56.11,6.04,689.42,0.795,0.449,30.93,82.16,6606.96,0.898,cotton
60.65,37.86,27.05,20.19,62.96,6.11,686.6,0.581,0.533,23.09,70.76,5050.26,0.809,soybean
72.14,44.4,27.4,29.08,82.13,6.15,1304.07,0.553,0.673,33.31,166.26,2243.16,0.829,rice
69.68,49.08,26.84,18.59,73.14,4.67,688.95,0.523,0.573,21.78,80.31,1966.87,0.818,tomato
47.1,22.64,42.29,28.64,63.83,6.65,665.4,0.451,0.479,30.0,20.19,4465.04,0.765,soybean
84.75,38.74,30.7,30.04,69.43,6.23,518.95,0.688,0.446,29.14,64.55,2414.15,0.675,rice
75.26,43.75,48.83,27.1,81.22,6.32,773.19,0.649,0.375,26.52,44.36,2599.54,0.872,tomato
79.89,27.28,47.64,24.39,69.27,6.22,629.99,0.636,0.428,25.53,101.26,2235.83,0.796,wheat
39.64,35.1,44.01,25.38,38.92,5.87,499.95,0.668,0.411,22.71,67.01,4453.85,0.868,groundnut
86.34,29.52,54.95,22.68,81.64,6.87,390.79,0.572,0.387,25.61,57.72,1789.23,0.878,tomato
91.73,30.02,5.92,21.37,65.83,5.93,769.08,0.606,0.535,19.53,42.59,2002.33,0.847,wheat
119.28,38.87,42.21,18.7,71.42,6.34,1477.58,0.702,0.749,19.52,144.69,500.0,0.941,sugarcane
55.32,40.46,48.32,21.62,41.25,6.3,202.79,0.645,0.189,22.58,35.46,6035.2,0.689,chickpea
35.07,67.85,51.83,19.57,68.83,6.19,369.81,0.554,0.419,19.55,0.0,5406.25,0.627,chickpea
91.72,37.73,43.1,24.36,73.99,6.58,872.81,0.632,0.527,24.62,100.58,2039.36,0.696,maize
59.59,51.34,49.86,15.48,57.8,6.32,719.0,0.41,0.423,14.18,66.95,1689.54,0.746,potato
67.02,61.42,18.31,25.28,55.55,6.86,655.92,0.648,0.444,23.51,12.87,2399.76,0.871,maize
104.67,37.5,39.39,17.95,66.37,7.08,465.05,0.598,0.462,17.23,88.26,6852.7,0.697,cotton
113.66,53.66,54.14,21.69,56.99,6.67,752.59,0.778,0.552,23.71,60.51,7436.55,0.586,cotton
56.56,37.91,51.76,26.7,57.6,6.95,525.24,0.657,0.442,27.09,37.58,1804.28,0.659,potato
89.09,40.88,22.08,17.36,47.04,7.55,347.86,0.61,0.344,15.14,0.0,5010.62,0.633,chickpea
90.62,26.3,21.91,22.69,57.12,7.31,738.76,0.664,0.48,17.61,59.65,1731.28,0.853,maize
90.74,37.59,34.16,16.41,58.0,7.11,413.75,0.501,0.39,11.71,102.28,2144.0,0.686,wheat
104.52,47.64,42.84,28.94,59.36,6.66,1029.23,0.694,0.675,31.55,71.51,1983.09,0.872,maize
107.03,60.61,41.62,33.18,62.19,7.35,1501.22,0.602,0.75,29.65,172.67,500.0,0.933,sugarcane
37.86,52.99,39.37,22.44,39.86,7.67,385.49,0.568,0.381,19.44,32.26,7065.33,0.671,chickpea
91.74,44.15,28.79,22.11,43.02,6.53,647.52,0.598,0.423,20.16,104.37,7285.96,0.632,cotton
63.87,42.01,59.76,25.18,77.81,6.84,585.59,0.704,0.515,25.34,42.93,5386.6,0.889,soybean
81.01,42.17,30.76,26.6,47.74,6.57,827.24,0.743,0.49,24.72,118.33,6483.63,0.808,groundnut
105.02,44.82,38.92,27.52,46.63,6.77,691.34,0.703,0.488,26.7,39.51,5869.78,0.699,cotton
102.23,36.25,40.82,30.99,57.04,6.49,560.48,0.463,0.424,30.43,115.89,7700.82,0.709,cotton
84.12,28.85,29.73,24.77,55.52,6.47,813.1,0.705,0.476,24.37,19.62,2713.9,0.78,wheat
75.52,25.63,51.32,27.24,72.23,5.74,393.02,0.676,0.386,25.68,17.61,2291.65,0.688,tomato
86.2,72.63,44.56,31.92,71.49,6.21,661.35,0.578,0.458,30.51,73.65,2067.12,0.696,rice
66.74,73.51,48.91,16.06,49.15,7.73,428.57,0.469,0.428,18.04,75.59,6244.56,0.766,chickpea
90.17,48.56,54.73,16.15,46.91,7.1,743.08,0.629,0.535,15.48,70.42,2588.29,0.627,wheat
56.88,32.96,29.15,15.51,72.9,6.02,819.97,0.416,0.584,18.56,91.17,1998.72,0.825,tomato
91.75,34.49,50.93,25.84,57.75,6.73,941.87,0.507,0.584,27.88,33.92,2094.25,0.876,wheat
30.71,67.22,48.8,13.08,57.05,7.24,479.3,0.412,0.388,8.28,26.73,4717.58,0.535,chickpea
88.96,62.29,47.11,28.11,59.49,5.99,749.44,0.613,0.479,29.51,108.38,4863.65,0.938,soybean
82.0,32.88,49.3,10.49,49.48,6.21,527.82,0.37,0.473,11.14,83.3,1755.11,0.998,potato
44.8,54.83,47.28,29.19,59.6,6.45,481.42,0.579,0.354,30.43,52.75,5177.14,0.693,groundnut
138.72,61.5,46.57,29.6,80.14,7.41,693.11,0.672,0.474,33.83,62.21,1545.29,0.771,rice
107.07,12.85,24.19,29.18,53.96,6.3,711.22,0.528,0.459,28.96,132.88,6033.69,0.829,cotton
102.8,22.39,43.97,21.38,62.97,6.4,486.16,0.617,0.36,20.46,43.33,7762.21,0.662,cotton
103.19,47.8,52.98,20.2,69.77,6.41,663.55,0.679,0.471,20.48,70.85,1904.95,0.86,maize
54.15,56.71,46.55,25.81,39.34,7.14,284.78,0.583,0.339,23.18,13.9,6509.29,0.723,chickpea
11.41,44.85,53.62,27.53,46.33,6.25,454.94,0.507,0.345,26.42,0.5,7248.22,0.755,groundnut
148.07,43.09,77.94,20.43,59.83,6.24,1140.52,0.739,0.729,22.74,122.24,500.0,0.739,sugarcane
60.18,44.47,43.34,21.37,65.99,6.38,769.01,0.604,0.576,20.35,35.38,2173.72,0.674,wheat
67.8,40.58,33.87,13.58,57.63,6.79,521.11,0.52,0.422,11.68,79.66,1703.55,0.616,wheat
96.75,36.73,60.93,22.67,64.36,6.38,661.44,0.725,0.518,22.31,92.07,4998.7,0.512,cotton
61.45,37.99,32.69,20.35,53.06,6.44,598.48,0.499,0.492,21.56,67.36,6740.27,0.514,chickpea
57.83,32.9,32.04,17.76,76.12,6.73,698.84,0.598,0.581,17.53,54.11,2811.77,0.892,maize
105.21,37.67,54.32,28.75,62.46,5.98,927.84,0.713,0.541,28.22,0.0,2561.31,0.865,tomato
82.24,54.8,25.69,26.04,57.65,6.64,857.37,0.698,0.551,27.81,96.5,2180.32,1.0,maize
109.18,39.79,37.22,24.07,48.87,6.37,785.65,0.612,0.476,22.98,82.51,6446.66,0.614,cotton
19.12,36.86,36.98,21.22,64.6,6.6,367.79,0.413,0.366,23.14,0.0,5457.95,0.682,chickpea
85.85,46.15,43.93,25.99,59.54,6.19,822.72,0.592,0.592,25.87,95.69,1803.08,0.588,tomato
82.26,40.85,48.3,19.86,56.48,6.76,717.63,0.462,0.492,20.65,85.51,2976.08,0.722,wheat
61.71,30.83,31.98,26.44,57.18,6.24,838.49,0.689,0.532,26.65,62.66,2678.56,0.896,maize
77.19,44.08,42.03,21.65,59.15,7.01,960.66,0.582,0.55,19.46,110.86,2570.37,0.773,maize
120.93,55.02,41.29,29.53,63.22,6.89,1227.41,0.745,0.711,30.14,144.14,500.0,0.866,sugarcane
130.47,20.31,40.17,21.08,54.49,7.06,698.01,0.658,0.503,19.49,125.56,7007.65,0.71,cotton
61.84,23.85,44.84,26.7,80.15,6.08,711.32,0.677,0.502,25.58,127.77,2108.34,0.902,tomato
92.67,62.98,42.88,24.2,63.46,5.46,547.08,0.596,0.286,23.89,93.29,1875.18,1.0,tomato
110.1,68.83,53.73,26.94,78.1,6.44,1403.08,0.694,0.732,30.06,125.78,500.0,0.807,sugarcane
145.25,55.99,37.83,31.24,100.0,7.48,1070.96,0.696,0.638,29.39,146.82,500.0,0.978,sugarcane
36.5,54.02,45.0,27.52,70.33,6.33,471.57,0.592,0.297,28.73,99.92,6463.04,0.601,groundnut
73.7,69.39,32.78,9.75,62.01,5.64,535.32,0.432,0.379,8.0,29.93,1623.46,0.942,potato
89.4,46.18,37.31,29.04,77.99,6.64,1305.27,0.593,0.708,28.69,122.41,1597.31,0.764,maize
44.81,48.44,44.03,26.51,67.95,5.64,718.05,0.547,0.566,27.27,137.99,4111.13,0.763,soybean
92.76,32.89,52.27,13.05,71.16,6.02,468.61,0.562,0.335,13.65,45.43,1767.87,0.612,potato
73.04,52.11,56.52,15.99,59.76,6.94,673.71,0.592,0.437,18.19,57.66,1558.87,0.634,wheat
77.76,31.85,43.65,21.89,80.64,5.99,593.35,0.622,0.472,21.53,83.03,2108.71,0.753,tomato
83.79,58.68,39.35,24.44,35.89,7.25,739.41,0.671,0.454,28.68,94.38,1994.9,0.744,wheat
115.5,21.71,55.69,24.05,73.48,6.57,686.1,0.758,0.488,23.85,85.48,6233.01,0.904,cotton
93.11,62.47,31.5,25.85,64.83,6.63,295.17,0.621,0.289,23.27,73.68,1535.15,0.83,potato
76.18,40.49,50.85,22.31,65.53,6.24,555.89,0.606,0.439,25.46,0.0,7021.79,0.557,groundnut
47.7,37.53,52.85,30.77,77.31,6.55,422.58,0.587,0.335,33.19,47.37,5368.96,0.719,groundnut
5.0,47.53,27.84,24.02,47.46,5.5,777.87,0.451,0.564,23.58,38.21,6242.89,0.721,groundnut
113.82,57.16,17.38,19.02,44.5,7.2,674.3,0.608,0.394,21.87,34.92,2254.2,0.78,wheat
106.67,73.3,44.88,30.06,91.44,6.78,1504.61,0.742,0.75,32.21,147.87,500.0,0.816,sugarcane
66.34,29.48,40.69,25.21,76.7,6.31,406.14,0.666,0.429,23.88,98.98,2558.93,0.792,tomato
70.56,55.59,33.66,22.33,42.38,7.0,670.65,0.697,0.385,19.71,31.56,1672.77,0.697,wheat
61.42,53.48,64.4,30.86,54.53,7.27,977.19,0.617,0.543,31.28,84.01,4887.14,0.965,soybean
64.14,36.47,41.31,32.97,76.08,5.2,616.36,0.498,0.444,33.1,41.55,2030.79,0.825,tomato
62.24,60.23,37.67,19.24,46.53,6.87,478.26,0.57,0.356,16.46,98.22,5555.59,0.749,chickpea
76.31,49.58,39.51,20.33,80.54,5.73,852.73,0.703,0.586,17.06,118.04,2040.96,0.89,maize
28.58,28.46,42.85,26.47,51.54,6.19,436.55,0.5,0.447,24.78,51.72,7083.05,0.614,chickpea
124.95,37.03,56.4,25.89,58.12,6.22,681.94,0.702,0.499,25.38,72.96,7326.38,0.749,cotton
60.03,30.92,36.33,27.39,53.24,6.57,412.85,0.518,0.339,25.29,150.41,4869.26,0.818,cotton
108.14,48.51,33.39,29.13,52.77,7.48,501.51,0.67,0.383,28.85,40.04,8165.61,0.769,cotton
93.13,40.28,34.63,30.36,62.5,4.92,770.59,0.533,0.563,29.6,98.19,2662.5,0.689,tomato
87.19,66.29,52.58,26.71,52.87,7.27,837.36,0.572,0.587,28.84,60.19,2433.65,0.916,wheat
83.89,61.45,35.69,22.84,70.34,5.44,721.6,0.644,0.638,23.69,64.58,1240.5,0.525,potato
93.95,49.53,36.78,22.41,63.85,6.66,867.68,0.698,0.524,24.58,65.12,2163.88,0.764,maize
66.54,38.13,41.12,20.55,65.07,5.85,700.79,0.592,0.484,18.49,21.15,3057.15,0.697,tomato
16.56,32.54,28.41,26.22,45.77,6.18,352.11,0.579,0.426,29.65,40.58,5952.47,0.759,groundnut
57.83,57.61,17.05,29.6,58.88,6.73,622.52,0.624,0.508,31.68,77.74,4664.46,0.62,soybean
135.96,54.35,41.09,32.69,82.17,7.87,1249.96,0.622,0.714,31.24,143.81,500.0,0.751,sugarcane
100.66,42.8,37.68,17.25,71.61,6.1,657.9,0.665,0.501,15.92,44.64,2215.26,0.849,maize
144.25,62.56,61.25,32.41,79.87,7.34,1269.48,0.533,0.747,33.16,96.31,500.0,0.813,sugarcane
82.59,36.7,42.96,20.58,58.5,5.98,741.67,0.506,0.427,21.67,93.57,2197.87,0.958,maize
112.17,55.79,27.11,21.35,56.11,7.29,704.74,0.652,0.454,22.03,58.29,2479.45,0.772,wheat
58.28,59.11,39.99,27.9,43.16,6.82,432.63,0.495,0.366,29.22,72.26,6320.77,0.814,chickpea
95.94,50.89,48.85,25.67,68.37,5.8,1225.45,0.636,0.667,25.62,175.7,1837.73,0.774,rice
79.72,71.56,52.72,30.75,70.06,5.95,456.27,0.537,0.343,30.65,18.19,1691.7,0.602,potato
108.16,28.06,50.34,15.73,87.8,6.78,1498.38,0.575,0.75,14.39,152.24,2407.62,0.74,rice
66.47,49.8,23.35,24.02,47.74,7.09,370.78,0.629,0.351,23.85,54.41,4479.07,0.595,chickpea
131.96,66.09,26.08,26.43,71.87,5.67,1303.88,0.626,0.75,24.28,78.65,2135.51,0.859,rice
58.89,34.26,33.65,25.49,44.63,6.24,931.82,0.673,0.555,25.08,113.76,5027.44,0.666,soybean
65.86,34.82,42.55,25.91,68.27,6.21,574.62,0.621,0.507,24.83,78.5,1972.54,0.9,maize
113.97,60.34,49.62,27.59,76.23,6.92,1541.43,0.809,0.75,27.94,155.47,500.0,0.731,sugarcane
47.61,42.91,35.6,28.14,57.98,6.0,593.46,0.537,0.495,27.85,59.44,4936.78,0.757,soybean
31.8,39.05,34.99,27.38,61.48,5.85,490.99,0.598,0.439,31.53,90.4,6795.53,0.621,groundnut
54.89,42.49,11.54,24.4,73.08,6.22,575.16,0.61,0.472,26.23,33.73,2257.19,0.704,maize
105.27,22.46,50.68,28.83,45.16,6.34,916.99,0.589,0.54,29.15,90.78,7723.14,0.844,cotton
90.97,36.49,51.56,34.29,49.05,7.06,635.2,0.609,0.373,34.13,0.0,6307.99,0.702,cotton
103.45,19.09,40.53,22.8,94.13,6.55,967.8,0.585,0.568,23.01,86.18,2432.53,0.743,rice
19.49,52.96,50.0,24.87,77.85,6.4,779.26,0.511,0.569,25.95,63.3,3876.88,0.641,soybean
41.56,70.03,29.39,24.05,60.12,6.74,571.71,0.648,0.407,21.77,67.96,5732.85,0.814,groundnut
104.91,53.03,29.18,23.57,70.74,6.34,855.66,0.767,0.537,21.49,53.83,1745.79,0.981,maize
110.48,48.84,37.14,30.32,58.47,6.98,391.12,0.676,0.495,30.89,66.55,2799.33,0.96,wheat
120.21,44.77,43.49,30.69,92.64,6.56,1617.38,0.648,0.75,29.93,194.39,500.0,0.878,sugarcane
65.99,41.98,60.84,30.38,63.38,5.93,738.15,0.557,0.452,30.6,63.57,2108.78,0.653,tomato
94.78,60.41,48.06,18.38,67.04,5.75,514.48,0.489,0.441,17.82,91.32,1999.65,0.527,potato
98.15,55.85,22.91,31.24,70.61,6.0,995.12,0.603,0.593,29.87,33.78,2290.38,0.657,maize
41.27,45.01,19.63,23.44,67.36,7.11,416.82,0.523,0.323,23.99,0.0,7392.29,0.763,chickpea
115.32,39.39,32.27,21.29,76.96,6.68,1510.78,0.647,0.739,22.52,64.87,500.0,0.879,sugarcane
132.41,73.39,33.69,25.94,88.38,6.68,1104.86,0.805,0.704,24.67,92.11,500.0,0.779,sugarcane
87.35,29.45,39.07,31.89,69.14,6.64,444.4,0.591,0.394,34.7,75.78,7149.27,0.54,cotton
88.89,45.72,45.5,35.13,75.26,6.69,1191.34,0.565,0.654,34.67,106.59,500.0,0.876,sugarcane
116.64,49.76,13.6,23.03,68.27,6.55,777.54,0.719,0.63,26.12,44.52,1911.98,0.809,maize
101.51,27.27,33.95,31.01,68.24,6.51,727.33,0.617,0.463,33.27,100.72,2066.53,0.811,tomato
40.08,39.03,25.75,20.61,59.94,6.98,431.57,0.441,0.43,19.3,39.66,7943.18,0.751,chickpea
44.45,74.0,21.59,29.97,42.21,7.09,500.58,0.644,0.361,26.38,102.22,5687.46,0.664,chickpea
15.8,57.46,48.98,16.14,55.78,6.39,442.61,0.306,0.374,17.4,75.92,4615.65,0.791,groundnut
67.75,53.97,27.21,28.2,66.52,5.53,701.51,0.593,0.465,30.66,114.41,4524.61,0.741,soybean
69.92,50.61,48.58,18.56,45.45,7.21,510.17,0.509,0.408,18.23,78.72,6357.07,0.678,chickpea
105.5,23.47,54.19,20.79,74.67,5.3,820.23,0.677,0.59,22.09,88.56,2460.13,0.765,tomato
52.57,58.6,34.21,24.34,54.0,6.19,728.01,0.538,0.466,28.4,93.96,2104.69,0.853,wheat
74.62,38.17,31.41,23.36,77.63,4.73,484.25,0.53,0.486,25.23,46.53,2103.37,0.798,potato
53.58,58.56,30.7,21.91,43.94,6.72,722.43,0.549,0.427,23.53,0.55,1832.46,0.768,wheat
5.0,53.84,35.59,29.38,52.82,5.46,541.97,0.43,0.365,30.95,66.69,4942.31,0.607,groundnut
64.15,33.97,54.62,17.03,47.06,6.43,729.64,0.514,0.511,22.09,101.7,2723.82,1.0,wheat
26.77,56.28,46.43,13.38,52.97,5.47,699.94,0.316,0.43,15.21,111.55,2513.33,0.646,tomato
33.36,72.51,41.88,20.26,40.26,6.69,356.48,0.446,0.304,21.34,7.99,6994.67,0.632,chickpea
90.79,42.11,48.98,16.57,66.9,6.79,657.03,0.524,0.541,18.26,18.34,2516.82,0.708,wheat
42.75,67.05,31.76,17.58,32.77,6.94,348.46,0.422,0.394,17.47,8.58,6801.03,0.892,chickpea
5.0,51.02,39.16,28.9,56.12,5.78,550.89,0.392,0.331,30.36,75.36,6206.37,0.89,groundnut
65.78,25.8,38.16,17.57,92.66,6.27,565.91,0.542,0.482,20.44,134.93,2558.12,0.884,tomato
60.06,59.28,33.37,18.06,51.77,5.75,488.18,0.574,0.5,14.6,5.29,2047.84,0.653,potato
89.75,29.42,33.37,22.2,58.02,6.68,938.74,0.607,0.486,23.2,90.95,2361.79,0.744,wheat
84.49,38.57,39.73,25.16,33.13,5.87,711.06,0.572,0.497,22.17,107.89,1433.62,0.828,maize
22.48,72.77,43.85,26.11,57.52,7.93,520.13,0.544,0.435,26.57,107.27,7724.63,0.859,chickpea
64.69,51.89,42.24,19.17,66.68,5.98,682.26,0.537,0.473,17.6,68.6,2378.51,0.664,tomato
108.12,62.5,27.27,26.02,54.61,6.25,971.89,0.738,0.573,30.32,89.85,2460.89,0.764,maize
116.98,63.7,50.9,22.21,66.42,5.93,580.33,0.786,0.459,19.87,72.21,2674.88,0.916,tomato
102.07,45.06,58.89,26.09,58.79,6.47,759.77,0.615,0.476,26.92,159.88,2793.91,0.61,tomato
95.01,42.22,44.73,27.75,75.38,6.43,557.83,0.679,0.472,26.65,27.72,2271.06,0.812,maize
28.24,29.73,29.57,20.34,63.79,6.87,687.42,0.48,0.437,21.87,111.89,4776.64,0.948,soybean
73.48,29.68,56.94,21.47,47.09,6.72,440.73,0.602,0.365,20.62,0.0,2370.87,0.801,wheat
62.99,28.26,54.87,31.63,71.56,6.87,922.81,0.576,0.621,28.39,179.53,5497.73,0.882,soybean
103.02,11.05,44.33,24.15,50.53,6.4,853.48,0.639,0.559,23.72,82.18,8146.41,0.722,cotton
108.86,34.36,54.26,26.32,53.29,5.97,708.69,0.631,0.421,25.17,57.54,2509.21,0.864,maize
93.78,50.15,49.55,24.86,70.28,6.44,886.7,0.754,0.566,24.63,107.78,2359.7,0.851,rice
104.75,39.81,38.28,27.33,78.32,6.27,927.18,0.625,0.606,27.26,116.59,2047.92,0.847,tomato
31.74,51.95,48.63,25.95,65.86,6.26,624.02,0.477,0.466,28.25,111.79,5950.54,0.75,groundnut
74.35,75.51,30.88,27.51,64.39,6.68,350.63,0.676,0.342,26.04,63.63,5148.73,0.655,chickpea
47.57,23.45,32.16,29.55,86.44,6.01,805.0,0.694,0.621,27.13,71.24,4985.53,0.917,soybean
154.18,54.02,43.46,32.69,40.78,6.75,781.23,0.688,0.459,33.45,108.08,4560.89,0.718,cotton
80.57,18.46,48.32,24.89,68.67,6.9,711.87,0.695,0.56,24.75,57.39,2080.04,0.852,tomato
95.1,66.27,44.94,20.84,47.59,5.64,637.23,0.612,0.484,19.58,103.88,1675.15,0.732,potato
95.49,42.44,40.57,19.36,68.96,6.45,723.25,0.6,0.498,19.64,77.97,8326.71,0.794,cotton
97.92,10.4,60.52,18.49,78.22,6.34,534.8,0.68,0.395,15.85,37.79,2067.96,0.749,tomato
89.51,44.84,52.33,27.97,69.99,6.9,1843.21,0.66,0.75,29.83,150.73,500.0,0.78,sugarcane
93.38,42.77,49.32,18.98,71.86,6.17,944.22,0.598,0.569,17.44,96.51,2135.68,0.922,tomato
113.4,5.0,51.59,31.35,65.88,6.11,938.14,0.734,0.61,35.06,168.01,6326.32,0.659,cotton
50.51,44.64,40.8,31.24,61.62,7.03,776.79,0.589,0.511,29.49,152.21,5532.36,0.933,soybean
77.61,64.04,49.44,18.39,66.98,5.12,690.46,0.55,0.481,21.61,97.05,1856.76,0.769,potato
133.33,48.84,47.26,24.02,49.38,6.7,2200.0,0.772,0.75,23.5,220.79,500.0,0.682,sugarcane
43.79,51.82,49.23,21.4,73.8,6.84,1026.88,0.514,0.624,21.77,148.84,1970.98,0.914,maize
120.17,31.47,34.55,31.54,61.29,6.26,752.79,0.623,0.583,30.83,90.9,8141.31,0.816,cotton
98.12,34.75,54.59,18.43,60.92,4.97,565.59,0.57,0.448,19.88,28.26,2274.73,0.676,potato
80.95,19.19,60.18,20.11,60.54,5.74,550.55,0.614,0.374,16.18,95.53,1826.14,0.735,tomato
42.9,66.43,43.7,30.68,47.91,5.97,642.66,0.508,0.439,25.68,49.02,4778.57,0.809,groundnut
89.0,39.13,33.04,26.19,65.97,6.67,1470.97,0.658,0.718,20.7,117.92,2123.73,0.66,rice
131.66,64.17,52.62,28.39,87.19,6.26,1390.65,0.783,0.75,27.92,152.73,500.0,0.816,sugarcane
97.6,19.09,61.84,29.53,62.07,6.88,661.89,0.713,0.472,25.79,52.46,4995.99,0.756,cotton
76.77,36.19,34.9,24.26,68.37,5.48,578.13,0.529,0.404,25.06,93.97,2374.06,0.76,tomato
63.89,23.48,43.32,22.66,58.16,7.06,621.97,0.601,0.408,17.81,9.59,1374.03,0.776,maize
96.11,55.75,52.96,26.12,53.74,6.29,1332.27,0.669,0.699,29.97,166.26,500.0,0.812,sugarcane
68.86,39.86,36.92,21.44,61.8,6.42,726.47,0.637,0.548,20.52,103.5,2195.34,0.794,tomato
50.0,48.35,43.42,24.09,59.99,6.53,752.74,0.632,0.441,23.31,45.33,6992.73,0.711,groundnut
5.0,62.84,34.36,22.63,54.96,7.79,355.17,0.441,0.383,24.1,37.66,4521.04,0.477,chickpea
114.31,40.27,38.1,28.18,81.03,6.19,1121.18,0.742,0.602,25.65,91.91,2555.05,0.77,maize
100.68,42.52,57.4,16.91,66.43,5.71,468.25,0.472,0.475,15.51,37.38,1602.71,0.704,potato
52.48,42.87,33.83,30.99,33.23,5.69,555.52,0.487,0.309,30.01,89.08,4788.34,0.868,groundnut
76.71,34.21,59.4,21.01,77.06,5.67,784.46,0.544,0.539,23.66,82.47,2590.42,0.807,tomato
128.91,65.23,52.0,23.7,73.36,6.78,1290.14,0.64,0.691,20.71,147.97,500.0,0.673,sugarcane
97.97,26.82,70.87,25.11,56.35,6.27,753.27,0.762,0.441,26.06,87.5,5309.0,0.885,cotton
100.93,29.39,24.34,28.03,67.86,6.86,1350.1,0.615,0.678,27.45,115.14,2363.45,0.842,rice
34.98,8.91,23.38,18.31,58.62,6.04,371.8,0.479,0.407,15.52,32.15,5987.4,0.817,groundnut
39.94,40.93,51.61,26.4,62.65,6.54,421.31,0.485,0.478,24.9,53.47,5649.22,0.753,groundnut
98.74,32.01,41.99,31.03,68.41,5.33,745.7,0.684,0.568,32.15,83.76,1451.64,0.813,tomato
62.79,51.42,27.84,19.57,46.25,6.19,577.43,0.531,0.51,19.97,127.65,1790.58,0.692,maize
139.78,59.25,39.27,25.11,61.65,6.39,1424.72,0.698,0.713,26.47,152.07,500.0,0.874,sugarcane
88.06,53.84,47.32,20.66,44.8,6.57,862.93,0.641,0.498,19.98,25.71,2919.96,0.869,wheat
71.16,42.25,20.07,21.52,76.96,6.21,904.87,0.61,0.563,19.5,76.48,2157.7,0.878,maize
119.11,31.43,19.53,25.08,69.47,6.34,865.09,0.687,0.5,22.77,44.55,2212.98,1.0,maize
57.36,61.63,10.68,24.98,59.27,6.47,930.28,0.613,0.546,22.18,89.2,5284.04,0.706,soybean
37.73,64.85,35.45,24.82,59.42,6.27,642.89,0.562,0.411,27.53,131.32,4436.24,0.808,groundnut
31.84,29.79,40.98,25.99,63.43,6.35,465.92,0.459,0.413,24.64,16.49,5880.16,0.651,groundnut
79.06,57.7,57.25,15.91,38.55,7.12,561.6,0.513,0.374,16.76,74.23,5836.82,0.782,chickpea
77.16,58.05,19.4,24.03,66.36,6.85,470.1,0.599,0.353,23.64,19.73,6049.98,0.627,chickpea
58.63,56.07,39.77,21.37,69.51,6.25,687.37,0.525,0.545,19.83,42.08,5360.12,0.776,soybean
25.95,46.35,45.2,26.67,66.56,5.37,510.31,0.519,0.468,29.08,62.39,7539.97,0.754,groundnut
15.08,58.49,42.85,21.58,70.1,6.04,843.27,0.449,0.556,21.48,62.67,4573.25,0.726,soybean
103.09,43.05,42.3,21.54,62.89,5.74,636.11,0.592,0.419,21.23,62.71,1917.15,0.797,potato
77.81,27.88,27.83,29.76,63.23,5.98,595.58,0.541,0.461,31.75,96.43,7830.36,0.721,cotton
108.91,46.88,55.55,28.3,56.31,6.94,1227.69,0.745,0.561,29.05,150.01,500.0,0.772,sugarcane
63.66,55.27,27.84,12.94,57.23,7.21,530.58,0.459,0.422,10.84,22.5,2625.41,0.863,wheat
56.89,7.55,37.52,22.95,68.98,6.17,1155.18,0.604,0.635,23.62,100.51,2129.27,0.698,maize
93.96,33.26,18.11,17.82,69.45,6.05,622.71,0.517,0.508,19.75,20.07,1751.13,0.703,potato
44.57,55.48,42.56,25.19,60.12,7.28,514.3,0.66,0.389,23.42,166.1,6269.82,0.817,groundnut
104.93,68.57,46.13,25.33,65.61,5.52,1359.97,0.743,0.731,25.22,124.13,2362.57,0.772,rice
40.27,23.89,53.32,29.18,58.3,6.53,732.33,0.535,0.431,31.1,105.66,5981.17,1.0,groundnut
48.25,49.11,31.77,20.48,56.88,6.35,336.22,0.508,0.285,16.67,0.0,6263.35,0.763,chickpea
107.37,62.36,50.08,13.43,47.04,7.14,715.39,0.542,0.48,15.33,98.87,2295.4,0.66,wheat
102.1,32.53,43.94,28.34,52.93,6.1,816.59,0.663,0.619,25.11,40.23,2260.17,0.903,tomato
26.25,47.77,55.74,28.0,63.51,6.33,559.27,0.5,0.453,30.21,34.22,4663.32,0.695,soybean
94.07,43.4,54.85,19.05,51.29,6.3,700.85,0.539,0.416,17.58,36.95,2037.86,0.789,wheat
48.04,31.98,88.75,24.07,63.61,6.39,874.45,0.652,0.646,27.74,35.68,2000.46,0.68,wheat
51.49,56.75,53.33,24.31,74.48,5.56,613.97,0.689,0.406,24.49,43.0,4642.03,0.782,groundnut
112.23,29.19,73.09,20.05,65.09,6.67,530.09,0.598,0.402,17.16,3.54,6662.85,0.701,cotton
57.44,35.02,50.82,31.73,41.91,6.11,405.77,0.52,0.313,29.74,85.86,4982.43,0.79,groundnut
102.6,44.98,27.63,16.68,70.94,7.15,908.78,0.603,0.614,18.4,33.63,2268.54,0.941,tomato
49.79,43.5,37.37,22.95,53.74,5.19,922.53,0.403,0.571,24.89,107.66,4693.42,0.812,soybean
39.06,56.05,41.62,27.72,67.91,6.17,782.39,0.532,0.583,27.17,68.83,5391.68,0.767,soybean
87.97,40.15,54.65,14.27,42.14,5.89,703.29,0.5,0.537,14.76,56.18,2400.65,0.792,wheat
118.71,62.36,54.89,30.21,55.71,6.87,1556.77,0.566,0.75,30.68,156.65,500.0,0.845,sugarcane
80.59,63.86,37.46,19.63,64.34,6.49,864.45,0.536,0.556,17.59,54.64,2083.03,0.724,potato
76.64,65.17,29.02,20.4,78.22,5.9,822.48,0.596,0.591,19.71,139.51,2107.71,0.784,wheat
67.82,32.0,43.06,28.1,54.19,5.05,883.69,0.687,0.51,25.97,83.57,6803.12,0.85,cotton
115.0,47.77,70.58,33.47,64.66,6.28,756.43,0.479,0.553,31.35,114.93,9079.3,0.605,cotton
57.08,37.65,54.43,19.57,64.78,6.18,759.33,0.547,0.399,19.81,83.88,2498.2,0.743,potato
79.3,48.61,42.53,29.21,69.13,7.05,668.27,0.536,0.423,29.82,70.55,6032.58,0.791,cotton
117.11,49.46,65.52,23.94,82.63,6.66,1739.93,0.678,0.75,21.17,214.85,500.0,0.751,sugarcane
51.06,69.55,37.63,25.98,72.76,6.18,453.83,0.668,0.377,26.79,53.39,6074.69,0.518,groundnut
69.02,42.03,48.1,28.96,41.45,7.41,413.89,0.527,0.351,28.94,53.88,7229.65,0.672,chickpea
71.95,41.7,53.23,23.25,80.66,6.52,990.67,0.657,0.637,24.76,79.23,1924.95,0.855,maize
86.74,64.47,56.37,20.28,57.34,6.17,596.26,0.608,0.549,19.65,0.0,2015.58,0.617,potato
70.89,31.36,50.84,21.4,68.8,6.48,565.52,0.629,0.475,19.81,96.97,1834.61,0.827,potato
84.02,36.05,39.14,20.96,93.53,7.0,1270.16,0.612,0.661,19.65,178.92,2202.68,0.799,rice
67.78,50.93,33.22,27.15,37.9,7.21,379.05,0.644,0.339,27.16,98.42,5450.86,0.722,chickpea
110.95,44.54,30.9,22.9,70.74,6.48,921.44,0.781,0.555,25.13,140.92,2507.58,0.644,maize
86.41,42.25,30.67,30.22,74.32,6.14,1023.1,0.602,0.649,29.41,77.37,2222.08,0.897,rice
122.1,60.19,53.99,26.32,75.05,6.04,1423.64,0.708,0.726,26.76,140.63,500.0,0.795,sugarcane
60.46,73.21,46.16,22.4,77.23,6.17,664.12,0.597,0.579,24.5,102.11,6211.57,0.89,soybean
32.94,63.28,17.65,17.28,51.8,6.5,346.14,0.52,0.376,17.47,58.74,5181.83,0.61,chickpea
139.05,48.01,50.91,28.5,77.06,5.35,1619.17,0.692,0.75,28.9,184.03,500.0,0.687,sugarcane
62.07,20.09,41.42,29.67,53.8,5.5,438.1,0.548,0.36,30.27,88.59,5452.59,0.882,groundnut
96.05,38.54,59.0,15.29,77.75,5.38,518.87,0.555,0.406,13.53,22.62,1886.09,0.73,potato
79.36,32.39,15.86,29.25,53.63,6.67,624.01,0.662,0.559,25.88,24.43,2343.54,0.871,maize
35.07,42.11,40.42,16.65,51.74,7.28,431.72,0.442,0.509,16.59,57.3,7646.9,0.791,chickpea
137.1,24.89,64.65,33.41,60.72,6.73,606.87,0.63,0.415,31.86,82.13,6364.44,0.799,cotton
125.77,62.98,61.81,23.61,85.55,6.4,1271.41,0.753,0.616,23.96,161.5,500.0,0.909,sugarcane
52.02,55.95,35.57,23.14,30.63,7.51,414.77,0.617,0.241,24.28,61.06,5051.02,0.636,chickpea
107.48,58.88,56.5,26.84,91.88,5.89,1166.04,0.695,0.67,26.96,147.98,2414.94,0.789,rice
112.28,39.04,36.89,27.29,73.0,6.41,1369.69,0.834,0.625,26.71,110.87,1350.6,0.887,rice
64.58,61.23,37.66,26.2,51.08,6.99,343.91,0.586,0.346,22.09,3.23,6951.77,0.718,chickpea
5.04,54.7,49.4,27.86,45.36,6.43,481.77,0.395,0.372,28.22,56.92,6718.74,0.891,groundnut
109.94,52.82,52.88,18.9,78.76,5.45,1052.46,0.656,0.652,17.87,173.81,2280.25,0.79,rice
103.36,44.36,22.51,26.52,53.06,6.35,840.57,0.639,0.496,25.43,26.16,2668.56,0.89,maize
10.07,64.7,54.51,24.81,48.09,6.49,733.44,0.541,0.477,24.61,69.58,4039.83,0.895,groundnut
89.01,31.28,25.42,22.89,60.11,7.17,561.18,0.55,0.421,25.81,26.01,3673.44,0.618,chickpea
79.85,43.54,39.51,20.62,74.36,6.77,677.45,0.568,0.546,24.01,45.76,2360.89,0.548,wheat
50.99,63.98,60.27,24.37,40.74,5.35,710.87,0.625,0.483,25.65,95.04,7449.45,0.651,groundnut
111.81,56.99,49.85,28.66,74.6,6.03,1241.78,0.754,0.75,25.78,133.27,1379.23,0.806,rice
30.81,54.54,40.98,21.07,89.23,7.08,781.2,0.631,0.618,21.24,89.53,5888.73,0.695,soybean
29.68,41.29,35.99,23.66,69.95,6.22,481.48,0.579,0.326,22.42,40.12,4808.25,0.814,groundnut
122.93,44.1,17.06,23.87,70.65,5.92,576.47,0.731,0.469,21.18,59.07,2191.33,0.952,maize
115.39,22.26,43.66,22.16,57.83,6.16,778.69,0.789,0.501,20.88,81.05,8565.86,0.802,cotton
116.06,40.82,55.66,32.87,84.07,6.96,1829.1,0.635,0.75,29.93,190.34,500.0,0.636,sugarcane
103.17,38.64,24.78,18.95,65.33,5.59,817.5,0.683,0.516,17.88,151.67,2575.56,0.744,maize
61.54,60.38,64.7,21.55,49.0,6.7,458.48,0.572,0.398,21.69,24.5,5640.38,0.662,chickpea
33.21,58.6,34.31,26.29,42.06,6.25,481.83,0.53,0.373,23.65,55.13,8250.2,0.567,chickpea
76.76,43.7,40.93,20.51,56.91,6.21,486.42,0.656,0.342,20.15,17.79,2210.79,0.813,tomato
74.67,56.86,53.53,28.71,64.49,6.08,932.94,0.515,0.515,29.15,64.24,2122.5,0.917,rice
39.84,58.62,49.0,14.8,47.81,6.15,477.75,0.492,0.39,13.66,57.69,6902.15,0.748,chickpea
122.97,21.71,37.19,22.34,56.48,6.33,559.28,0.721,0.406,21.61,1.02,7072.74,0.741,cotton
84.95,38.26,30.47,19.25,62.73,6.71,622.14,0.593,0.458,18.84,108.23,2227.7,0.657,wheat
71.18,42.83,36.2,26.05,53.39,7.04,519.45,0.699,0.531,22.95,31.43,7643.07,0.651,cotton
37.67,47.06,40.5,23.99,68.78,6.57,755.07,0.604,0.55,21.87,116.5,4346.99,0.825,soybean
31.57,36.11,57.9,26.63,80.38,6.61,660.01,0.565,0.515,31.06,90.61,4264.72,0.771,soybean
39.98,34.01,67.11,25.92,85.38,5.68,629.48,0.652,0.53,25.73,18.76,2581.76,1.0,tomato
43.74,37.8,21.7,22.79,53.2,6.63,810.38,0.562,0.543,23.87,57.34,5145.56,0.821,soybean
70.81,60.21,16.47,26.06,56.11,5.78,762.69,0.715,0.504,27.82,33.75,2111.05,0.818,maize
69.54,53.11,45.3,23.5,67.88,6.0,439.06,0.609,0.458,21.81,42.97,1789.22,0.672,potato
116.31,49.36,50.32,28.41,68.37,6.55,1095.13,0.651,0.67,28.13,144.83,500.0,0.657,sugarcane
104.52,48.91,44.14,27.69,73.56,5.27,1614.81,0.679,0.75,27.26,199.44,500.0,0.834,sugarcane
63.81,44.52,53.65,26.78,68.85,5.95,885.56,0.586,0.421,28.31,116.71,4457.59,0.853,soybean
87.61,46.12,39.12,27.07,55.94,6.32,712.65,0.576,0.44,28.15,0.0,1515.65,1.0,maize
54.57,55.4,66.73,25.82,59.82,6.45,434.8,0.527,0.376,24.91,42.01,7304.89,0.674,chickpea
122.58,33.61,60.97,30.73,75.63,6.77,945.77,0.611,0.564,29.67,57.6,2603.62,0.824,rice
97.78,27.35,40.61,24.19,58.53,7.26,644.09,0.622,0.456,21.46,147.57,2397.1,0.592,wheat
87.42,27.03,36.59,22.42,55.91,5.63,505.45,0.604,0.386,24.08,60.1,2553.92,0.597,tomato
64.91,39.25,33.48,21.17,51.61,7.77,437.75,0.606,0.373,23.32,70.12,6175.02,0.659,chickpea
27.12,41.36,54.88,22.79,51.17,6.08,514.44,0.482,0.406,23.0,17.76,4833.84,0.832,groundnut
92.99,30.01,28.65,24.26,51.85,6.22,383.96,0.625,0.306,23.65,36.44,2524.84,0.759,maize
142.25,54.25,46.0,35.72,66.32,6.28,839.59,0.635,0.585,32.99,55.6,8562.89,0.919,cotton
119.04,54.31,31.21,17.84,88.54,5.73,1202.86,0.694,0.705,19.24,206.21,2382.0,0.777,rice
77.63,45.4,51.02,21.92,63.38,6.4,719.59,0.565,0.563,20.61,146.35,7157.24,0.721,cotton
74.61,30.83,16.22,26.72,73.69,6.01,596.79,0.684,0.463,22.71,72.69,2191.78,0.959,maize
72.85,68.15,33.09,18.93,79.89,6.22,892.54,0.57,0.56,16.74,76.37,1502.03,0.55,potato
132.99,30.34,46.89,21.35,63.11,6.43,761.31,0.731,0.5,22.33,73.08,7780.65,0.782,cotton
39.77,68.19,41.18,25.74,67.52,7.07,633.11,0.639,0.462,25.99,115.31,6258.24,0.736,groundnut
99.53,44.7,43.78,27.23,67.6,6.46,455.94,0.629,0.315,26.73,62.09,7130.83,0.889,cotton
5.0,43.41,55.97,25.52,44.6,6.06,369.97,0.428,0.366,23.17,75.94,5738.13,0.769,groundnut
37.42,64.3,5.0,22.89,65.16,6.93,604.0,0.485,0.415,22.55,55.28,7315.79,0.7,chickpea
52.55,51.84,49.64,24.34,53.12,5.54,642.47,0.555,0.417,28.07,83.77,4594.62,0.768,soybean
47.44,54.03,33.2,16.33,48.32,5.45,791.88,0.452,0.529,14.97,3.19,5737.38,0.889,soybean
77.47,56.87,57.0,30.01,72.08,5.9,829.87,0.532,0.5,27.7,121.1,1924.59,0.91,tomato
37.24,39.82,49.88,27.11,55.34,6.59,853.53,0.571,0.576,27.21,76.12,4852.96,0.892,soybean
106.63,74.33,47.63,29.76,79.69,7.25,1350.84,0.696,0.75,29.45,88.43,500.0,0.817,sugarcane
112.06,42.63,55.62,27.82,82.73,6.35,1120.15,0.732,0.637,25.93,121.69,2179.88,0.773,rice
61.02,52.79,35.9,28.61,60.23,6.64,909.95,0.641,0.61,26.57,146.04,5278.27,0.821,soybean
29.82,71.36,40.57,28.61,41.93,6.23,826.61,0.461,0.474,32.09,61.38,5167.71,0.83,groundnut
66.28,20.55,61.71,18.71,68.47,6.22,761.28,0.455,0.445,20.9,71.86,2328.64,0.68,wheat
36.72,52.05,31.96,24.4,55.83,6.41,546.3,0.633,0.467,24.0,102.99,7429.53,0.556,groundnut
56.0,31.29,44.01,13.74,50.28,5.96,418.29,0.531,0.39,12.01,40.74,6517.57,0.747,chickpea
134.81,52.91,41.29,29.43,78.34,7.04,1594.81,0.668,0.75,31.27,196.86,500.0,0.647,sugarcane
70.4,24.87,39.09,26.2,77.37,6.01,758.9,0.622,0.495,25.51,115.24,1448.79,0.695,tomato
42.03,33.2,28.48,28.44,68.02,7.22,700.63,0.52,0.477,27.8,46.96,4995.11,0.793,soybean
90.32,38.68,14.26,28.58,59.68,6.49,244.9,0.648,0.31,25.47,5.17,1883.81,0.895,maize
77.44,31.46,42.92,14.35,49.5,6.67,327.13,0.473,0.425,15.21,9.68,2227.96,0.814,wheat
55.26,57.03,40.19,23.43,65.88,6.89,509.46,0.579,0.401,21.23,0.0,6473.45,0.629,groundnut
38.17,33.51,38.67,22.73,43.33,6.02,423.12,0.574,0.409,22.64,20.49,7216.1,0.586,chickpea
28.25,72.13,29.97,25.03,30.86,7.33,370.41,0.55,0.314,27.67,6.44,7111.92,0.672,chickpea
89.65,36.4,31.6,17.69,54.19,6.14,765.5,0.546,0.462,18.78,63.44,1495.78,1.0,wheat
94.31,52.14,42.4,18.35,82.22,5.7,512.92,0.426,0.488,21.25,29.16,1543.08,0.907,maize
5.0,41.72,34.47,26.73,37.22,7.2,482.14,0.483,0.344,26.74,57.5,6388.45,0.585,groundnut
28.12,41.61,45.94,21.92,63.22,6.39,366.85,0.576,0.31,23.47,41.18,5404.14,0.649,groundnut
144.65,42.49,44.5,37.17,93.44,5.98,1385.01,0.663,0.75,35.34,245.89,2295.46,0.819,rice
70.26,30.33,41.22,21.9,55.85,5.7,533.58,0.468,0.426,16.65,69.85,2246.25,0.81,maize
114.85,25.84,38.16,30.28,41.42,6.0,698.43,0.691,0.425,27.04,85.02,2621.34,0.958,wheat
96.11,54.68,35.16,19.75,48.07,6.49,577.3,0.568,0.506,18.09,94.61,1778.32,0.907,maize
62.59,47.63,22.92,27.47,55.82,6.91,739.22,0.588,0.558,26.41,109.7,2879.93,0.884,wheat
139.01,31.49,32.9,26.97,72.82,6.18,1113.49,0.743,0.695,26.94,130.28,2435.74,0.834,rice
63.48,47.46,30.53,14.13,56.48,6.28,424.38,0.411,0.332,12.84,0.0,2257.75,0.709,wheat
77.25,49.88,25.06,29.93,70.94,6.59,828.69,0.597,0.526,33.88,96.54,2077.98,0.826,wheat
43.74,40.73,38.93,26.12,50.96,5.94,561.95,0.555,0.448,24.01,43.92,5600.58,0.841,groundnut
31.98,51.26,41.32,18.63,66.52,5.99,472.97,0.482,0.309,15.12,76.72,6375.39,0.68,groundnut
63.38,40.92,57.55,26.3,72.25,6.71,555.33,0.613,0.423,26.04,53.95,1988.52,0.773,tomato
98.82,13.08,45.03,22.51,72.57,5.82,569.21,0.583,0.419,20.28,75.58,7479.71,1.0,cotton
42.67,56.63,34.17,24.73,68.1,7.31,505.07,0.53,0.352,25.25,43.98,6948.83,0.639,chickpea
108.95,25.76,43.81,22.31,46.57,6.66,710.55,0.622,0.42,19.91,82.2,6234.15,0.91,cotton
81.22,43.86,23.25,22.41,59.09,6.16,768.02,0.607,0.507,22.37,80.58,2090.55,0.793,maize
70.14,45.83,48.62,21.86,66.1,7.19,678.46,0.591,0.492,19.42,72.8,6063.93,0.749,cotton
72.86,36.74,46.43,20.22,61.81,5.68,1215.99,0.472,0.669,22.51,157.87,5412.97,0.758,soybean
69.33,47.01,46.35,18.38,64.47,5.94,703.11,0.508,0.513,19.42,25.38,2063.67,0.936,potato
67.8,33.18,38.04,21.46,72.16,6.21,826.98,0.631,0.61,20.12,139.97,1992.21,0.845,tomato
105.85,32.75,29.95,35.06,58.08,6.59,1831.58,0.483,0.75,34.54,183.86,500.0,0.688,sugarcane
81.26,61.65,38.59,29.75,71.06,6.15,493.61,0.621,0.407,28.2,30.76,7369.75,0.601,cotton
134.7,36.87,53.84,25.5,71.06,6.25,1344.18,0.871,0.743,25.89,190.28,2398.35,0.786,rice
72.92,42.68,18.61,17.63,71.86,6.1,1607.67,0.595,0.75,15.85,127.14,2283.86,0.92,rice
111.34,60.2,63.15,25.98,70.64,5.64,894.36,0.766,0.543,23.27,48.45,1784.89,0.977,rice
76.26,73.25,26.5,26.33,75.77,6.89,1271.86,0.662,0.746,28.02,159.9,2651.49,0.782,rice
77.57,32.43,25.6,20.75,55.76,6.79,1100.51,0.667,0.621,20.25,100.76,3212.42,0.81,soybean
91.55,34.45,44.3,24.81,71.07,6.43,767.05,0.767,0.513,27.63,82.27,2033.28,0.709,wheat
91.95,47.14,61.82,30.36,58.02,7.15,1008.63,0.538,0.627,27.85,87.86,500.0,0.842,sugarcane
109.18,68.99,30.0,22.02,76.37,6.81,1263.53,0.727,0.733,23.74,122.04,500.0,0.755,sugarcane
77.29,55.24,49.38,19.64,64.24,6.12,527.12,0.498,0.371,20.68,39.89,2590.21,0.72,tomato
84.74,35.82,23.8,25.59,71.82,6.21,783.07,0.587,0.551,27.08,103.88,1786.49,0.925,tomato
29.89,62.11,29.85,26.68,59.63,6.42,252.45,0.629,0.281,29.46,0.0,6166.24,0.717,groundnut
80.7,49.95,64.02,21.53,59.83,6.13,553.34,0.708,0.421,23.05,93.58,1715.87,0.717,potato
124.79,23.63,64.8,19.66,70.01,6.03,549.32,0.688,0.493,21.05,30.89,7908.01,0.667,cotton
123.38,50.1,47.35,28.8,69.87,7.0,512.62,0.67,0.351,29.33,71.97,5548.67,0.815,cotton
104.09,33.03,52.68,28.79,55.78,6.21,598.18,0.588,0.548,27.53,98.04,7171.92,0.714,cotton
124.99,59.47,59.62,26.75,76.57,6.38,1395.4,0.798,0.75,23.93,123.37,500.0,0.625,sugarcane
34.89,62.18,34.62,28.48,61.18,6.15,633.25,0.474,0.525,26.93,16.4,4565.7,0.769,groundnut
14.13,21.73,24.23,24.78,63.72,6.54,607.1,0.513,0.442,23.32,87.6,4999.17,0.845,groundnut
96.35,39.48,60.84,35.04,56.05,6.46,769.95,0.456,0.396,32.37,67.37,6239.77,0.668,cotton
37.1,32.92,50.97,20.72,82.42,5.65,670.26,0.485,0.517,21.16,93.02,2239.48,0.815,tomato
117.21,52.0,21.61,29.97,69.43,6.6,1693.67,0.678,0.75,30.87,223.58,500.0,0.875,sugarcane
123.38,22.6,41.7,22.68,60.2,7.29,678.3,0.689,0.393,22.11,108.1,6737.25,0.718,cotton
58.38,50.53,46.12,21.13,54.61,7.0,436.06,0.512,0.427,18.62,35.43,7617.48,0.624,chickpea
56.69,79.13,44.37,25.53,65.21,6.0,283.92,0.637,0.414,26.32,0.0,1935.41,0.567,tomato
57.01,31.13,61.53,25.69,71.58,6.44,494.26,0.439,0.375,27.05,103.23,4577.95,0.754,groundnut
109.26,43.33,42.3,28.76,98.22,5.53,1781.62,0.667,0.75,29.06,178.94,2264.33,0.771,rice
121.63,47.3,29.28,39.37,63.36,5.59,1489.13,0.509,0.75,40.13,128.53,1744.9,0.957,rice
78.59,44.59,40.45,15.35,59.19,6.73,780.37,0.545,0.502,14.02,104.91,2564.86,0.62,wheat
104.22,29.11,37.46,23.52,64.54,6.95,738.7,0.676,0.535,20.71,87.1,7456.39,0.777,cotton
60.24,42.16,52.43,25.29,75.71,5.73,585.07,0.567,0.474,26.59,80.64,2061.59,0.791,tomato
80.6,5.0,36.08,20.34,59.01,5.89,850.61,0.67,0.577,20.21,67.75,2004.59,0.733,potato
76.72,34.97,38.07,17.6,59.99,5.89,618.69,0.543,0.412,17.86,106.96,1879.53,0.837,potato
83.72,29.61,39.01,17.52,65.53,6.24,739.15,0.51,0.506,16.68,88.68,1777.55,0.775,potato
39.78,34.56,25.09,19.04,50.43,6.93,566.23,0.46,0.406,21.05,0.0,8229.26,0.548,chickpea
95.33,61.88,42.97,23.95,83.38,6.23,1408.36,0.696,0.738,21.56,121.29,500.0,0.727,sugarcane
85.26,60.18,63.7,25.89,49.9,6.78,1505.67,0.683,0.75,25.13,120.6,500.0,0.82,sugarcane
63.61,64.56,13.71,21.08,39.2,6.37,502.98,0.52,0.378,19.74,63.25,7161.39,0.917,chickpea
63.39,58.73,39.06,22.34,71.33,7.44,832.01,0.61,0.525,20.64,112.26,1830.33,0.827,maize
38.78,40.58,19.51,29.9,61.05,6.11,761.17,0.49,0.538,27.94,0.0,6334.6,0.818,groundnut
106.77,15.24,17.75,17.83,43.84,6.33,585.25,0.563,0.346,17.0,108.32,2309.5,0.839,wheat
140.87,36.69,49.45,34.26,60.54,7.18,1685.98,0.63,0.75,34.9,124.4,1851.11,0.743,rice
103.79,46.81,35.57,20.49,77.21,5.47,533.53,0.543,0.484,18.87,65.94,1770.26,0.646,tomato
54.2,37.66,59.17,25.62,56.93,4.72,785.0,0.609,0.529,26.08,38.44,2137.37,0.779,tomato
133.71,52.78,50.43,24.21,73.99,6.39,1878.88,0.764,0.75,20.72,131.03,500.0,0.658,sugarcane
132.73,71.0,56.98,26.72,80.43,6.84,1935.14,0.628,0.75,29.92,213.23,500.0,0.678,sugarcane
106.15,33.25,18.0,29.3,84.5,6.37,1190.81,0.642,0.732,29.09,158.44,2167.31,0.836,rice
24.96,44.35,46.5,24.48,59.16,6.39,507.37,0.55,0.398,23.72,88.42,5952.61,0.795,groundnut
5.0,53.51,36.12,21.42,57.65,6.43,698.65,0.352,0.49,24.7,125.65,5880.37,0.701,groundnut
61.43,29.17,33.33,19.75,67.44,7.05,714.27,0.591,0.548,19.46,30.79,1672.42,0.771,tomato
112.85,40.37,34.21,25.95,59.93,7.12,774.59,0.659,0.465,27.26,60.84,7790.85,0.744,cotton
91.92,37.21,44.01,18.16,72.33,6.48,666.11,0.526,0.496,18.7,46.79,2673.24,0.724,wheat
15.67,55.51,44.79,18.1,75.0,7.27,739.69,0.458,0.595,15.85,35.43,4195.64,0.794,soybean
97.74,34.45,33.14,22.68,59.83,6.12,384.52,0.62,0.329,21.01,0.0,2026.83,0.731,maize
162.4,54.49,52.16,26.76,81.67,6.98,1276.9,0.768,0.664,26.52,113.01,500.0,0.729,sugarcane
108.93,28.58,51.14,34.74,68.16,6.48,671.79,0.547,0.546,33.49,68.76,7053.76,0.7,cotton
74.27,36.94,15.48,22.47,64.02,6.55,878.82,0.642,0.554,23.67,57.13,2443.31,0.647,wheat
98.25,51.82,60.44,22.67,63.08,6.76,550.42,0.656,0.432,21.45,72.65,6352.98,0.807,soybean
19.96,37.21,33.26,23.81,48.25,6.12,524.73,0.489,0.393,18.09,65.97,5447.11,0.719,groundnut
106.92,87.13,45.73,28.15,74.74,7.66,1393.44,0.562,0.75,26.01,87.11,500.0,0.874,sugarcane
74.75,44.51,29.1,32.96,45.95,7.62,810.56,0.588,0.443,31.51,43.26,2068.18,0.851,maize
118.27,44.78,56.53,18.17,54.07,5.65,626.36,0.663,0.548,19.88,76.72,6462.18,0.695,cotton
55.16,53.83,38.19,32.38,89.15,6.74,776.72,0.59,0.553,32.32,35.67,2185.28,0.683,tomato
98.93,29.12,35.08,20.76,53.51,6.68,499.75,0.636,0.469,20.44,43.59,2429.88,0.892,wheat
57.43,59.89,62.91,18.91,62.11,5.37,702.46,0.592,0.471,17.84,71.77,1729.8,0.591,potato
162.48,41.3,46.66,29.89,72.03,6.81,1119.53,0.685,0.75,29.62,124.66,500.0,0.805,sugarcane
114.93,34.22,35.57,25.5,58.03,5.76,563.21,0.7,0.426,23.63,11.23,6104.33,0.78,cotton
119.04,36.5,35.49,34.14,72.59,6.88,724.47,0.62,0.404,35.64,78.78,7254.35,0.772,cotton
76.41,38.66,49.65,22.81,78.8,4.9,615.47,0.637,0.556,23.73,112.23,1945.78,0.723,potato
78.74,62.45,44.74,21.07,80.81,6.21,634.71,0.78,0.422,21.88,83.7,1319.01,0.669,potato
41.05,62.34,38.67,22.89,54.85,6.19,659.82,0.551,0.424,23.85,37.15,2225.99,0.856,tomato
118.9,25.63,59.39,26.76,68.56,6.12,397.11,0.607,0.517,25.56,78.08,5637.36,0.768,cotton
14.42,72.49,55.17,19.0,61.67,6.71,467.93,0.397,0.517,18.4,51.22,5829.26,0.886,chickpea
75.57,64.54,38.28,18.21,64.23,5.0,385.08,0.667,0.343,19.71,130.61,1688.1,0.776,potato
56.69,64.88,35.25,29.27,71.04,7.55,505.89,0.635,0.491,27.33,85.84,5042.02,0.767,soybean
91.72,54.08,47.29,32.28,85.23,6.09,801.13,0.55,0.526,33.52,82.94,1683.39,0.937,rice
87.0,40.5,38.43,24.75,72.54,6.72,879.69,0.732,0.533,24.51,92.28,2127.6,1.0,maize
31.6,51.93,39.92,28.94,62.87,5.55,385.7,0.488,0.471,27.24,31.28,5333.38,0.705,groundnut
25.04,43.88,48.75,27.43,59.19,5.55,680.73,0.418,0.386,26.41,70.85,4645.77,0.627,soybean
45.67,46.62,69.07,26.87,65.31,6.26,949.56,0.664,0.53,27.89,89.42,2466.18,0.848,tomato
73.2,35.93,51.33,19.14,63.22,5.41,619.28,0.514,0.422,17.86,69.31,2618.77,0.839,tomato
110.68,50.15,34.76,29.07,76.24,6.58,569.33,0.641,0.509,30.5,46.89,2152.3,0.767,tomato
41.7,68.49,55.72,25.55,51.76,6.94,826.89,0.567,0.542,24.89,101.28,4075.35,0.708,groundnut
64.3,48.07,38.23,20.38,40.27,7.4,389.2,0.511,0.287,17.0,54.78,6403.36,0.792,chickpea
45.5,51.35,41.19,22.7,61.91,5.21,568.95,0.615,0.529,20.81,63.29,5590.84,0.738,soybean
114.49,30.99,48.97,23.82,90.4,6.12,1127.16,0.672,0.665,24.52,85.08,2443.01,0.739,rice
77.0,34.6,36.84,27.77,35.63,6.5,387.81,0.552,0.296,24.78,70.74,2492.03,0.86,wheat
13.55,56.36,17.05,24.55,51.42,5.56,685.42,0.505,0.488,25.6,67.45,7178.53,0.804,groundnut
90.97,46.02,48.9,20.92,57.93,5.88,314.71,0.639,0.38,22.41,17.64,1883.44,0.872,potato
42.01,27.34,25.85,15.79,60.27,5.72,761.95,0.423,0.551,16.98,88.32,2159.93,0.909,tomato
102.93,38.96,28.03,24.85,64.04,6.15,559.0,0.65,0.428,20.09,29.78,8000.39,0.782,cotton
110.64,49.59,45.71,26.02,90.31,5.76,1202.49,0.713,0.629,26.74,123.52,2137.05,0.901,rice
98.92,46.42,36.9,31.69,77.43,5.89,574.91,0.606,0.451,33.69,33.63,2479.99,0.855,maize
77.43,57.13,44.71,33.49,61.81,6.41,1036.0,0.5,0.701,33.31,144.9,5361.77,0.707,soybean
102.93,57.02,56.72,29.84,82.29,6.39,1097.07,0.637,0.741,27.96,166.22,2093.73,0.983,rice
64.48,57.37,43.43,19.28,65.27,5.36,568.18,0.492,0.352,22.3,64.2,1973.53,0.832,tomato
91.86,32.58,41.15,24.31,52.09,6.14,688.02,0.546,0.496,24.45,64.69,8194.67,0.809,cotton
102.89,43.18,45.47,25.23,61.6,7.21,802.97,0.715,0.514,25.67,47.0,6812.8,0.803,cotton
64.7,65.35,42.25,14.98,41.14,7.29,705.58,0.418,0.384,19.54,114.89,7671.03,0.711,chickpea
103.2,50.97,26.43,28.35,59.75,7.24,1610.46,0.605,0.75,25.57,144.39,500.0,0.766,sugarcane
97.04,29.33,48.27,30.59,85.49,6.01,1668.86,0.643,0.75,27.39,156.48,2274.19,0.821,rice
53.71,33.88,29.74,20.92,41.75,7.76,258.94,0.52,0.36,22.45,12.6,5622.48,0.809,chickpea
60.14,68.27,44.39,22.21,53.98,5.89,669.94,0.445,0.479,18.78,1.01,6157.18,0.639,groundnut
67.12,53.66,35.2,22.67,79.06,6.5,403.07,0.574,0.367,21.57,60.01,4722.64,0.782,soybean
110.91,44.79,55.17,22.67,61.45,6.59,457.56,0.657,0.424,20.47,0.0,2016.39,0.743,potato
136.14,45.17,32.84,25.8,86.09,5.91,1043.93,0.756,0.586,29.44,84.57,2474.43,0.871,rice
97.28,13.64,45.85,27.48,62.63,7.22,583.01,0.68,0.465,28.39,47.44,7801.68,0.677,cotton
32.08,61.98,24.66,17.25,55.39,6.48,433.67,0.394,0.467,19.09,135.59,7122.74,0.731,chickpea
84.76,46.35,44.35,24.59,88.04,5.79,626.26,0.642,0.534,25.42,65.54,2034.97,0.835,tomato
33.02,55.9,50.3,14.01,50.11,6.01,817.18,0.372,0.495,18.62,113.08,1472.15,0.659,potato
42.56,53.27,58.32,22.53,58.83,6.88,277.08,0.604,0.331,25.42,0.0,4593.5,0.706,groundnut
125.85,36.35,35.98,24.87,57.96,6.64,653.11,0.681,0.517,25.39,28.48,7305.88,0.766,cotton
67.62,32.84,27.44,25.96,57.3,6.42,783.58,0.556,0.54,22.16,67.1,3696.39,0.758,soybean
105.85,41.24,37.14,26.0,64.34,7.11,827.31,0.681,0.521,26.72,73.62,500.0,0.745,sugarcane
67.16,41.73,64.16,22.97,61.72,6.55,1163.4,0.527,0.703,23.67,46.98,4615.51,0.797,soybean
50.45,41.76,41.93,24.37,69.33,6.05,618.77,0.639,0.365,25.92,81.69,2369.18,0.852,tomato
33.88,53.62,41.08,24.97,50.03,7.41,468.77,0.507,0.412,27.3,59.96,5658.11,0.712,chickpea
99.93,27.88,38.45,19.22,75.01,6.24,767.16,0.558,0.528,18.82,71.45,2295.04,0.683,rice
86.21,54.23,21.35,21.67,63.16,6.43,952.48,0.637,0.666,19.68,146.41,1799.53,0.78,maize
157.92,77.04,26.65,27.86,76.5,7.16,2073.94,0.69,0.75,27.85,173.67,500.0,0.777,sugarcane
48.02,51.69,28.22,24.68,68.49,6.95,419.22,0.634,0.365,27.3,89.74,3744.21,0.679,groundnut
51.82,41.04,30.73,33.49,64.76,6.88,541.17,0.5,0.473,33.61,0.0,4146.33,0.827,soybean
93.12,29.08,25.4,29.6,71.87,6.83,1270.61,0.712,0.75,32.15,109.2,1830.5,0.977,rice
111.14,21.32,15.73,20.1,61.16,6.36,409.74,0.57,0.467,21.09,75.98,2819.4,0.717,wheat
122.48,61.64,54.07,21.63,79.59,7.02,1687.29,0.702,0.75,22.26,137.55,500.0,0.705,sugarcane
31.62,51.09,55.78,25.97,55.85,6.57,583.45,0.505,0.479,24.55,13.82,6080.48,0.686,groundnut
102.07,17.79,55.61,28.69,50.79,7.27,751.59,0.643,0.48,28.67,61.81,6221.73,0.873,cotton
109.95,18.0,45.75,24.28,57.12,6.16,601.79,0.772,0.375,25.1,20.61,8387.58,0.793,cotton
98.99,29.77,51.33,13.6,64.88,6.24,736.95,0.402,0.485,16.56,109.71,2516.95,1.0,tomato
111.98,35.76,53.48,28.07,67.65,6.51,1134.4,0.679,0.693,30.07,145.52,2216.4,0.753,rice
121.02,34.21,5.0,24.91,69.33,6.37,2153.57,0.777,0.75,26.05,193.31,2314.81,1.0,rice
97.01,74.44,57.91,34.34,67.87,7.1,1962.03,0.484,0.75,33.43,182.44,500.0,0.843,sugarcane
44.11,49.7,41.78,27.56,49.1,6.51,925.22,0.504,0.542,23.84,94.85,3728.16,0.735,soybean
121.64,37.78,57.29,21.59,68.98,6.91,1171.12,0.679,0.696,23.9,138.45,2294.8,0.93,rice
115.77,40.8,37.8,20.29,73.74,6.3,516.74,0.648,0.411,14.31,46.22,2426.59,0.809,maize
106.47,32.18,55.86,23.55,59.57,7.05,854.49,0.735,0.528,23.33,76.62,7691.33,0.652,cotton
82.11,48.29,35.58,22.2,71.48,6.86,882.33,0.726,0.582,21.01,18.16,1582.67,0.814,rice
95.53,47.88,23.82,23.51,49.79,6.13,637.95,0.467,0.558,21.97,30.85,2611.22,0.703,maize
94.66,47.89,41.58,17.79,75.64,5.81,691.28,0.577,0.556,19.18,73.07,1983.96,0.833,potato
78.71,52.18,29.95,35.48,67.32,5.51,833.32,0.48,0.579,35.49,97.85,2954.55,0.799,maize
93.44,76.99,36.89,8.0,67.09,6.04,818.2,0.404,0.472,10.43,55.57,1954.45,0.625,potato
126.73,51.43,63.28,23.77,64.16,6.59,1368.15,0.699,0.693,23.61,172.28,2512.98,0.872,rice
80.0,40.11,66.09,20.74,67.29,5.55,878.23,0.647,0.494,16.7,118.12,1758.04,0.893,tomato
79.05,38.24,48.3,27.98,67.32,6.6,441.41,0.711,0.316,30.68,0.0,2853.59,0.826,tomato
115.47,44.9,53.08,21.82,75.13,7.15,502.31,0.697,0.427,24.66,0.86,10782.54,0.733,cotton
96.31,84.1,49.05,32.47,84.64,6.06,1602.46,0.605,0.75,30.96,121.15,500.0,0.79,sugarcane
85.17,63.59,29.46,18.07,51.43,6.9,590.02,0.575,0.419,19.72,50.93,6790.33,0.98,soybean
76.76,71.37,38.97,30.63,70.57,5.93,1329.98,0.589,0.734,29.93,134.86,500.0,0.891,sugarcane
36.03,38.42,29.18,18.45,55.99,5.92,716.34,0.475,0.414,19.08,80.29,4961.78,0.702,soybean
59.27,54.5,39.45,24.9,58.44,6.43,413.81,0.686,0.36,24.49,69.86,5676.92,0.848,groundnut
96.16,22.9,50.8,21.56,78.03,6.08,762.32,0.653,0.6,22.25,51.54,2232.58,0.773,tomato
59.3,36.76,41.63,29.04,72.49,6.63,721.91,0.672,0.522,28.01,102.68,4869.16,0.825,soybean
72.67,56.49,25.31,25.87,76.81,5.94,1497.45,0.601,0.75,24.45,187.97,2037.49,0.896,rice
69.24,54.41,46.02,18.23,58.66,5.91,743.56,0.629,0.556,17.33,41.71,1396.9,0.835,potato
25.1,54.91,54.85,31.52,55.33,6.53,506.5,0.603,0.449,31.68,61.59,6154.18,0.804,groundnut
73.9,27.59,49.82,21.12,69.04,6.24,1309.97,0.62,0.619,23.47,117.45,2036.71,0.753,maize
25.94,28.83,36.36,25.18,48.92,6.73,495.99,0.538,0.481,27.64,83.18,7238.79,0.571,chickpea
31.39,70.85,42.02,25.96,56.65,6.69,495.27,0.589,0.489,26.88,40.79,4970.49,0.732,groundnut
110.98,59.96,64.99,30.52,73.3,6.56,858.59,0.626,0.514,29.44,87.67,500.0,0.701,sugarcane
62.24,39.57,32.81,27.81,63.95,5.4,671.79,0.655,0.474,25.18,54.72,4787.55,0.715,soybean
90.11,33.62,58.37,36.17,56.12,6.76,699.72,0.447,0.538,36.97,90.6,7942.41,0.84,cotton
68.74,25.1,41.09,16.43,50.84,7.36,671.2,0.541,0.413,16.98,82.21,2052.39,0.786,wheat
144.63,52.88,53.82,28.06,81.56,7.23,953.36,0.847,0.665,25.97,146.16,500.0,0.629,sugarcane
66.71,54.65,44.24,19.07,49.29,6.79,568.44,0.447,0.319,18.12,69.95,5127.54,0.875,soybean
38.25,50.62,58.41,26.31,56.37,6.46,1073.35,0.49,0.541,27.54,99.49,4416.96,0.664,soybean
129.48,59.02,63.63,29.6,73.06,6.71,1642.82,0.675,0.75,26.99,206.78,500.0,0.815,sugarcane
74.38,52.68,51.8,19.9,71.62,6.16,533.06,0.645,0.418,19.2,0.0,1655.36,0.598,potato
94.96,55.17,51.98,24.46,75.61,5.9,612.45,0.689,0.515,26.98,57.81,1839.7,1.0,maize
48.36,61.9,31.6,25.59,47.09,6.74,479.65,0.606,0.435,28.44,89.53,7335.16,0.796,chickpea
32.15,45.32,46.65,30.37,63.33,6.81,588.85,0.52,0.445,31.3,64.72,6082.9,0.743,groundnut
97.83,40.52,30.85,18.23,59.43,6.46,769.36,0.546,0.454,20.77,67.43,2687.03,0.686,wheat
128.94,67.84,35.6,18.74,83.58,6.39,833.9,0.68,0.607,18.49,67.37,500.0,0.763,sugarcane
27.28,61.58,55.6,29.84,40.06,6.84,327.54,0.52,0.306,31.25,0.0,6818.92,0.614,groundnut
150.87,53.17,49.9,26.63,75.72,7.57,1848.32,0.737,0.75,26.61,199.24,500.0,0.79,sugarcane
106.77,33.79,39.42,32.99,74.49,6.59,646.95,0.609,0.471,36.09,90.97,6347.98,0.618,cotton
100.43,41.13,47.73,26.74,71.65,7.08,476.97,0.649,0.426,26.91,66.97,7391.78,0.81,cotton
109.88,43.33,45.42,25.88,55.12,7.3,2200.0,0.762,0.75,24.85,187.62,500.0,0.897,sugarcane
115.52,42.23,50.69,24.74,88.37,5.92,1159.2,0.859,0.622,24.93,128.1,1996.63,0.897,rice
100.6,51.45,55.97,15.72,62.13,5.85,436.95,0.532,0.332,12.63,128.96,1635.58,0.678,potato
15.44,60.97,24.91,21.21,35.41,7.22,416.24,0.537,0.281,23.03,56.37,5663.13,0.545,chickpea
104.43,73.18,58.06,28.39,62.97,6.77,1245.69,0.492,0.646,29.6,109.65,500.0,0.904,sugarcane
99.47,35.72,36.39,24.06,64.42,6.05,470.97,0.666,0.357,22.77,52.12,1670.68,0.728,tomato
55.59,44.32,35.26,11.76,42.07,7.19,318.66,0.319,0.301,12.76,67.26,6501.17,0.669,chickpea
54.12,56.79,33.87,20.71,42.0,6.06,611.12,0.526,0.346,18.66,71.77,6777.42,0.625,chickpea
75.49,56.3,11.34,21.66,58.09,6.46,617.45,0.592,0.443,21.34,36.67,4339.93,0.682,soybean
58.44,49.56,41.76,22.91,95.77,7.08,544.65,0.628,0.454,20.88,7.56,5111.2,0.722,soybean
95.4,65.45,50.65,22.38,86.4,5.43,475.41,0.603,0.433,25.25,66.02,1931.95,0.548,potato
120.21,34.03,28.09,23.35,81.2,6.58,566.96,0.717,0.458,21.0,53.03,2008.64,0.784,maize
106.86,51.1,57.03,16.78,80.47,4.76,701.58,0.625,0.527,12.58,55.13,2142.69,0.652,potato
90.59,43.51,40.03,23.09,90.91,5.93,360.8,0.642,0.358,21.25,60.91,2494.0,0.726,tomato
98.56,44.5,46.67,24.63,59.53,5.99,1533.1,0.661,0.734,26.49,141.73,2031.65,0.865,rice
84.26,35.33,46.23,26.11,64.86,5.76,804.71,0.582,0.492,26.13,111.96,1880.3,0.989,tomato
115.05,53.35,29.19,24.18,83.68,6.28,1572.43,0.745,0.75,25.57,223.0,2757.54,0.786,rice
89.88,63.49,48.72,20.88,67.97,5.91,906.08,0.734,0.551,22.46,147.08,2057.09,0.869,maize
5.0,32.11,42.67,28.88,60.68,6.5,674.78,0.46,0.436,27.67,46.92,4892.3,0.838,groundnut
29.21,65.92,39.88,18.58,56.86,7.19,447.35,0.505,0.396,19.68,80.99,5202.18,0.598,chickpea
76.39,31.18,32.67,23.61,65.56,5.61,563.92,0.594,0.386,24.7,95.81,2332.51,0.948,tomato
79.91,43.07,43.34,23.46,49.72,7.27,483.49,0.605,0.386,23.09,24.84,2036.2,0.844,potato
124.52,47.85,41.5,28.24,70.44,6.52,707.76,0.595,0.434,33.01,82.06,2022.61,0.946,maize
46.02,38.22,47.03,15.44,76.21,6.78,820.45,0.501,0.537,15.39,133.49,4690.48,0.828,soybean
64.06,40.73,20.75,19.68,66.39,5.21,625.58,0.614,0.458,20.22,72.12,1474.83,0.936,potato
25.05,56.51,34.44,34.14,36.23,5.71,572.19,0.412,0.399,34.05,12.46,6445.95,0.776,groundnut
126.88,43.31,48.2,31.63,42.88,5.99,734.14,0.528,0.433,30.58,108.99,8371.69,0.822,cotton
48.78,54.74,35.11,24.79,78.15,6.57,958.59,0.61,0.595,24.82,51.43,2862.47,0.712,soybean
84.13,27.83,16.08,22.4,70.41,6.28,761.17,0.641,0.58,20.66,52.6,2896.03,0.492,tomato
124.12,31.88,50.23,26.25,55.79,6.8,686.32,0.659,0.467,25.45,35.21,9075.22,0.682,cotton
115.6,61.96,58.02,35.44,85.1,6.93,1411.45,0.564,0.75,34.51,130.76,2387.94,0.862,rice
63.97,54.3,45.52,17.83,60.06,5.48,782.33,0.561,0.555,16.69,96.94,2297.01,0.744,potato
60.26,30.52,64.88,24.35,90.77,5.59,1037.85,0.582,0.627,25.23,138.7,2423.77,0.619,tomato
63.63,65.32,61.48,27.97,52.9,5.7,937.92,0.513,0.588,28.24,139.95,5167.17,0.787,soybean
33.38,61.18,45.19,27.16,66.73,5.14,635.48,0.42,0.447,28.95,57.82,5738.82,0.784,groundnut
59.03,61.73,18.41,17.45,54.8,5.66,762.31,0.456,0.448,19.3,29.48,2561.15,0.782,wheat
32.83,58.68,57.2,22.0,30.87,6.51,646.16,0.473,0.393,22.67,113.35,6081.31,0.854,groundnut
75.44,24.38,39.48,18.98,50.09,6.99,751.99,0.566,0.469,22.93,72.4,2730.2,0.758,wheat
28.7,56.59,65.55,28.75,61.72,7.1,686.1,0.459,0.497,25.32,49.7,6073.23,0.7,groundnut
96.86,29.93,41.47,17.05,59.19,6.72,422.18,0.552,0.4,19.38,8.64,2432.21,0.793,wheat
44.23,67.41,32.94,12.18,44.1,7.73,465.55,0.338,0.329,12.93,22.5,6526.66,0.623,chickpea
22.47,33.91,44.83,25.06,44.78,5.53,675.24,0.532,0.432,25.02,68.82,5615.74,0.595,groundnut
56.72,52.15,47.29,18.92,64.95,6.07,471.22,0.585,0.395,19.41,53.42,4558.91,0.988,soybean
75.63,71.6,16.6,25.44,62.65,7.28,416.79,0.787,0.422,29.4,88.98,6952.53,0.642,chickpea
100.97,29.7,35.76,21.27,55.96,6.47,776.07,0.617,0.475,17.74,16.16,2477.73,0.772,wheat
118.87,40.85,36.19,26.43,75.98,6.87,701.35,0.704,0.513,25.41,0.0,9144.29,0.766,cotton
119.68,39.35,33.94,21.88,75.12,6.1,1387.77,0.616,0.7,19.34,150.68,2421.15,0.982,rice
101.87,35.08,30.29,30.71,64.27,6.21,634.32,0.498,0.46,31.36,101.92,1391.72,0.707,maize
100.42,18.14,59.48,28.54,62.81,6.94,696.67,0.608,0.505,29.79,83.02,7851.57,0.76,cotton
45.69,31.39,48.58,20.06,81.51,6.53,616.54,0.485,0.51,17.5,66.55,3133.99,0.709,tomato
98.91,56.02,35.08,20.29,52.43,5.98,769.83,0.653,0.512,22.41,61.65,1217.28,0.869,potato
64.28,24.96,37.26,19.15,43.18,6.24,946.92,0.534,0.551,13.95,89.27,2054.27,0.882,maize
86.31,61.41,13.1,23.98,80.44,6.2,971.77,0.605,0.635,21.48,128.72,1957.56,0.963,maize
134.71,40.52,38.37,31.7,89.64,5.68,714.8,0.681,0.567,32.33,50.06,2815.1,0.743,rice
120.11,52.81,29.23,20.84,66.51,6.78,1178.83,0.698,0.697,19.15,166.55,500.0,0.983,sugarcane
91.34,60.6,39.07,24.28,96.93,6.55,625.95,0.668,0.572,24.5,12.26,5461.84,0.723,soybean
87.06,22.99,58.56,17.48,65.61,6.72,828.77,0.481,0.507,17.2,50.79,2206.78,0.909,wheat
119.68,68.23,46.51,22.39,53.97,6.31,1579.0,0.706,0.75,24.24,118.15,500.0,0.828,sugarcane
103.16,23.6,33.5,32.0,63.04,7.06,449.76,0.535,0.417,30.35,0.0,5867.14,0.718,cotton
107.74,43.61,22.6,29.31,68.35,6.69,908.99,0.666,0.671,28.0,80.09,2616.96,0.828,maize
52.02,45.73,28.97,24.23,52.93,6.96,325.39,0.525,0.357,25.7,0.0,5681.17,0.713,chickpea
59.84,70.9,24.92,24.91,48.82,5.98,865.82,0.579,0.563,25.62,84.32,4058.82,0.859,soybean
61.35,79.02,36.22,26.81,58.99,6.21,693.67,0.666,0.492,21.89,72.65,4098.8,0.746,soybean
93.64,57.91,42.25,20.7,84.77,6.3,908.92,0.599,0.679,19.12,103.27,1997.77,0.679,potato
70.94,24.16,33.26,29.23,75.88,5.99,685.13,0.604,0.48,28.88,32.51,7324.19,0.767,cotton
127.68,95.35,37.92,26.34,88.11,6.0,2200.0,0.718,0.75,27.21,221.95,500.0,0.734,sugarcane
32.08,55.54,29.35,30.93,73.4,6.34,597.99,0.514,0.447,29.52,32.09,4755.87,0.701,groundnut
83.93,27.24,39.44,27.43,86.09,6.27,598.02,0.641,0.509,26.85,84.72,1959.08,0.971,tomato
11.78,39.21,57.26,27.08,72.73,5.34,424.83,0.469,0.367,27.7,32.42,4922.09,1.0,groundnut
76.77,11.24,19.72,24.21,57.81,6.89,947.3,0.716,0.573,22.72,116.17,1767.77,0.791,maize
61.59,49.88,45.31,24.55,71.86,5.85,516.65,0.606,0.477,23.83,122.85,4066.33,0.771,soybean
100.71,37.41,60.55,24.24,87.92,7.01,1436.22,0.734,0.687,27.2,136.3,500.0,0.742,sugarcane
47.72,78.56,27.61,17.91,42.86,7.08,508.27,0.516,0.434,19.84,41.07,8501.81,0.665,chickpea
87.59,46.66,40.21,34.47,86.74,6.56,1402.7,0.673,0.75,31.7,200.36,2043.19,0.9,rice
57.6,40.28,47.3,32.27,53.33,6.71,621.94,0.457,0.429,31.08,84.66,4834.93,0.771,soybean
35.95,78.15,33.77,21.42,40.35,7.01,587.31,0.563,0.459,22.51,46.18,5086.09,0.68,chickpea
107.08,49.91,61.22,21.18,89.19,5.57,1315.52,0.564,0.75,21.72,146.17,2473.25,0.823,rice
65.97,43.45,28.44,25.03,82.01,6.44,885.03,0.697,0.599,24.59,115.83,1869.24,0.938,maize
118.71,57.45,30.38,25.22,99.33,6.95,1185.65,0.778,0.704,23.94,94.5,500.0,0.832,sugarcane
125.6,38.6,49.24,35.65,73.96,6.08,1046.97,0.63,0.675,35.56,89.35,2376.21,0.924,rice
5.0,39.27,27.77,26.13,65.68,6.04,436.87,0.378,0.42,23.77,54.33,5028.62,0.815,groundnut
49.78,45.86,33.32,20.92,66.94,6.03,656.55,0.575,0.55,17.54,0.0,7326.03,0.861,groundnut
109.73,40.6,35.51,29.4,70.98,7.55,1631.03,0.735,0.75,25.34,151.24,2296.86,0.834,rice
74.1,32.59,37.57,27.83,59.89,6.54,751.48,0.632,0.49,26.57,126.32,2118.58,0.769,tomato
123.39,47.76,35.07,23.33,69.4,6.54,1053.66,0.677,0.582,23.16,117.02,2384.87,0.764,rice
91.15,50.95,72.51,24.6,66.58,6.36,547.7,0.75,0.409,21.51,51.35,2056.14,0.565,tomato
49.81,49.7,38.77,23.46,54.75,7.24,496.59,0.488,0.382,21.58,0.0,4631.1,0.844,chickpea
19.58,54.76,22.11,19.85,64.54,6.34,618.01,0.405,0.539,19.44,75.11,5362.27,0.793,groundnut
87.37,13.96,51.91,23.01,78.12,6.58,468.73,0.695,0.433,23.59,29.46,6022.19,0.604,cotton
73.12,32.38,54.32,23.78,56.1,6.52,584.96,0.622,0.435,24.24,0.0,2089.42,0.922,tomato
57.73,36.06,47.4,15.09,62.41,6.93,714.18,0.504,0.558,16.11,22.27,1444.55,0.459,potato
65.11,36.08,44.8,21.84,76.16,6.14,786.34,0.649,0.533,22.41,61.44,2005.41,0.899,maize
84.65,50.0,52.93,20.7,41.95,6.97,408.91,0.56,0.333,19.93,85.14,2390.84,0.986,wheat
90.97,30.06,28.85,29.08,53.55,6.67,879.48,0.565,0.514,31.11,112.71,7631.56,0.711,cotton
121.96,30.25,43.42,30.92,76.73,7.31,2113.4,0.608,0.75,32.82,205.9,500.0,1.0,sugarcane
95.2,29.99,54.02,27.2,85.07,6.46,1192.26,0.731,0.671,26.86,94.45,2662.1,0.839,rice
67.65,32.59,19.23,20.93,72.51,6.44,711.73,0.647,0.504,19.17,54.58,2364.67,0.783,tomato
49.92,54.77,34.43,22.39,59.27,6.14,581.43,0.602,0.414,23.46,25.78,2604.67,0.76,tomato
81.11,64.86,24.33,20.44,69.05,6.84,881.57,0.526,0.638,16.06,145.47,3842.96,0.949,soybean
29.18,56.08,48.03,20.12,54.18,5.48,476.14,0.507,0.42,20.03,81.48,2202.49,0.765,potato
89.98,40.61,59.11,20.61,60.23,5.97,1384.02,0.53,0.682,22.93,131.22,500.0,0.835,sugarcane
81.84,47.58,57.0,22.08,84.05,6.16,357.3,0.626,0.392,24.24,15.39,2249.22,0.668,tomato
72.99,34.43,39.36,25.8,64.75,5.19,737.55,0.619,0.469,25.98,11.46,2404.75,0.792,tomato
38.52,58.45,35.46,36.86,60.53,6.65,473.97,0.478,0.405,36.61,43.88,4676.48,0.735,groundnut
91.72,33.7,16.73,34.13,64.51,7.21,1005.03,0.523,0.608,34.44,165.05,2361.4,0.739,maize
43.29,48.11,5.0,22.24,52.05,7.31,517.38,0.509,0.417,20.07,49.72,2051.56,0.838,wheat
41.98,51.52,26.8,25.99,72.28,6.79,534.4,0.611,0.416,29.04,86.9,4818.62,1.0,soybean
89.42,15.7,42.77,31.24,61.91,6.44,582.7,0.57,0.555,32.79,59.26,6003.26,0.55,cotton
118.38,35.7,29.44,27.01,61.33,5.19,969.61,0.716,0.58,27.26,175.3,2418.99,0.734,maize
77.45,39.37,43.26,24.17,80.23,5.9,611.59,0.64,0.513,27.0,39.17,2232.65,0.844,tomato
75.34,38.66,33.03,25.2,72.23,6.27,1419.19,0.674,0.706,21.66,202.49,2511.21,1.0,rice
96.05,39.29,62.73,24.93,51.92,6.25,840.97,0.693,0.496,25.95,87.49,8017.08,0.68,cotton
65.52,42.45,23.46,23.79,71.88,6.8,943.39,0.603,0.59,24.61,32.82,2279.73,0.674,maize
103.34,54.05,53.89,34.87,62.66,6.75,671.47,0.555,0.443,34.64,37.52,7048.54,0.747,cotton
100.06,50.98,49.04,30.75,65.77,6.35,909.83,0.592,0.599,28.7,110.56,1705.54,0.964,rice
76.09,45.21,24.81,21.11,41.96,7.8,627.9,0.449,0.46,22.83,81.79,5858.34,0.676,chickpea
120.4,36.73,30.84,31.12,77.25,6.75,837.26,0.725,0.476,34.85,122.18,7513.3,0.737,cotton
100.01,27.05,51.65,29.41,49.24,6.31,833.33,0.607,0.464,27.78,132.61,6523.68,0.755,cotton
42.45,48.89,40.33,22.81,43.58,6.92,527.92,0.488,0.415,25.43,81.1,6633.7,0.661,groundnut
81.0,51.81,13.64,22.0,50.19,7.38,461.89,0.564,0.412,20.71,70.88,7626.86,0.452,chickpea
107.24,68.56,48.43,27.19,92.03,5.9,910.0,0.627,0.617,28.08,67.12,2602.46,0.859,rice
102.76,52.19,41.74,23.83,71.77,5.72,574.1,0.654,0.471,24.47,127.91,2164.9,0.756,tomato
56.71,43.84,20.59,22.22,37.59,7.23,688.98,0.526,0.35,21.31,86.05,6880.27,0.784,chickpea
58.99,35.69,41.22,32.0,86.29,7.08,448.1,0.52,0.411,32.31,91.24,4766.8,0.698,soybean
36.26,53.94,44.82,25.48,45.39,6.08,733.43,0.51,0.503,25.17,96.37,5631.71,0.834,soybean
116.86,31.58,57.46,29.91,75.93,6.78,1207.62,0.8,0.674,34.84,126.67,1798.56,0.853,rice
95.41,59.54,51.63,23.62,98.68,6.55,1643.27,0.652,0.75,21.77,113.66,500.0,0.739,sugarcane
80.42,40.97,36.0,16.21,60.06,6.82,505.79,0.513,0.412,17.7,91.64,2396.99,0.612,wheat
95.13,63.06,57.44,24.62,65.31,5.83,773.22,0.609,0.521,23.39,103.55,1779.46,0.785,maize
80.44,63.51,40.44,25.61,76.23,5.43,658.61,0.62,0.537,23.85,41.2,4476.42,0.708,soybean
59.32,30.68,39.14,16.24,55.38,6.79,669.94,0.506,0.547,16.75,40.79,1340.94,0.649,potato
68.01,32.07,55.97,22.47,72.93,5.25,555.51,0.6,0.365,25.33,8.24,1589.5,0.553,potato
51.49,48.07,34.49,30.35,67.11,6.38,649.67,0.466,0.447,28.6,20.89,5576.19,0.883,soybean
35.53,69.5,24.22,16.65,56.36,7.83,564.57,0.583,0.553,14.85,45.56,4968.65,0.584,chickpea
85.1,29.98,50.05,20.19,73.23,7.05,646.3,0.551,0.481,22.07,11.84,2254.18,0.619,wheat
24.74,71.84,38.44,20.44,44.94,6.69,635.69,0.435,0.381,22.43,20.59,5413.45,0.807,groundnut
84.88,49.99,16.94,29.3,76.31,6.25,645.15,0.662,0.433,27.29,62.64,2578.18,0.884,maize
41.63,55.98,28.56,17.34,75.07,6.93,517.59,0.471,0.389,18.64,91.31,4177.41,0.573,soybean
118.88,41.29,18.39,26.72,72.38,6.6,816.1,0.697,0.606,27.67,91.49,1638.86,0.637,maize
112.13,46.51,43.87,26.72,71.32,6.18,1082.97,0.685,0.642,26.95,110.74,2044.53,0.923,rice
51.43,48.76,33.53,32.75,62.67,6.16,432.6,0.567,0.363,31.67,16.8,5472.42,0.8,groundnut
5.0,50.98,28.07,23.1,48.48,6.15,685.78,0.456,0.48,24.9,38.77,5106.06,0.76,groundnut
98.1,30.13,46.48,23.21,70.53,7.03,930.17,0.665,0.679,23.12,96.28,2048.46,0.697,maize
108.36,40.85,33.85,23.45,72.25,5.47,1493.08,0.63,0.75,26.1,122.49,2017.01,0.9,rice
90.19,33.25,17.95,17.93,49.75,7.21,497.88,0.509,0.411,15.28,26.72,1800.79,0.872,wheat
125.56,36.27,46.11,20.08,76.5,6.27,885.95,0.64,0.58,20.41,39.12,1944.61,0.847,maize
56.53,28.45,63.58,18.58,64.05,5.58,814.95,0.598,0.523,19.04,96.5,2795.32,0.633,tomato
89.05,15.08,32.84,29.24,63.47,5.95,611.55,0.625,0.474,30.6,69.25,7620.62,0.743,cotton
120.25,38.67,56.57,17.2,60.16,6.62,699.47,0.611,0.469,21.72,78.46,7128.6,0.844,cotton
79.95,52.93,48.94,17.07,65.6,5.46,597.54,0.483,0.446,18.57,19.97,1668.49,0.782,potato
94.34,37.08,38.3,23.96,84.4,6.27,949.27,0.639,0.668,27.04,113.78,2130.28,0.806,rice
74.72,24.74,36.58,20.12,50.08,6.62,789.6,0.602,0.531,17.75,179.99,2778.45,0.832,wheat
78.81,61.41,47.25,24.65,49.57,6.61,447.57,0.686,0.34,24.96,0.0,5711.83,0.614,chickpea
57.89,56.34,51.6,25.4,49.5,7.56,418.52,0.601,0.41,27.7,22.0,4168.82,0.701,groundnut
81.15,36.5,58.03,25.24,72.66,6.51,724.64,0.712,0.48,28.53,82.1,1803.43,0.824,tomato
76.45,52.44,37.98,23.61,65.45,6.43,941.79,0.682,0.551,23.36,72.67,2227.93,0.719,maize
72.46,67.31,46.06,22.78,70.17,5.68,607.63,0.583,0.471,23.5,58.41,1670.8,0.677,potato
90.89,18.14,57.87,27.38,51.0,6.32,774.76,0.579,0.515,29.18,62.3,5045.38,0.723,cotton
59.56,32.77,43.6,9.06,54.33,6.28,720.67,0.221,0.46,8.0,103.72,2114.77,0.758,wheat
36.05,42.75,35.88,17.66,67.74,6.45,456.41,0.586,0.416,15.58,75.63,6146.3,0.799,groundnut
43.8,34.79,22.41,22.33,48.43,7.12,554.08,0.534,0.378,23.46,0.0,6550.46,0.829,chickpea
33.46,51.36,26.73,22.03,68.62,5.68,535.19,0.554,0.511,21.07,80.08,5695.14,0.542,groundnut
65.3,53.12,52.33,21.58,73.26,5.91,1045.87,0.544,0.628,22.19,132.04,2720.07,0.775,maize
5.0,64.13,37.45,23.92,42.19,6.27,483.2,0.586,0.475,21.45,9.04,5559.6,0.678,groundnut
32.57,34.63,32.58,18.36,32.77,5.63,587.74,0.343,0.421,16.71,100.87,5277.28,0.714,groundnut
44.2,31.29,49.83,26.7,55.34,6.13,672.98,0.47,0.428,24.43,52.86,4268.14,0.627,soybean
80.01,62.27,25.49,28.38,54.76,5.68,241.67,0.607,0.301,28.34,36.89,1662.35,0.885,potato
69.51,50.88,42.3,25.56,62.14,6.62,1100.5,0.665,0.604,29.35,52.99,6493.89,0.694,cotton
72.76,45.62,36.02,25.63,55.88,7.25,377.38,0.563,0.454,22.96,32.42,7233.5,0.852,chickpea
25.46,55.86,34.84,29.85,68.37,5.63,623.42,0.398,0.404,31.57,53.81,4278.98,0.787,soybean
38.19,49.16,51.83,25.51,60.1,6.99,669.01,0.518,0.404,21.23,100.02,3146.33,0.701,groundnut
76.94,38.64,38.61,16.74,63.8,7.22,416.5,0.497,0.342,17.13,46.3,2620.88,0.712,wheat
82.08,43.77,47.74,21.82,70.86,5.9,614.98,0.611,0.43,21.92,87.65,1768.87,0.638,potato
104.85,26.26,59.33,27.14,37.97,5.76,697.4,0.612,0.426,25.64,40.63,7391.38,0.825,cotton
37.09,51.04,33.76,25.06,43.72,6.7,557.81,0.495,0.462,25.07,28.54,5431.33,0.681,chickpea
107.7,55.7,45.4,19.87,64.75,5.79,648.86,0.596,0.501,23.9,50.42,2364.27,0.9,maize
110.46,44.44,37.58,23.6,72.64,7.86,554.95,0.754,0.446,24.95,22.14,5685.66,0.638,cotton
66.77,40.97,46.79,24.76,73.65,5.83,778.52,0.668,0.54,25.06,119.94,3590.47,0.802,soybean
83.25,42.98,29.49,23.22,74.29,6.46,619.38,0.672,0.519,23.17,53.72,5531.43,0.772,soybean
68.38,44.79,54.57,26.62,57.2,6.69,730.28,0.635,0.432,26.08,108.69,5811.96,0.834,soybean
61.78,69.62,28.84,19.13,47.69,7.59,469.22,0.489,0.41,16.92,70.77,6898.39,0.669,chickpea
57.13,30.65,52.93,26.52,72.2,6.1,896.8,0.58,0.55,26.21,55.09,2405.1,0.687,tomato
71.28,57.79,25.88,24.86,43.85,6.56,225.6,0.695,0.33,21.87,0.0,5917.85,0.795,chickpea
66.1,50.25,49.41,21.07,72.37,5.13,762.26,0.651,0.521,21.98,68.65,2003.03,0.649,potato
36.23,66.88,32.29,27.5,55.64,6.67,640.24,0.526,0.503,24.84,92.2,4707.48,0.864,soybean
102.19,48.48,42.97,18.71,69.07,6.43,741.59,0.654,0.615,13.4,58.06,1796.96,0.663,potato
32.55,49.99,39.94,32.81,69.07,5.5,959.75,0.5,0.667,31.64,108.73,1911.06,0.635,tomato
53.61,46.68,29.35,19.73,45.25,6.58,373.71,0.544,0.262,20.1,55.37,5181.12,0.692,chickpea
76.47,28.96,37.76,25.86,63.42,5.91,714.95,0.572,0.532,21.54,104.81,2076.08,0.872,maize
101.12,74.26,23.86,25.03,69.88,6.04,582.53,0.832,0.515,26.15,59.93,2144.22,0.883,maize
44.61,67.92,35.31,31.92,51.41,6.96,648.91,0.423,0.47,31.82,86.79,5605.75,0.729,groundnut
99.98,26.57,48.07,23.5,79.53,5.85,480.95,0.685,0.467,24.84,8.35,1588.24,0.789,maize
70.62,49.45,19.07,17.21,51.35,7.8,778.73,0.539,0.539,17.67,87.23,2325.1,0.901,wheat
95.02,32.57,46.64,23.52,54.76,7.13,706.55,0.699,0.435,25.21,63.73,7238.68,0.756,cotton
98.56,21.8,29.69,27.02,71.06,6.89,683.53,0.745,0.583,28.01,55.54,8640.75,0.902,cotton
42.61,47.05,31.66,22.32,57.52,6.25,603.09,0.466,0.384,22.84,73.84,6586.19,0.926,groundnut
116.0,43.73,44.98,21.75,65.99,6.35,667.42,0.65,0.513,24.81,126.75,1871.67,0.732,tomato
65.42,39.81,51.62,27.84,64.76,6.03,995.89,0.455,0.651,27.19,72.91,4712.62,0.903,soybean
30.08,36.75,25.53,26.08,61.17,7.15,742.91,0.502,0.51,23.49,71.35,5029.8,0.81,soybean
42.18,59.44,46.46,24.49,69.19,7.15,686.37,0.501,0.525,25.56,95.23,3938.0,0.64,soybean
151.93,54.53,40.62,29.33,84.05,8.19,1493.86,0.708,0.682,29.17,129.52,500.0,0.807,sugarcane
70.56,43.21,40.95,19.64,77.06,5.45,682.65,0.524,0.539,16.49,64.81,2301.46,0.838,tomato
101.45,70.42,44.38,22.8,81.9,6.75,1564.88,0.702,0.75,24.96,170.04,500.0,0.798,sugarcane
88.75,29.89,59.11,24.54,76.71,5.87,578.97,0.699,0.47,26.16,78.05,2022.62,0.711,wheat
132.56,52.07,45.49,15.92,82.51,7.01,1786.24,0.652,0.75,16.7,156.75,500.0,0.914,sugarcane
84.02,28.08,38.21,22.06,81.9,6.5,749.19,0.653,0.569,19.07,79.65,1706.44,0.785,tomato
93.4,29.94,48.63,24.95,85.65,6.92,1176.47,0.73,0.668,25.1,113.17,2516.82,0.795,rice
86.55,52.3,33.84,24.79,88.13,6.23,1163.42,0.708,0.63,24.86,181.88,1587.76,0.883,rice
91.35,32.95,55.72,31.76,73.47,6.35,1643.26,0.569,0.75,31.8,89.35,500.0,0.729,sugarcane
89.39,55.16,27.41,20.82,45.97,7.7,580.47,0.672,0.357,21.19,3.81,7485.82,0.652,chickpea
45.84,27.92,33.81,20.22,68.16,6.8,677.42,0.447,0.54,19.45,107.78,5006.77,0.977,soybean
103.26,36.03,39.46,14.52,67.66,6.6,839.57,0.696,0.534,14.38,93.89,1360.74,0.674,potato
33.03,36.94,30.17,33.79,72.81,5.75,750.98,0.408,0.555,32.37,150.8,5303.98,0.655,groundnut
107.14,47.61,31.0,23.29,81.35,5.75,876.01,0.772,0.603,26.83,115.04,1781.51,0.86,rice
19.97,55.63,40.85,18.45,48.83,6.59,296.27,0.451,0.326,16.27,0.0,6113.05,0.685,chickpea
89.76,52.0,53.75,18.81,64.2,6.59,516.09,0.557,0.431,15.24,73.51,2430.97,0.88,wheat
79.07,56.21,52.72,27.7,66.69,5.21,682.56,0.622,0.495,27.64,12.56,1870.57,0.694,potato
75.24,27.17,45.77,26.04,62.45,6.59,820.98,0.63,0.534,23.16,61.06,6420.81,0.706,cotton
89.91,50.47,27.86,25.91,47.43,5.66,883.66,0.608,0.514,29.58,93.18,2383.98,0.744,maize
103.1,26.21,35.75,23.51,44.33,7.31,667.6,0.576,0.444,23.99,38.13,6617.09,0.88,cotton
127.38,55.16,62.25,33.37,70.34,6.48,1287.22,0.489,0.75,33.36,118.78,500.0,0.844,sugarcane
14.34,35.38,18.07,26.08,37.4,5.87,629.48,0.587,0.369,27.3,52.11,5350.9,0.775,groundnut
115.14,50.42,38.97,24.15,68.85,5.71,892.01,0.786,0.576,25.88,74.97,2228.95,0.781,maize
100.99,29.71,36.72,32.89,65.48,6.82,639.69,0.568,0.46,33.57,86.43,6968.24,0.671,cotton
54.75,64.11,28.08,11.64,44.54,7.2,303.59,0.404,0.322,12.79,34.54,5551.26,0.82,chickpea
102.04,40.59,32.46,34.58,36.07,5.92,450.43,0.516,0.373,34.59,0.0,7700.33,0.718,cotton
38.31,24.92,38.59,29.94,41.31,6.58,542.54,0.38,0.37,29.5,9.27,5132.99,0.783,groundnut
118.7,67.49,57.84,37.94,86.92,6.9,1723.46,0.544,0.75,40.55,207.66,500.0,0.827,sugarcane
115.51,43.29,59.81,30.73,65.73,6.53,834.3,0.663,0.534,30.44,134.36,5630.8,0.839,cotton
107.66,53.19,32.58,22.73,84.62,7.1,2044.48,0.624,0.75,25.35,250.0,500.0,0.543,sugarcane
85.0,29.36,49.73,17.83,52.46,5.42,817.51,0.637,0.461,17.91,141.18,2448.97,0.752,tomato
87.99,30.07,52.4,23.67,82.41,5.06,686.68,0.662,0.577,25.79,13.04,2565.95,0.903,rice
118.07,43.43,38.62,26.88,74.38,6.41,1546.1,0.645,0.709,26.98,190.09,2433.71,0.803,rice
49.15,34.54,51.27,19.05,76.74,6.22,712.31,0.426,0.56,18.56,68.76,2038.31,0.654,tomato
105.48,37.42,44.16,24.99,60.39,7.1,591.86,0.679,0.434,21.93,89.49,5364.82,0.846,cotton
47.26,9.73,49.8,24.56,56.3,6.22,766.91,0.567,0.601,27.1,62.72,2074.46,0.664,tomato
53.17,57.5,32.33,24.0,47.18,6.81,368.5,0.638,0.319,27.73,0.0,7641.95,0.482,chickpea
74.49,41.79,20.35,27.25,55.47,6.12,628.55,0.678,0.391,28.65,53.25,5326.17,0.875,groundnut
25.1,56.19,45.69,31.47,48.83,6.24,306.67,0.417,0.35,29.62,33.46,5661.22,0.762,groundnut
122.36,80.8,51.46,27.7,76.4,6.63,1169.55,0.83,0.654,24.65,111.52,500.0,0.779,sugarcane
77.77,53.34,40.44,28.26,73.26,7.01,783.76,0.738,0.58,32.46,81.37,6433.42,0.862,soybean
82.99,28.5,33.86,22.58,78.87,5.59,526.98,0.802,0.454,21.33,0.0,1904.4,0.73,tomato
100.76,43.87,7.57,21.78,50.99,7.09,634.97,0.586,0.535,24.92,57.0,2534.15,0.734,wheat
64.11,78.04,52.49,23.42,71.29,5.2,638.33,0.594,0.455,21.86,83.83,4575.69,0.775,soybean
113.81,25.47,44.44,23.21,63.76,5.75,455.2,0.727,0.446,22.42,39.04,2320.6,0.721,wheat
39.77,46.87,28.5,28.33,73.88,6.31,1004.24,0.61,0.591,29.42,72.71,4558.11,0.851,soybean
112.53,69.63,56.94,31.04,71.08,6.32,1531.39,0.576,0.743,31.34,189.96,500.0,0.931,sugarcane
101.01,50.41,54.95,22.73,53.87,6.0,1115.0,0.69,0.591,21.38,139.68,7950.17,0.83,cotton
91.3,28.01,42.3,19.77,44.14,6.69,360.03,0.681,0.384,19.82,83.29,5025.28,0.567,chickpea
50.69,69.77,45.38,26.2,48.92,6.08,469.89,0.552,0.371,25.5,48.68,6315.31,0.861,groundnut
59.37,42.65,46.79,33.38,52.57,6.76,545.49,0.477,0.338,36.09,91.39,6503.68,0.776,cotton
62.67,46.2,38.94,20.31,70.73,5.63,655.43,0.626,0.459,18.03,88.38,2584.22,0.773,tomato
18.41,60.25,38.5,18.26,42.64,7.18,463.0,0.417,0.423,19.2,123.43,5594.77,0.66,chickpea
50.07,36.64,33.53,20.55,67.12,6.37,597.41,0.586,0.422,20.86,45.45,2312.3,0.856,wheat
112.15,22.94,50.46,28.93,55.87,6.66,728.59,0.646,0.489,29.05,77.41,7063.25,0.64,cotton
70.94,42.11,35.04,27.07,55.09,6.62,923.43,0.612,0.599,24.49,108.03,4471.56,0.829,soybean
104.44,37.01,61.02,15.48,73.26,6.31,355.91,0.549,0.384,13.34,49.02,2271.52,0.638,potato
36.68,45.39,42.11,23.26,58.74,6.25,872.5,0.519,0.545,26.67,106.52,5756.19,0.818,soybean
56.8,76.67,50.9,18.11,30.57,8.18,674.63,0.491,0.368,20.04,63.68,6389.84,0.789,chickpea
103.18,47.45,62.39,23.29,72.99,5.85,501.28,0.755,0.462,23.32,50.04,1702.95,0.712,tomato
81.39,47.79,45.98,24.56,76.36,6.21,538.77,0.697,0.441,23.45,87.82,1891.82,0.783,tomato
121.79,51.93,63.03,31.94,85.88,6.31,1739.13,0.747,0.75,30.91,162.3,500.0,0.929,sugarcane
59.72,34.66,31.76,21.33,41.26,6.22,582.32,0.665,0.397,19.73,85.98,1813.69,0.693,wheat
99.64,53.91,64.45,13.97,66.19,5.9,607.97,0.57,0.452,18.21,62.19,1021.28,0.738,potato
114.09,50.02,30.72,27.84,97.11,5.94,1534.63,0.702,0.75,28.1,134.69,2246.5,0.947,rice
82.4,33.92,26.56,18.78,63.1,6.96,572.89,0.507,0.379,16.44,111.83,2118.28,0.7,wheat
37.88,56.21,23.47,29.06,62.27,5.93,308.69,0.532,0.387,28.4,19.51,6288.14,0.696,groundnut
109.38,36.2,56.14,28.3,67.42,6.86,561.49,0.721,0.485,27.31,53.71,7865.98,0.879,cotton
94.27,48.28,36.48,24.59,66.85,5.78,681.87,0.678,0.548,27.63,90.96,2619.61,0.895,tomato
84.73,27.41,15.85,23.36,72.58,5.94,1141.53,0.673,0.666,24.22,98.71,2506.73,0.846,tomato
46.57,35.54,44.77,28.21,56.7,6.32,634.39,0.507,0.473,27.51,117.69,6272.61,0.656,groundnut
135.34,30.03,37.75,26.21,49.88,7.29,515.34,0.745,0.447,24.74,0.57,6393.09,0.71,cotton
81.9,69.5,35.26,19.43,62.01,6.12,588.22,0.463,0.403,22.08,51.16,1738.44,0.797,potato
113.36,40.23,50.88,17.79,36.34,6.32,897.29,0.493,0.519,17.86,71.77,2240.33,0.787,wheat
39.79,51.84,36.13,24.32,45.8,6.6,526.22,0.478,0.423,21.0,79.81,4241.74,0.847,soybean
82.07,38.29,42.59,19.73,59.89,6.18,778.74,0.526,0.612,19.78,108.71,4793.62,0.89,soybean
75.61,39.61,16.26,20.75,74.54,5.98,771.12,0.644,0.491,19.72,72.17,2455.25,0.787,tomato
69.08,62.36,29.08,22.29,74.85,6.17,639.13,0.569,0.516,21.46,71.1,1603.47,0.696,potato
53.94,31.89,32.81,20.84,42.04,7.45,336.39,0.487,0.389,19.29,44.95,6490.65,0.724,chickpea
77.43,31.8,34.07,24.28,58.73,5.65,948.22,0.695,0.675,22.94,97.1,2402.32,0.925,maize
65.09,64.83,40.97,26.12,70.33,6.6,436.23,0.571,0.47,25.69,37.66,6453.38,0.618,chickpea
145.15,46.72,57.39,25.48,65.85,6.92,1847.09,0.755,0.75,27.09,214.13,500.0,0.756,sugarcane
83.52,40.36,42.7,15.52,75.26,5.93,690.07,0.514,0.554,13.14,48.25,1692.53,0.81,potato
100.78,36.26,50.03,24.55,56.03,6.47,510.89,0.678,0.441,23.9,0.0,2856.74,0.799,wheat
119.15,49.6,28.1,28.53,72.56,6.57,1387.57,0.697,0.746,24.26,96.26,2156.84,1.0,rice
48.87,27.63,37.65,28.1,60.0,6.28,817.34,0.695,0.492,25.86,21.54,2417.96,0.853,tomato
23.48,51.8,27.4,32.77,66.5,6.39,498.78,0.573,0.45,36.85,55.14,5956.42,0.844,groundnut
43.39,70.08,37.23,19.96,57.56,6.64,732.14,0.416,0.467,22.58,83.44,4834.05,0.751,soybean
68.64,46.71,35.74,22.14,67.32,7.15,748.32,0.615,0.61,24.54,95.4,5192.9,0.73,soybean
62.86,47.26,34.28,26.27,81.21,6.23,713.06,0.75,0.513,27.0,65.24,1593.78,0.789,maize
116.02,36.86,48.23,29.55,60.19,6.99,791.52,0.587,0.538,26.44,0.0,8371.3,0.735,cotton
51.84,66.54,15.97,22.68,46.22,6.69,575.71,0.6,0.365,20.75,59.61,7309.36,0.814,groundnut
61.22,38.2,33.42,23.01,67.95,5.78,809.07,0.642,0.593,23.78,23.73,2201.73,0.887,tomato
82.17,57.95,38.45,13.34,75.23,6.42,452.39,0.548,0.505,13.34,16.61,1833.22,0.675,potato
80.38,46.11,15.89,26.45,73.68,5.97,642.57,0.609,0.482,26.88,120.8,2569.06,0.903,maize
95.51,24.22,34.91,29.95,48.81,6.64,708.59,0.539,0.434,30.61,69.98,7040.21,0.727,cotton
121.41,49.97,37.78,26.48,78.44,6.13,1515.07,0.857,0.75,23.74,148.42,3051.3,0.77,rice
115.87,33.72,58.06,31.18,62.74,5.93,542.71,0.533,0.5,28.26,55.46,5329.54,0.918,cotton
86.89,36.62,42.64,34.58,52.85,6.78,806.67,0.519,0.581,34.39,37.86,8541.94,0.705,cotton
62.43,58.2,70.29,13.08,73.33,5.39,691.2,0.477,0.596,16.48,18.44,2006.35,0.805,potato
137.03,55.69,80.43,39.29,79.48,6.77,1388.85,0.553,0.75,39.96,169.35,500.0,0.861,sugarcane
67.73,47.87,43.28,19.36,60.75,7.59,615.32,0.538,0.457,19.08,62.46,6085.03,0.806,chickpea
85.73,32.18,44.06,22.47,63.65,6.06,1203.83,0.708,0.617,20.19,162.67,1799.8,0.951,maize
70.46,26.14,39.4,27.3,70.37,5.51,686.6,0.522,0.547,27.54,145.67,1830.36,0.744,tomato
97.76,69.24,75.03,31.93,71.76,7.43,1800.76,0.565,0.75,31.59,143.3,500.0,0.849,sugarcane
55.91,59.91,28.52,30.17,72.26,6.79,751.58,0.531,0.517,29.71,75.96,5061.76,0.918,soybean
30.77,36.78,61.1,20.0,74.47,6.54,841.09,0.537,0.581,21.78,79.46,2670.81,1.0,tomato
106.51,51.72,48.71,20.58,69.14,5.8,551.88,0.688,0.372,17.54,25.54,2137.15,0.775,potato
82.61,66.12,55.87,19.86,70.34,5.44,703.38,0.508,0.49,19.65,23.28,2205.17,0.773,tomato
106.19,36.68,39.09,21.88,77.52,5.76,1819.95,0.653,0.75,23.26,139.72,2489.4,0.794,rice
97.05,50.64,28.83,27.85,51.95,6.05,870.24,0.63,0.482,27.43,69.71,1890.71,0.972,maize
81.99,46.5,32.63,24.31,70.39,6.67,577.79,0.584,0.507,21.66,35.55,4660.88,0.794,soybean
26.1,58.64,54.23,31.72,64.68,5.9,402.63,0.348,0.481,33.46,62.7,3727.94,0.823,groundnut
105.51,50.55,51.91,22.97,42.77,6.66,618.62,0.593,0.367,23.29,114.63,6570.89,0.809,cotton
95.9,59.1,42.26,31.01,65.6,7.11,1602.1,0.578,0.75,32.43,250.0,500.0,0.899,sugarcane
76.14,54.47,64.21,13.43,67.19,5.98,493.09,0.39,0.396,12.93,83.97,1317.43,0.772,potato
54.88,55.28,43.35,21.06,65.91,6.24,593.5,0.463,0.456,18.85,54.35,5378.23,0.701,soybean
54.88,33.49,38.12,17.37,68.63,5.01,534.29,0.474,0.469,17.84,49.97,2447.34,0.746,tomato
9.41,68.01,37.75,21.81,52.33,8.5,536.04,0.409,0.332,23.92,83.57,7060.68,0.619,chickpea
22.03,43.67,33.22,23.12,52.42,6.87,747.13,0.413,0.45,19.39,73.71,5375.12,0.796,groundnut
52.45,40.85,39.56,17.23,46.6,5.54,658.66,0.492,0.325,19.17,86.01,1328.66,0.701,potato
63.51,45.42,43.2,29.97,61.51,6.15,732.49,0.481,0.532,30.2,72.01,5036.63,0.643,soybean
54.34,49.51,18.54,21.3,55.25,6.65,853.19,0.483,0.466,18.38,119.54,5458.84,0.855,soybean
45.64,33.84,35.83,23.13,43.45,6.49,498.73,0.569,0.401,23.15,30.04,8715.38,0.67,chickpea
103.53,41.48,37.58,30.22,82.59,7.11,1153.75,0.618,0.659,33.65,125.74,500.0,0.828,sugarcane
117.07,42.5,10.5,19.01,48.18,6.2,609.8,0.727,0.468,17.87,81.02,2903.77,0.872,wheat
103.46,43.09,31.55,25.38,62.2,6.02,637.11,0.824,0.506,24.62,108.21,2264.9,0.824,maize
125.46,44.41,37.23,24.7,66.13,6.71,1011.0,0.655,0.599,25.29,154.09,2303.89,0.648,rice
100.18,87.61,38.76,31.18,65.58,6.03,1470.21,0.523,0.743,29.59,190.84,500.0,0.868,sugarcane
5.0,44.97,56.82,23.73,55.85,6.11,448.58,0.403,0.349,24.01,54.74,6506.76,0.865,groundnut
29.8,46.26,39.58,22.78,70.74,6.66,609.03,0.68,0.434,25.33,0.0,6360.07,0.986,groundnut
112.75,47.02,37.39,33.49,76.66,7.01,1405.13,0.623,0.75,35.44,144.47,1892.4,0.753,rice
90.5,52.84,67.25,16.76,58.12,7.04,738.05,0.601,0.507,20.97,34.85,2484.87,0.995,maize
134.61,41.22,59.83,34.15,63.77,6.34,1835.83,0.635,0.75,34.83,197.26,500.0,0.905,sugarcane
74.77,49.59,10.89,26.98,93.52,6.97,722.53,0.782,0.545,27.6,62.89,2007.6,0.595,maize
58.61,40.96,55.9,14.83,69.5,5.32,399.21,0.398,0.395,18.5,34.0,2043.7,0.646,potato
18.61,53.21,40.84,24.33,53.79,5.68,684.15,0.557,0.485,25.4,0.0,7275.59,0.495,groundnut
135.25,54.07,42.22,29.53,80.79,6.7,1715.6,0.8,0.75,31.94,221.68,500.0,0.769,sugarcane
89.54,59.29,49.38,15.72,78.49,6.19,703.93,0.471,0.441,18.74,48.06,1868.16,0.851,potato
81.92,41.8,30.98,18.2,38.87,6.87,374.8,0.536,0.25,18.3,37.27,2545.2,0.866,wheat
49.64,59.47,22.66,26.17,52.34,7.13,488.29,0.497,0.42,27.57,0.0,6237.26,0.669,chickpea
12.13,39.25,50.13,29.59,48.84,7.11,596.37,0.477,0.45,30.26,55.6,6365.17,0.727,groundnut
21.49,59.51,22.28,30.23,52.68,6.11,414.01,0.486,0.497,31.79,11.15,6787.99,0.728,groundnut
88.2,62.0,52.64,33.95,83.22,6.48,1721.93,0.454,0.75,32.45,150.92,500.0,0.839,sugarcane
115.16,41.08,35.99,18.97,66.83,6.45,455.98,0.539,0.414,21.09,53.91,2285.75,0.826,wheat
90.98,37.79,64.13,33.75,49.71,7.23,399.8,0.497,0.349,34.25,43.71,7383.98,0.732,cotton
109.69,47.96,43.36,22.88,62.06,7.61,461.09,0.654,0.379,23.19,0.0,2477.94,0.762,wheat
113.04,58.54,28.92,26.65,75.15,7.07,561.82,0.62,0.518,28.65,34.59,1080.35,0.828,maize
64.89,32.62,36.92,29.72,66.31,5.93,1048.77,0.609,0.617,31.84,81.46,2059.86,0.774,tomato
154.7,76.83,50.48,27.05,77.69,6.92,1957.63,0.707,0.75,24.81,160.34,500.0,0.881,sugarcane
137.64,29.78,54.51,27.25,58.95,6.14,615.68,0.818,0.493,26.33,57.87,7259.7,0.794,cotton
156.97,38.92,47.4,40.96,83.95,7.1,1762.41,0.518,0.75,40.97,239.56,500.0,0.762,sugarcane
57.54,47.4,43.24,20.7,63.44,7.26,607.42,0.558,0.389,19.15,58.79,5339.09,0.863,groundnut
50.34,38.53,43.48,22.17,70.54,5.8,683.0,0.523,0.567,19.95,75.73,1806.43,0.727,tomato
95.21,51.76,52.02,14.93,64.38,5.77,745.09,0.502,0.506,17.81,162.86,1564.93,0.744,potato
25.63,18.93,37.19,24.32,48.98,7.47,319.3,0.525,0.323,24.1,72.81,6397.78,0.671,chickpea
114.94,39.95,44.63,32.33,68.13,7.01,949.88,0.597,0.595,33.38,68.91,1278.09,0.737,maize
89.77,48.1,44.11,19.36,70.15,5.43,432.67,0.438,0.405,24.18,0.0,2255.81,0.755,potato
85.17,59.63,16.41,22.05,69.46,6.89,797.57,0.582,0.523,21.31,68.52,1962.92,0.777,maize
98.56,34.15,13.42,10.98,76.95,5.52,1075.71,0.538,0.622,12.21,122.45,1752.94,0.819,maize
66.49,56.3,48.69,29.81,51.0,6.32,895.93,0.514,0.614,32.03,115.9,5768.67,0.719,cotton
49.89,41.69,42.55,20.66,64.42,6.9,582.79,0.578,0.393,19.61,116.47,7351.49,0.602,chickpea
57.52,31.74,59.75,28.82,70.7,6.59,582.05,0.581,0.386,28.09,59.19,1643.93,0.869,tomato
31.21,73.63,26.69,18.53,64.79,6.68,449.64,0.571,0.359,18.05,23.61,6179.49,0.704,chickpea
55.6,59.89,31.36,19.98,60.1,6.21,561.3,0.605,0.431,22.29,46.09,6409.81,0.751,chickpea
128.29,69.23,14.69,29.08,79.59,6.84,1110.49,0.677,0.593,31.13,115.81,2571.7,0.807,rice
123.11,43.29,50.72,27.59,90.17,5.44,1154.09,0.718,0.556,25.42,86.93,2512.91,0.779,rice
73.75,39.56,50.2,25.21,68.6,6.66,453.03,0.661,0.432,24.38,66.88,2418.82,0.921,tomato
83.95,61.63,25.42,23.47,60.85,5.5,647.32,0.646,0.534,20.03,91.79,2542.48,0.911,wheat
82.5,49.83,57.51,18.37,84.73,6.0,530.68,0.578,0.527,21.21,0.0,1477.24,0.667,potato
77.09,46.55,39.1,21.5,55.8,6.76,852.52,0.432,0.455,17.92,79.67,2163.89,0.803,maize
54.3,34.79,53.35,16.05,57.18,5.88,724.78,0.43,0.505,14.95,19.05,2300.79,0.875,tomato
48.42,56.32,11.75,29.86,49.62,7.25,319.84,0.602,0.405,31.57,41.53,8777.13,0.798,chickpea
75.89,64.39,51.18,15.56,55.53,5.88,633.73,0.426,0.494,16.89,75.33,2004.61,0.631,potato
117.43,67.82,70.04,29.18,62.81,6.55,1403.12,0.636,0.668,31.75,86.32,500.0,0.814,sugarcane
135.68,32.98,48.17,22.11,70.22,6.12,1112.11,0.601,0.667,21.66,119.7,2133.22,0.623,rice
83.06,49.58,42.95,15.43,73.94,5.66,551.98,0.561,0.465,14.03,98.97,1478.91,0.627,potato
119.52,56.69,75.46,22.66,76.9,7.48,1702.83,0.699,0.75,25.68,153.72,500.0,0.825,sugarcane
75.5,41.52,70.06,17.82,58.05,5.16,300.86,0.542,0.286,13.47,18.18,2208.76,0.843,tomato
27.89,58.08,31.42,25.45,59.77,6.26,657.71,0.602,0.481,23.34,117.02,5195.23,0.711,groundnut
69.9,70.17,32.35,29.81,54.68,6.72,933.87,0.613,0.536,29.27,147.22,4435.82,0.743,soybean
46.1,62.89,49.63,30.95,63.48,6.97,269.77,0.5,0.305,34.92,0.0,4631.35,0.697,groundnut
96.67,37.45,35.68,23.39,79.49,5.95,922.57,0.63,0.664,23.62,143.0,2021.46,0.705,rice
92.84,35.04,72.01,21.09,70.51,5.69,839.44,0.685,0.5,21.6,3.18,2252.98,0.538,tomato
80.68,41.79,39.37,20.03,34.14,6.78,966.39,0.533,0.503,20.78,107.57,2829.38,0.654,wheat
78.53,49.95,46.24,21.42,71.81,6.25,432.35,0.523,0.33,21.19,27.47,5513.97,0.784,chickpea
111.07,37.38,26.44,30.72,58.41,6.24,577.84,0.594,0.47,32.08,92.23,1785.74,0.753,maize
90.54,19.76,52.43,31.09,62.38,5.31,653.47,0.582,0.474,33.19,41.06,2375.23,0.887,tomato
120.85,42.52,42.8,20.41,50.49,6.76,579.98,0.638,0.423,23.28,31.18,2284.93,0.861,tomato
83.0,55.58,37.89,32.44,60.32,6.05,957.32,0.441,0.528,31.12,56.27,4888.04,0.984,soybean
83.87,61.41,55.09,16.96,65.8,5.8,664.08,0.576,0.469,19.39,47.08,2127.56,0.766,potato
57.66,43.87,21.12,18.13,79.79,4.78,721.82,0.457,0.482,17.86,70.12,2072.05,0.71,potato
34.63,50.2,23.07,14.12,54.65,5.28,527.55,0.375,0.45,14.56,0.0,1822.49,0.762,potato
54.13,47.55,27.92,31.42,60.03,6.64,662.29,0.466,0.456,29.47,11.43,4642.55,0.824,soybean
106.18,60.03,49.88,22.52,60.07,6.77,663.82,0.594,0.415,20.76,0.0,1950.9,0.779,wheat
102.48,53.78,53.64,15.77,44.91,6.67,622.26,0.563,0.451,16.56,25.0,1522.23,0.627,potato
111.67,42.25,74.21,22.32,70.02,7.4,1120.69,0.686,0.679,19.3,88.67,500.0,0.845,sugarcane
102.54,49.26,34.96,29.08,44.67,6.65,910.2,0.555,0.498,29.8,78.88,7200.74,0.994,cotton
78.64,59.96,47.16,31.66,67.07,6.68,658.04,0.573,0.495,33.23,43.93,1606.97,0.762,maize
92.65,50.89,27.93,16.02,80.67,5.76,491.85,0.638,0.521,13.66,31.58,1707.02,0.783,potato
155.33,49.43,60.31,27.54,64.03,6.42,1464.66,0.773,0.686,26.13,147.62,500.0,0.839,sugarcane
86.18,48.04,57.86,20.27,73.73,5.3,864.1,0.668,0.615,20.17,122.36,2255.4,0.948,tomato
55.84,49.73,23.74,22.69,31.37,7.24,419.01,0.558,0.342,24.38,73.62,7511.65,0.71,chickpea
90.65,60.89,21.42,17.44,69.63,6.42,853.78,0.625,0.574,18.25,110.4,2258.26,0.906,maize
71.94,32.93,46.67,22.39,58.6,7.05,879.01,0.621,0.63,23.08,132.67,6119.7,0.673,cotton
91.82,52.61,42.07,21.88,68.64,6.64,640.7,0.601,0.461,26.54,37.89,2202.42,0.785,maize
40.78,45.05,36.58,20.99,36.21,6.88,420.8,0.488,0.291,22.22,82.0,6438.04,0.67,chickpea
111.9,41.44,46.64,15.29,47.79,7.45,614.52,0.522,0.422,13.86,55.49,2022.37,0.723,wheat
72.92,49.02,48.11,27.31,70.07,6.96,932.24,0.609,0.613,26.54,60.92,4605.96,0.782,soybean
76.41,66.89,50.04,21.61,60.25,6.1,864.26,0.66,0.499,21.82,70.65,2151.18,0.901,tomato
48.09,42.43,52.2,20.12,36.99,7.76,308.25,0.562,0.235,17.24,37.83,5672.9,0.727,chickpea
11.64,64.11,35.79,26.31,75.22,6.13,561.87,0.5,0.396,27.04,0.0,7084.99,0.557,groundnut
42.8,46.53,41.71,27.03,78.96,6.13,617.58,0.584,0.463,24.79,103.9,5644.2,0.643,soybean
43.78,21.04,27.94,23.49,75.03,6.03,556.77,0.63,0.535,23.23,73.42,1680.59,0.774,tomato
24.42,65.78,45.04,29.88,49.24,5.98,317.6,0.521,0.326,30.49,59.84,6650.69,0.707,groundnut
88.4,43.19,42.57,27.48,61.66,6.23,828.35,0.555,0.499,29.16,13.72,7150.06,0.86,cotton
9.98,34.7,34.34,19.0,31.95,6.81,486.2,0.383,0.398,22.39,77.13,6710.46,0.781,chickpea
5.8,68.11,17.28,23.83,47.49,6.69,469.48,0.494,0.345,22.11,0.0,6797.93,0.575,chickpea
40.26,74.08,20.42,21.06,46.84,6.84,562.6,0.482,0.467,20.89,52.84,5194.35,0.825,chickpea
129.81,32.2,43.69,19.67,55.5,6.64,1388.45,0.646,0.715,16.37,135.71,2210.32,0.799,rice
57.29,61.97,55.0,20.92,76.89,7.91,403.16,0.691,0.38,25.79,31.33,7001.71,0.75,chickpea
46.69,54.62,68.26,22.66,66.45,5.93,763.54,0.519,0.569,22.95,43.62,5405.21,0.808,soybean
75.15,8.7,30.98,24.65,65.78,5.89,582.98,0.608,0.507,23.51,29.3,1977.33,0.537,potato
53.13,39.03,56.87,24.08,79.57,5.68,621.96,0.552,0.464,26.04,31.69,1439.5,0.769,tomato
129.51,59.53,64.59,29.59,64.4,6.43,2103.54,0.636,0.75,27.61,250.0,500.0,0.808,sugarcane
55.97,64.41,25.34,23.95,53.9,6.6,409.64,0.563,0.379,23.39,50.37,6919.92,0.827,chickpea
96.64,29.34,56.85,20.58,83.04,5.12,1444.48,0.699,0.75,20.26,199.89,2961.57,0.818,rice
66.71,61.04,52.71,27.28,78.06,6.31,748.69,0.657,0.552,25.93,51.64,1916.65,0.791,potato
86.5,52.66,51.37,13.96,40.67,5.8,708.66,0.457,0.548,13.72,45.11,1912.44,0.868,potato
71.01,42.65,43.3,28.58,71.44,6.63,780.76,0.596,0.576,29.13,86.97,1928.89,0.791,tomato
81.5,52.37,41.63,24.78,44.18,6.57,618.75,0.65,0.464,25.06,108.61,2265.09,0.675,wheat
109.1,62.39,5.0,31.97,87.2,5.28,1505.55,0.693,0.75,28.85,174.45,2532.37,0.793,rice
102.93,27.1,59.8,29.3,72.64,6.61,1586.15,0.624,0.75,32.29,232.78,2209.71,0.734,rice
119.87,41.15,50.66,33.37,80.45,6.96,1151.54,0.642,0.662,34.74,144.98,2015.56,0.96,rice
97.73,66.03,24.9,29.73,72.46,6.09,567.21,0.607,0.418,32.13,55.55,2251.6,0.869,maize
106.2,33.73,5.0,21.79,59.36,6.39,611.54,0.728,0.476,24.74,70.55,2344.68,0.851,wheat
67.16,20.88,41.86,24.14,84.99,5.94,894.94,0.693,0.598,23.86,108.26,2412.03,0.757,tomato
105.37,66.11,56.73,21.66,82.55,6.15,1437.32,0.721,0.75,18.88,52.24,500.0,0.757,sugarcane
46.97,51.37,49.25,25.71,53.93,6.78,904.8,0.525,0.596,25.96,107.54,5163.17,0.819,soybean
25.94,44.88,46.06,20.56,46.18,6.44,603.2,0.54,0.418,18.81,84.08,6892.67,0.659,chickpea
51.84,58.85,10.13,26.5,57.93,7.13,326.01,0.48,0.452,24.5,37.3,5555.52,0.471,chickpea
131.55,39.9,31.29,15.7,71.03,6.25,908.77,0.557,0.619,12.52,75.41,2407.95,0.72,wheat
139.28,23.51,35.35,28.06,76.56,6.9,1243.29,0.73,0.72,25.52,128.65,500.0,0.751,sugarcane
45.78,62.72,26.28,24.09,70.03,6.55,589.61,0.619,0.492,26.4,85.34,5755.87,0.795,groundnut
23.38,53.17,55.17,19.53,69.36,6.2,379.88,0.463,0.452,18.57,48.46,4396.53,0.577,groundnut
77.63,41.61,31.02,15.25,41.47,6.06,608.77,0.436,0.406,17.91,19.94,2507.86,0.662,wheat
118.94,55.91,50.74,26.86,77.39,6.11,1372.14,0.781,0.739,27.93,93.8,2481.38,0.872,rice
98.82,70.87,61.73,29.04,65.84,5.98,1764.8,0.603,0.75,29.98,159.11,500.0,0.732,sugarcane
48.13,41.18,36.53,20.59,45.55,6.42,801.68,0.433,0.468,17.78,93.17,2091.53,0.836,maize
31.31,34.37,47.87,27.17,63.76,6.98,521.25,0.475,0.456,27.78,41.02,4920.27,0.794,groundnut
82.91,34.0,19.44,11.16,44.95,7.33,712.35,0.425,0.503,8.59,73.22,1756.91,0.815,wheat
73.19,34.71,40.6,34.68,59.7,5.46,1140.63,0.396,0.621,34.76,148.44,2536.83,0.795,maize
90.19,30.38,32.06,21.01,72.0,6.4,602.98,0.669,0.561,19.41,71.68,1408.68,0.783,maize
77.05,37.5,46.32,23.96,76.34,5.64,969.89,0.693,0.503,26.61,100.26,2223.49,0.734,maize
67.95,70.5,39.13,26.61,73.25,6.32,401.0,0.655,0.44,29.54,1.59,4041.08,0.721,soybean
51.5,65.5,82.67,25.99,48.68,6.23,622.15,0.62,0.46,23.9,33.04,4540.76,0.766,soybean
143.17,48.23,44.95,27.86,69.16,7.09,1371.5,0.801,0.693,29.35,204.71,500.0,0.714,sugarcane
81.26,73.72,32.01,17.44,73.03,5.76,557.1,0.557,0.506,21.29,66.33,1630.27,0.741,potato
112.53,61.91,28.05,27.65,93.04,6.72,1697.82,0.608,0.75,25.13,250.0,2521.04,0.929,rice
127.5,35.01,34.25,31.9,71.3,6.49,747.54,0.661,0.543,34.04,81.06,1851.18,0.791,rice
94.87,49.89,41.83,29.88,96.73,6.49,1148.04,0.749,0.632,29.34,146.36,1939.13,0.845,rice
120.92,51.96,35.56,23.38,65.28,6.42,786.47,0.658,0.438,22.97,80.66,2114.67,0.915,maize
114.52,55.68,56.95,34.76,76.76,6.22,1100.09,0.594,0.637,35.77,86.52,1368.89,0.676,rice
17.21,40.05,26.98,24.74,52.06,7.25,398.09,0.615,0.362,20.01,43.55,7089.82,0.73,chickpea
129.16,49.99,41.82,26.06,81.87,5.93,472.09,0.695,0.425,23.4,30.67,1714.02,0.668,maize
120.9,50.38,26.87,26.94,75.38,6.43,1259.02,0.768,0.75,29.39,231.66,1950.25,0.809,rice
82.87,50.5,54.49,22.45,71.27,5.0,366.63,0.609,0.386,18.72,35.62,1975.82,0.724,potato
25.0,34.73,23.3,29.63,61.92,5.96,713.09,0.524,0.516,31.77,105.12,6384.65,0.753,groundnut
55.21,57.39,27.6,25.08,75.52,6.24,609.46,0.732,0.418,25.39,36.16,4125.48,0.864,soybean
98.61,48.07,33.03,21.49,49.13,6.53,930.95,0.575,0.557,21.72,82.22,2585.18,0.839,wheat
116.74,65.86,51.29,28.91,81.41,6.81,1940.18,0.743,0.75,27.48,221.08,500.0,0.741,sugarcane
119.85,47.16,30.26,33.31,75.15,6.07,1212.21,0.616,0.727,32.62,122.04,2463.6,0.851,rice
59.11,51.03,22.85,15.27,58.22,6.2,780.55,0.351,0.521,17.33,111.54,2484.88,0.699,maize
81.39,39.72,48.23,23.8,47.5,6.77,806.98,0.597,0.516,21.99,72.81,2307.1,0.843,wheat
43.38,21.13,36.11,15.35,47.44,6.56,628.55,0.403,0.525,13.34,0.0,7240.34,0.578,chickpea
87.47,65.07,27.46,19.6,54.7,6.65,497.1,0.486,0.427,18.33,116.48,2373.88,0.755,wheat
29.05,25.66,36.0,21.54,51.0,5.72,395.0,0.441,0.396,20.52,0.72,6455.99,0.773,groundnut
64.43,54.53,32.32,23.12,77.98,5.94,1008.37,0.595,0.563,22.01,103.24,5703.24,0.87,soybean
132.31,26.42,54.54,21.02,64.59,5.85,758.31,0.693,0.494,20.23,113.76,6910.52,0.79,cotton
107.69,52.33,48.61,19.92,77.77,5.75,1252.74,0.654,0.716,16.71,209.05,2959.64,0.788,rice
84.93,75.39,30.49,18.41,57.33,6.24,551.65,0.397,0.409,18.19,68.74,1849.05,0.796,potato
92.65,52.22,25.41,25.27,66.37,6.03,1322.91,0.684,0.671,26.36,141.49,2341.45,0.866,rice
78.53,36.91,27.73,27.45,59.0,6.86,583.37,0.665,0.552,27.61,50.16,2367.39,0.748,wheat
79.48,11.81,47.2,25.33,51.21,5.27,1031.39,0.685,0.57,27.53,60.75,2286.98,0.883,tomato
50.15,43.3,38.84,19.99,69.1,6.07,1014.14,0.472,0.624,20.91,98.03,2675.0,0.835,tomato
61.29,38.68,43.9,18.99,54.95,6.72,575.35,0.476,0.539,22.1,94.99,2549.41,0.68,wheat
101.69,41.57,30.48,26.41,74.46,7.47,702.03,0.66,0.61,29.15,101.12,2269.91,0.667,wheat
81.25,53.41,28.68,27.99,56.39,7.34,599.76,0.778,0.427,29.55,94.52,2157.21,0.932,maize
125.28,34.94,33.12,26.95,64.57,6.11,993.23,0.755,0.55,28.07,110.62,2053.82,0.775,maize
64.12,42.2,33.63,32.58,77.84,6.36,964.64,0.484,0.54,29.25,42.85,7028.36,0.634,cotton
65.02,58.29,28.56,18.36,59.94,6.86,265.06,0.578,0.311,19.51,64.43,6684.91,0.496,chickpea
72.33,64.18,49.18,17.31,60.09,5.93,516.14,0.438,0.438,17.15,45.15,1818.92,0.785,potato
99.49,19.83,41.74,24.81,67.94,6.04,947.3,0.715,0.627,23.06,133.63,1932.96,0.673,maize
99.97,34.01,28.87,25.95,69.32,5.78,826.04,0.674,0.529,26.13,84.61,2593.33,0.622,maize
112.68,37.13,23.59,24.77,69.15,6.97,862.8,0.697,0.624,26.41,62.21,2073.83,0.886,maize
97.43,47.65,32.98,24.81,72.77,6.69,950.9,0.756,0.617,25.53,163.09,2346.84,0.735,maize
26.08,46.73,65.87,27.83,61.14,6.56,602.06,0.406,0.567,24.9,120.85,6337.67,0.778,groundnut
88.48,48.65,22.44,26.22,46.08,6.5,484.62,0.603,0.482,21.44,44.64,2156.09,0.668,potato
14.6,26.37,31.64,25.53,54.4,6.37,610.58,0.545,0.442,26.17,10.27,4686.64,0.649,groundnut
127.24,37.47,25.08,34.11,64.61,6.45,674.18,0.469,0.441,32.42,89.29,6777.91,0.859,cotton
20.7,47.13,46.17,23.37,58.63,6.82,626.44,0.555,0.365,22.14,67.13,5614.04,0.708,groundnut
88.18,21.24,62.42,13.76,50.74,5.94,677.09,0.428,0.387,9.32,49.36,1715.19,0.589,potato
57.45,66.65,24.11,24.7,61.11,7.41,538.02,0.601,0.398,24.23,29.35,7478.28,0.719,chickpea
97.56,48.81,55.28,16.7,63.32,6.59,502.44,0.576,0.375,15.39,32.56,2190.73,0.781,potato
87.36,42.3,74.14,28.54,76.78,7.12,991.69,0.547,0.59,26.74,96.55,500.0,0.939,sugarcane
61.65,82.98,43.73,19.39,42.21,6.78,245.62,0.536,0.334,17.45,0.0,5612.21,0.8,chickpea
102.35,42.96,47.55,16.09,74.77,5.73,974.05,0.529,0.579,20.98,122.72,1875.47,0.828,tomato
101.32,41.58,14.94,18.83,65.42,6.33,773.54,0.55,0.48,20.47,55.22,2697.35,0.613,wheat
54.02,43.71,38.22,22.21,62.65,6.23,579.52,0.591,0.472,22.33,8.66,2000.52,0.801,tomato
88.58,58.05,49.82,18.57,71.46,6.72,747.59,0.641,0.512,21.25,74.72,1961.72,0.881,rice
86.89,51.44,58.29,17.64,58.5,6.35,614.65,0.675,0.479,19.16,74.19,1950.31,0.791,potato
70.49,37.09,26.24,23.35,81.92,6.89,697.82,0.686,0.515,24.04,35.45,1683.98,0.893,maize
106.0,36.38,54.48,19.2,77.08,5.86,1197.87,0.593,0.575,18.2,152.54,2258.66,0.822,rice
81.62,30.27,36.96,14.27,59.62,7.45,554.06,0.457,0.429,13.27,2.47,2261.31,0.721,wheat
40.58,63.64,29.93,35.35,64.89,6.51,538.24,0.474,0.441,35.39,49.16,6647.18,0.846,groundnut
56.93,55.44,57.8,21.83,64.62,7.09,484.18,0.6,0.5,20.57,29.45,2518.47,0.711,maize
47.93,58.31,47.57,27.36,65.34,6.48,788.02,0.527,0.598,30.02,106.6,4493.38,0.844,soybean
93.03,26.69,39.42,22.81,68.68,6.32,677.01,0.691,0.506,23.93,73.82,7206.97,0.769,cotton
92.19,54.29,23.95,14.24,64.16,7.39,888.19,0.418,0.56,11.98,82.65,2705.55,0.817,wheat
38.59,50.33,46.74,28.07,43.7,5.96,665.82,0.532,0.438,31.59,95.0,6739.45,0.738,groundnut
90.91,25.43,16.71,19.62,70.55,7.46,520.07,0.559,0.446,14.29,31.49,2480.14,0.757,wheat
99.66,43.25,37.96,30.01,87.4,6.31,1582.59,0.619,0.75,28.79,168.62,2412.56,0.856,rice
46.83,43.8,57.74,21.1,49.82,6.52,630.42,0.541,0.477,21.39,63.88,3315.5,0.846,soybean
108.07,53.48,56.47,18.97,66.36,6.59,601.62,0.657,0.501,20.15,65.9,2469.52,0.652,wheat
55.05,52.03,41.03,32.3,43.01,7.42,733.85,0.506,0.502,31.84,78.64,6165.39,0.669,groundnut
76.99,30.32,21.81,23.79,57.69,6.86,749.72,0.537,0.521,24.15,91.14,2056.28,0.788,wheat
25.83,46.49,52.31,25.82,62.13,7.64,403.83,0.564,0.388,27.14,30.26,6590.65,0.707,chickpea
6.68,44.78,48.88,19.76,84.25,5.72,624.45,0.5,0.488,21.98,91.26,5704.59,0.823,groundnut
50.56,87.68,29.21,26.31,79.43,6.16,694.03,0.633,0.639,27.58,39.9,4280.25,0.741,soybean
83.05,34.01,38.0,14.24,63.16,6.2,559.85,0.446,0.481,14.7,59.55,2196.5,0.829,maize
96.93,51.25,65.48,22.06,68.12,5.55,517.18,0.671,0.404,22.56,28.07,1854.68,0.884,potato
97.4,58.8,55.76,29.37,66.56,7.32,1568.32,0.515,0.746,29.1,170.08,500.0,0.969,sugarcane
104.55,49.03,53.93,25.14,81.47,6.25,1625.71,0.772,0.75,23.16,105.51,500.0,0.849,sugarcane
89.77,31.3,59.22,21.91,66.48,7.36,896.04,0.618,0.518,22.26,96.21,7967.71,0.755,cotton
78.3,30.99,41.8,28.78,65.58,6.57,807.36,0.546,0.522,28.49,121.69,5070.17,0.81,cotton
22.99,51.25,55.38,28.53,63.09,7.12,424.1,0.49,0.305,26.34,80.01,5001.91,0.834,groundnut
87.83,32.18,33.69,27.35,57.82,6.78,419.43,0.619,0.404,27.61,30.3,6636.33,0.64,cotton
121.0,56.21,56.74,25.11,75.39,6.97,1787.54,0.723,0.75,24.44,188.97,500.0,0.646,sugarcane
56.57,57.72,32.08,25.82,62.63,7.36,705.98,0.56,0.467,26.67,120.81,2234.24,0.891,maize
105.55,41.48,30.88,25.17,53.71,6.49,644.28,0.673,0.523,26.85,68.76,1661.44,0.853,maize
36.57,68.96,35.08,24.31,55.5,6.84,209.25,0.641,0.328,21.81,33.91,6695.06,0.831,chickpea
43.51,18.8,45.51,19.41,63.19,7.26,883.24,0.451,0.436,17.37,68.82,2093.98,0.682,tomato
144.51,68.73,50.3,28.06,80.95,7.69,1526.76,0.656,0.75,25.35,135.3,500.0,0.766,sugarcane
45.94,63.95,50.33,23.2,60.89,6.9,794.11,0.582,0.484,22.95,79.56,4734.34,0.863,soybean
112.82,51.87,34.49,29.51,86.38,6.56,803.86,0.586,0.526,30.05,99.96,1852.15,0.882,rice
38.04,29.02,35.38,25.7,42.14,5.6,666.71,0.569,0.389,28.44,101.17,5686.75,0.634,groundnut
74.1,33.81,32.77,19.51,55.51,6.77,579.76,0.502,0.395,18.54,38.03,1235.27,0.856,potato
36.76,75.92,46.98,23.02,58.15,7.38,351.7,0.583,0.424,21.66,0.0,5367.01,0.69,chickpea
90.11,47.68,62.64,29.81,70.63,6.38,706.86,0.619,0.447,29.36,7.87,2154.63,0.942,tomato
42.06,64.07,28.62,20.85,56.7,6.98,638.97,0.562,0.49,20.75,94.51,6185.46,0.728,chickpea
55.22,54.64,48.85,22.93,65.39,6.23,602.8,0.604,0.48,20.26,73.48,1828.05,0.703,potato
113.78,18.73,55.42,18.37,56.52,6.93,412.6,0.734,0.428,16.42,94.46,4994.88,0.649,cotton
128.17,29.99,67.99,34.16,66.04,6.68,736.92,0.636,0.5,36.58,93.92,5986.38,0.815,cotton
22.17,46.18,39.38,23.25,68.98,5.11,485.74,0.582,0.409,21.61,64.0,6588.52,0.781,groundnut
80.26,38.24,40.89,22.71,66.49,5.8,1144.47,0.558,0.711,23.11,125.45,2293.51,1.0,rice
51.5,40.75,23.29,22.02,43.57,5.92,376.24,0.525,0.327,23.46,0.0,5746.94,0.78,chickpea
91.21,55.38,17.93,15.48,59.81,6.93,616.4,0.505,0.434,13.68,60.07,1839.82,0.893,wheat
74.33,70.72,38.73,22.28,54.0,6.25,931.18,0.605,0.554,23.13,106.92,2322.16,0.893,maize
24.23,35.74,42.29,15.31,50.58,7.1,480.71,0.431,0.394,11.38,66.8,6595.17,0.61,chickpea
97.4,35.2,54.63,20.85,39.8,5.81,1134.51,0.728,0.527,20.41,98.34,8359.43,0.815,cotton
127.93,45.37,54.48,24.18,73.75,6.5,1746.24,0.749,0.75,22.92,163.11,500.0,0.75,sugarcane
44.26,43.77,49.68,23.42,43.9,6.34,634.71,0.627,0.463,22.36,111.99,6811.79,0.787,groundnut
104.46,26.89,39.96,24.9,48.35,6.36,935.28,0.647,0.521,27.72,23.81,7855.19,0.728,cotton
62.19,52.82,43.94,26.74,59.23,6.69,1030.9,0.626,0.495,25.62,124.54,2060.91,0.937,tomato
30.31,51.07,35.29,23.78,39.5,6.02,636.54,0.577,0.408,26.38,62.65,4636.07,0.595,groundnut
96.95,39.41,43.08,19.35,75.1,6.08,712.24,0.671,0.565,19.99,90.07,2314.49,0.977,tomato
110.42,48.65,46.25,29.55,79.93,6.82,1393.96,0.766,0.747,28.08,155.51,1728.14,0.959,rice
84.31,62.66,27.69,19.68,55.84,5.38,345.02,0.504,0.292,16.95,41.1,1323.13,0.76,potato
42.72,50.05,48.91,19.97,56.58,6.84,669.46,0.583,0.453,20.52,87.49,6091.74,0.668,chickpea
131.71,47.21,51.4,29.81,68.54,6.51,1275.5,0.66,0.697,32.44,92.11,500.0,0.677,sugarcane
60.8,33.67,55.57,23.32,40.6,6.01,446.26,0.524,0.3,22.94,0.0,1785.46,0.939,tomato
129.26,45.03,30.25,31.08,84.53,6.62,1296.54,0.657,0.727,31.94,59.46,2488.07,1.0,rice
115.12,52.68,52.05,35.77,83.42,7.15,1567.59,0.499,0.75,37.59,169.57,500.0,0.855,sugarcane
24.55,49.58,54.73,16.7,55.58,7.04,460.02,0.454,0.367,16.26,43.84,7265.05,0.754,chickpea
77.66,46.27,46.01,21.01,65.25,6.78,918.36,0.557,0.619,21.3,81.74,6174.68,0.754,soybean
84.16,38.84,29.58,21.62,81.07,6.05,837.47,0.72,0.556,22.04,73.18,1931.84,0.715,tomato
110.22,70.4,28.68,19.12,55.74,6.75,703.82,0.586,0.417,22.62,91.8,2249.33,0.824,wheat
39.47,67.05,30.09,22.72,50.45,6.53,854.1,0.583,0.453,23.47,99.83,5242.64,0.713,soybean
107.53,53.53,39.08,28.64,65.06,7.16,1434.99,0.764,0.685,27.45,176.17,500.0,0.803,sugarcane
103.39,61.19,71.8,16.76,67.88,5.41,546.64,0.571,0.338,18.11,67.79,2496.24,0.761,potato
58.14,47.83,25.42,25.92,59.45,6.41,551.75,0.642,0.488,27.64,63.97,2123.67,0.752,tomato
47.47,72.22,16.3,27.52,64.15,6.37,799.85,0.622,0.539,29.53,81.61,4055.44,0.781,soybean
90.02,43.03,35.49,18.8,78.1,6.25,693.38,0.626,0.486,21.04,8.58,1917.12,0.814,potato
82.94,37.25,43.61,21.43,77.96,4.99,633.49,0.57,0.46,23.12,89.47,1616.9,0.714,potato
30.45,58.96,50.99,23.44,79.98,6.75,770.8,0.627,0.669,21.1,48.95,6733.42,0.833,soybean
93.87,55.02,49.04,35.75,79.77,6.15,1378.51,0.52,0.708,35.93,153.87,2372.95,0.894,rice
43.89,53.83,51.4,23.86,59.02,7.26,852.43,0.581,0.467,24.86,43.23,5426.03,0.943,soybean
76.56,28.66,13.53,28.99,49.41,6.64,681.43,0.584,0.337,28.66,130.13,2323.74,0.944,wheat
112.95,39.47,16.7,23.14,53.5,6.98,624.41,0.711,0.446,24.62,81.12,2470.65,0.69,wheat
87.98,51.77,37.11,31.66,61.9,5.9,885.27,0.514,0.53,31.82,87.37,2080.97,0.764,maize
85.49,19.96,26.68,19.25,69.65,6.79,706.63,0.591,0.672,21.05,0.0,2480.03,0.889,wheat
89.42,36.55,41.69,23.37,71.39,5.03,652.32,0.691,0.47,25.06,2.07,2330.3,0.756,maize
111.14,33.38,53.77,24.66,83.09,6.53,1560.46,0.716,0.75,23.48,164.24,2280.94,0.738,rice
35.97,49.64,42.9,29.82,71.41,6.43,747.16,0.463,0.565,31.12,109.77,4644.74,0.826,soybean
100.09,45.72,38.52,28.56,73.04,7.05,1493.85,0.559,0.75,25.03,118.45,500.0,0.757,sugarcane
52.64,52.98,39.86,21.83,51.13,6.53,454.34,0.571,0.403,19.26,48.8,5092.21,0.717,chickpea
34.61,52.9,60.93,29.85,60.56,5.71,614.37,0.531,0.409,30.51,93.5,2433.73,0.71,tomato
54.71,59.71,56.18,19.12,61.98,4.85,761.14,0.574,0.487,19.24,68.18,2239.76,0.626,potato
112.3,64.99,41.23,31.87,75.36,6.2,1581.56,0.624,0.75,30.27,117.17,500.0,0.793,sugarcane
120.33,50.16,34.7,30.63,93.46,7.29,1847.74,0.715,0.75,27.03,180.3,500.0,0.853,sugarcane
93.33,35.67,63.55,26.53,62.32,7.07,650.16,0.599,0.428,28.78,70.07,7151.84,0.661,cotton
17.71,55.67,35.81,22.58,58.15,7.51,364.1,0.528,0.365,24.5,18.71,4818.8,0.679,chickpea
34.22,39.78,42.81,34.99,52.37,5.77,616.46,0.399,0.478,34.85,31.64,7843.52,0.465,groundnut
66.63,54.23,48.77,20.69,74.45,6.72,708.88,0.637,0.426,21.02,51.4,4047.6,0.642,soybean
66.67,71.61,41.83,20.86,81.11,6.43,558.7,0.665,0.494,20.59,30.95,1748.36,0.804,potato
30.23,57.86,49.43,22.8,48.69,7.13,349.92,0.464,0.334,20.49,59.5,7415.54,0.673,chickpea
82.77,53.63,57.64,21.2,49.11,6.89,918.95,0.592,0.51,24.4,100.08,2437.17,0.632,wheat
12.09,34.65,57.61,25.36,49.51,6.55,959.92,0.487,0.609,28.24,97.41,4263.45,0.907,soybean
123.87,52.95,40.91,27.41,63.2,5.35,1201.37,0.662,0.695,27.81,93.09,2253.86,0.808,rice
92.59,42.16,44.41,22.99,67.9,6.3,756.55,0.653,0.592,17.06,93.5,2436.85,0.925,tomato
114.12,37.25,30.71,25.23,47.08,7.09,1611.32,0.703,0.75,25.16,176.4,2525.68,0.826,rice
132.88,83.73,76.22,25.25,91.24,6.99,1664.7,0.674,0.75,23.63,195.45,500.0,0.593,sugarcane
95.96,77.9,65.47,28.2,76.55,6.94,1245.68,0.718,0.75,28.03,148.1,500.0,0.823,sugarcane
94.0,6.81,40.32,25.61,56.86,5.71,756.65,0.603,0.436,23.66,19.36,2473.2,0.715,wheat
85.83,22.32,30.12,17.86,69.81,6.79,832.69,0.635,0.504,17.86,142.24,2602.74,0.83,wheat
65.97,56.62,37.16,18.8,57.36,6.07,462.59,0.637,0.408,19.63,46.55,2172.6,0.717,wheat
117.73,53.29,30.8,16.59,35.84,6.93,825.88,0.648,0.473,19.09,127.06,2747.74,0.785,wheat
98.57,50.53,59.76,22.6,82.78,6.47,1013.3,0.755,0.614,21.83,175.24,2372.51,0.943,rice
40.3,52.07,41.98,21.36,74.1,7.01,519.44,0.612,0.411,22.77,82.13,6919.12,0.776,chickpea
59.46,56.7,42.57,14.13,42.64,7.1,775.0,0.413,0.46,15.1,83.81,2619.67,0.637,wheat
86.14,26.4,38.95,24.58,76.51,5.37,674.46,0.743,0.527,26.02,118.26,1859.2,0.734,maize
109.61,45.77,22.5,25.17,62.25,6.57,697.2,0.65,0.364,25.35,21.98,2318.34,0.821,wheat
58.32,29.25,38.48,28.12,65.0,6.48,465.18,0.59,0.373,29.17,37.55,2463.19,0.767,tomato
145.73,58.64,55.5,28.41,76.85,7.27,1060.36,0.718,0.598,27.0,147.02,500.0,0.817,sugarcane
106.05,20.96,30.0,28.83,61.43,5.95,954.75,0.594,0.515,29.38,89.07,1708.24,0.884,maize
80.3,24.73,47.95,33.65,65.42,6.88,530.92,0.411,0.429,35.87,40.18,6646.48,0.666,cotton
97.87,18.59,65.04,35.78,84.28,5.68,2002.02,0.464,0.75,32.36,124.17,2276.59,0.886,rice
107.43,28.87,47.91,20.76,88.13,6.0,1100.68,0.686,0.624,21.31,84.44,2016.28,0.891,rice
45.38,47.02,48.21,23.62,61.57,6.85,466.04,0.634,0.4,23.77,76.23,6316.14,0.488,groundnut
48.72,39.08,47.33,24.72,58.29,5.7,804.07,0.579,0.545,25.65,90.33,6004.94,0.778,cotton
70.05,23.37,16.01,27.99,43.79,6.85,700.5,0.667,0.463,25.33,89.4,7097.19,0.729,cotton
128.62,57.19,50.38,24.78,72.93,6.44,1659.95,0.688,0.75,26.41,150.6,500.0,0.82,sugarcane
95.6,38.78,29.93,20.61,60.57,5.54,787.76,0.669,0.602,19.21,90.78,1986.48,0.812,tomato
69.95,42.26,33.37,24.99,79.78,6.26,609.85,0.799,0.505,23.74,118.02,1606.86,0.693,tomato
68.72,38.68,53.37,18.03,75.62,6.16,854.86,0.474,0.566,18.6,29.41,2039.32,0.709,tomato
24.16,59.54,22.59,17.63,63.22,5.76,756.58,0.396,0.525,16.07,95.29,4165.68,0.604,soybean
86.52,46.66,68.3,24.01,75.14,6.44,600.54,0.59,0.491,23.21,87.36,2442.34,0.909,tomato
54.06,41.38,37.73,30.08,67.62,6.59,543.89,0.518,0.444,31.47,39.84,5468.07,0.676,soybean
107.44,62.13,50.77,25.24,85.01,6.27,852.04,0.634,0.574,24.1,48.89,2064.83,0.906,rice
109.14,62.9,34.21,24.15,71.03,6.0,957.6,0.722,0.607,26.83,34.15,1888.44,0.931,rice
63.51,36.38,26.86,19.85,67.32,5.43,591.17,0.525,0.395,21.02,9.59,1932.04,0.865,wheat
104.11,58.39,30.32,23.93,73.26,5.92,1050.78,0.712,0.57,23.55,56.58,2127.06,0.782,maize
134.84,55.04,8.91,30.05,69.15,5.32,1319.25,0.825,0.713,29.47,135.3,2988.85,0.823,rice
80.23,17.64,45.88,29.71,73.86,5.62,1335.2,0.596,0.744,27.45,144.89,2470.45,0.699,rice
67.06,39.25,47.63,18.88,56.98,5.63,835.32,0.607,0.511,16.74,140.81,2242.15,0.848,maize
103.56,41.26,47.16,24.22,49.14,6.99,838.3,0.573,0.552,25.0,65.45,7395.43,0.655,cotton
90.52,38.4,28.64,28.27,64.79,5.72,539.62,0.625,0.367,30.68,15.33,2096.13,0.625,maize
71.23,40.55,69.29,21.55,61.9,6.17,765.59,0.589,0.479,22.52,139.71,6799.55,0.822,cotton
130.31,53.02,45.36,22.28,59.72,5.84,551.72,0.563,0.475,26.3,59.33,2210.72,0.79,rice
66.4,42.29,44.65,32.92,74.34,6.25,754.48,0.521,0.549,33.1,52.01,2724.04,0.79,tomato
68.29,35.41,38.19,19.1,63.67,6.04,410.28,0.44,0.343,21.38,0.0,1931.3,0.826,potato
38.71,34.61,53.38,22.67,69.0,6.27,814.16,0.58,0.531,18.94,119.6,4699.27,0.827,soybean
92.87,42.34,39.74,29.42,66.51,6.05,621.12,0.614,0.577,29.32,72.98,6777.9,0.687,cotton
119.06,37.3,30.0,19.78,57.89,5.89,1598.43,0.614,0.75,21.18,129.69,2807.39,0.824,rice
62.78,72.25,35.65,28.2,54.83,6.48,736.71,0.682,0.57,32.76,49.33,2111.18,0.858,maize
127.88,41.74,44.17,26.89,72.81,7.29,1772.84,0.706,0.75,31.11,135.08,500.0,0.805,sugarcane
19.21,54.1,44.56,26.7,47.32,7.37,560.46,0.497,0.487,25.97,10.04,5767.11,0.686,chickpea
105.34,28.53,51.1,26.79,43.42,6.59,1156.68,0.756,0.617,29.26,131.44,500.0,1.0,sugarcane
105.61,42.43,24.2,30.05,82.61,5.65,1140.83,0.657,0.645,31.89,86.85,2117.04,0.808,rice
63.2,28.99,35.52,24.88,71.4,6.51,573.48,0.657,0.4,20.69,45.4,2582.78,0.697,wheat
70.14,5.0,24.3,18.07,70.83,6.29,520.96,0.527,0.41,22.13,38.63,2059.08,0.728,tomato
46.0,64.0,43.12,28.36,65.29,5.28,410.39,0.556,0.388,27.61,54.63,6238.47,0.607,groundnut
65.99,61.74,53.04,16.81,49.88,6.22,934.02,0.4,0.533,18.88,133.9,2004.12,0.62,maize
52.93,36.56,40.47,28.93,84.35,5.35,908.96,0.651,0.596,30.79,127.05,2116.7,0.794,tomato
58.65,69.88,32.09,20.5,41.48,6.68,1007.41,0.619,0.535,18.93,20.26,4321.78,0.68,soybean
76.26,51.54,44.85,20.47,34.0,5.84,684.31,0.539,0.477,20.34,63.0,1526.53,0.862,wheat
88.63,64.74,45.09,35.3,81.74,7.09,1189.21,0.645,0.75,39.33,83.81,500.0,0.681,sugarcane
151.01,60.87,38.69,23.91,95.26,6.61,1165.08,0.865,0.693,19.85,189.41,500.0,0.649,sugarcane
129.53,20.12,44.87,23.5,49.01,6.59,831.91,0.749,0.545,21.45,89.1,7348.76,0.609,cotton
123.66,27.81,50.57,30.53,49.59,5.65,1083.19,0.673,0.625,28.68,165.18,1968.98,0.766,rice
29.59,57.94,20.17,22.13,55.98,6.69,526.52,0.506,0.394,25.91,88.05,4146.03,0.83,chickpea
33.35,55.01,24.21,27.82,56.46,7.02,699.58,0.529,0.511,28.42,0.0,3556.79,0.711,soybean
102.01,44.11,42.93,27.88,100.0,6.06,733.85,0.668,0.652,28.7,77.13,1802.37,0.836,rice
99.09,77.82,41.1,16.29,66.47,6.55,807.65,0.681,0.535,17.57,44.01,1704.57,0.618,potato
106.02,47.69,45.19,21.78,74.88,6.05,845.09,0.621,0.602,23.5,27.49,2355.8,0.703,rice
133.2,31.67,56.39,26.77,78.27,6.65,1101.24,0.612,0.688,27.47,97.51,2405.44,0.933,rice
75.41,80.24,31.21,26.89,60.91,5.93,591.23,0.714,0.357,27.9,30.24,6076.2,0.763,soybean
53.63,64.82,62.65,26.32,47.87,6.25,481.43,0.532,0.398,25.7,21.82,5586.5,0.815,groundnut
72.54,56.58,70.05,15.13,61.28,5.44,441.99,0.437,0.444,15.57,0.0,1985.13,0.765,potato
90.06,69.52,44.74,19.73,88.78,5.46,686.52,0.574,0.54,20.14,96.32,2126.21,0.672,potato
87.58,25.5,58.64,21.65,56.76,6.85,842.16,0.669,0.548,22.85,41.09,2236.83,0.717,tomato
108.86,34.8,17.19,23.99,49.29,5.99,1080.88,0.61,0.622,23.3,98.6,2659.03,0.818,rice
44.22,35.98,24.75,17.2,46.71,6.75,461.83,0.511,0.37,14.2,0.0,6658.26,0.633,chickpea
93.46,46.74,43.79,26.81,62.44,7.25,1126.18,0.637,0.688,22.94,65.18,500.0,0.794,sugarcane
89.1,46.55,36.78,25.73,64.88,5.97,1127.43,0.677,0.597,27.52,68.48,2712.88,0.768,rice
99.59,40.79,41.86,22.4,71.85,6.83,472.56,0.598,0.486,25.62,46.04,2537.66,0.789,wheat
68.41,39.94,51.64,20.08,67.16,5.24,633.63,0.455,0.455,18.9,93.82,1953.7,0.785,potato
34.77,62.0,34.29,22.02,61.35,6.09,707.39,0.547,0.438,17.73,48.31,4540.71,0.89,soybean
78.64,52.82,32.85,26.18,63.9,6.15,667.05,0.594,0.498,28.27,54.93,1850.26,0.915,maize
31.13,73.25,31.22,28.12,43.58,5.99,489.82,0.518,0.389,26.84,47.77,6001.52,0.67,chickpea
83.13,42.84,50.58,21.11,51.05,7.12,831.34,0.52,0.418,21.65,72.77,7190.83,0.813,cotton
102.39,46.63,51.34,30.53,77.11,6.35,1535.16,0.587,0.75,31.34,172.64,500.0,0.851,sugarcane
62.89,38.76,67.94,20.94,40.17,7.05,806.21,0.578,0.503,18.16,22.77,2051.31,0.539,wheat
60.45,34.81,16.44,31.8,71.27,5.59,681.17,0.527,0.594,31.42,74.61,2004.29,1.0,tomato
10.36,38.95,38.86,20.5,34.56,7.27,499.66,0.416,0.348,22.3,60.9,6440.64,0.575,chickpea
68.88,49.42,16.6,28.8,100.0,6.88,1321.18,0.567,0.75,30.07,122.78,2022.21,0.759,rice
71.71,61.65,40.26,15.0,76.16,4.65,601.92,0.468,0.505,15.28,56.74,1447.54,0.737,potato
106.21,36.29,58.74,26.78,76.01,6.21,1501.6,0.692,0.75,28.82,112.74,1923.55,0.861,rice
130.74,50.64,53.48,30.11,94.15,5.76,1483.53,0.813,0.742,28.7,164.68,500.0,0.662,sugarcane
61.06,41.32,30.19,22.38,57.59,6.42,1024.4,0.518,0.591,23.3,121.18,4435.77,0.852,soybean
39.77,49.81,61.16,28.42,68.93,5.84,682.61,0.578,0.417,29.5,50.3,4455.15,0.773,groundnut
23.7,70.95,54.45,22.53,54.56,6.22,648.77,0.462,0.425,24.29,84.43,4104.83,0.826,groundnut
95.66,47.09,45.68,25.39,69.16,5.74,515.84,0.721,0.431,28.7,45.96,2072.07,0.659,potato
33.67,51.18,48.07,21.44,56.93,5.83,592.28,0.429,0.521,20.25,47.55,5700.11,0.663,groundnut
85.92,48.06,42.04,20.13,92.76,5.99,813.75,0.755,0.567,19.0,114.39,2004.15,0.832,maize
78.2,62.84,11.16,16.61,50.58,5.2,917.41,0.551,0.595,16.45,118.3,1323.03,0.834,potato
41.62,53.44,50.31,16.17,66.4,5.96,793.7,0.496,0.452,19.14,139.01,1913.95,0.843,potato
93.9,49.44,35.4,13.05,47.06,5.73,543.11,0.446,0.477,11.33,103.9,2238.44,0.535,potato
74.58,74.71,38.59,15.17,55.34,5.84,435.29,0.409,0.349,13.95,17.62,1363.26,0.721,potato
81.61,35.06,26.94,12.63,54.85,6.06,645.11,0.593,0.433,13.02,96.24,2500.9,0.809,wheat
102.54,66.5,57.96,23.9,78.81,7.3,1890.02,0.693,0.75,26.35,146.65,500.0,0.663,sugarcane
53.71,63.3,21.39,20.42,58.74,6.01,480.54,0.504,0.487,21.08,20.51,7915.73,0.702,chickpea
70.28,40.58,56.62,28.02,61.79,6.87,743.96,0.59,0.53,29.6,109.48,6495.65,0.826,soybean
79.22,61.22,55.18,18.79,71.99,6.77,909.62,0.622,0.599,19.6,132.69,4351.19,0.827,soybean
74.7,26.68,24.27,22.41,76.67,6.13,656.38,0.696,0.601,23.87,120.85,1704.87,0.823,tomato
76.57,63.37,45.4,28.84,62.74,5.61,507.27,0.543,0.442,30.26,37.37,1811.26,0.751,potato
47.64,48.7,35.75,16.48,44.67,7.66,469.3,0.533,0.351,15.98,54.45,6310.18,0.561,chickpea
82.63,46.58,36.17,23.72,67.52,6.24,725.8,0.691,0.54,25.92,53.33,6680.97,0.785,cotton
55.5,42.16,49.33,22.12,68.69,6.51,702.66,0.737,0.467,21.21,114.09,5951.29,0.673,chickpea
70.72,27.37,39.29,19.23,51.67,6.51,500.41,0.532,0.44,18.0,21.16,2274.66,0.922,tomato
10.76,47.7,47.35,22.59,56.03,6.33,725.44,0.475,0.43,22.93,72.86,3720.34,0.838,soybean
84.65,57.63,31.01,11.75,59.97,6.01,858.31,0.402,0.535,10.25,85.23,1278.69,0.88,potato
78.9,54.95,20.85,23.42,64.22,6.52,989.25,0.649,0.621,21.15,82.85,1497.68,0.864,maize
92.18,53.75,44.68,14.45,55.57,7.54,527.98,0.586,0.47,13.94,59.42,6926.85,0.697,cotton
133.2,57.43,37.05,28.49,89.28,6.88,1224.86,0.815,0.749,30.02,148.4,500.0,0.865,sugarcane
79.39,38.17,29.9,31.78,63.96,6.02,525.16,0.564,0.409,32.56,59.17,3924.76,0.708,soybean
45.71,59.79,27.3,29.94,55.63,6.64,342.47,0.552,0.241,29.38,0.0,6350.74,0.767,groundnut
127.36,69.84,44.45,22.95,70.15,6.63,2013.14,0.774,0.75,24.59,234.43,500.0,0.78,sugarcane
63.48,32.05,34.01,27.26,56.01,7.53,681.51,0.563,0.55,28.13,45.66,2569.41,0.751,wheat
96.48,25.16,30.46,28.97,77.91,6.48,1462.49,0.703,0.74,32.5,146.49,2405.48,0.855,rice
95.08,9.43,50.79,33.89,61.97,6.44,711.33,0.582,0.549,33.75,65.29,5557.38,0.755,cotton
107.89,34.96,27.26,29.25,71.87,6.34,798.35,0.6,0.583,29.27,79.31,7492.64,0.903,cotton
76.85,59.43,37.76,31.0,67.76,6.57,424.29,0.608,0.423,29.99,16.87,2030.77,0.906,maize
74.15,30.44,44.09,22.77,63.41,6.33,855.56,0.561,0.547,25.34,109.67,2476.44,0.947,tomato
95.2,38.19,46.17,31.3,64.25,6.18,775.13,0.534,0.538,31.23,82.76,6957.95,0.689,cotton
31.56,37.14,29.49,21.73,69.27,6.52,858.63,0.592,0.574,18.17,71.24,4596.3,0.816,soybean
100.44,34.22,28.75,27.98,47.24,6.54,768.63,0.589,0.477,31.22,16.53,1716.11,0.626,maize
111.09,45.79,33.35,27.94,41.31,6.98,711.62,0.641,0.543,28.56,167.6,5853.77,0.651,cotton
12.52,49.38,45.18,27.96,54.05,5.8,472.0,0.37,0.337,25.76,76.79,6534.63,0.973,groundnut
70.19,66.89,50.19,18.38,37.68,7.17,459.66,0.56,0.296,17.71,53.4,5547.51,0.749,chickpea
57.02,60.2,37.43,23.32,50.73,5.85,496.26,0.523,0.302,21.53,47.0,2119.42,0.769,tomato
104.48,35.87,13.82,20.31,57.57,5.84,584.64,0.568,0.419,18.26,148.32,1659.08,0.864,maize
77.47,53.19,41.09,19.76,78.22,5.83,882.19,0.646,0.589,20.76,114.23,2255.06,0.847,potato
102.32,52.92,47.87,25.56,70.47,7.02,776.33,0.732,0.475,25.72,156.71,2356.67,0.811,maize
88.5,29.99,41.46,30.9,69.18,5.88,708.46,0.547,0.439,30.47,60.05,9548.05,0.793,cotton
103.19,57.95,38.15,27.4,85.21,6.17,1189.21,0.647,0.741,27.49,155.67,2011.1,0.753,rice
79.83,58.97,45.18,23.01,60.39,5.92,635.41,0.561,0.486,23.56,66.22,2080.47,0.902,tomato
89.7,31.88,44.8,26.19,71.64,6.44,666.24,0.64,0.51,26.36,118.57,2085.63,0.76,tomato
123.44,41.65,29.67,26.84,74.2,7.4,1675.94,0.761,0.75,29.02,201.76,500.0,0.534,sugarcane
86.64,56.89,48.89,28.37,69.47,6.3,1468.01,0.59,0.75,28.08,204.98,2481.01,0.911,rice
58.36,46.51,50.33,19.5,75.49,5.73,597.37,0.531,0.449,20.39,26.97,2084.42,0.632,potato
47.41,60.98,43.15,26.63,63.01,6.35,881.69,0.544,0.669,25.45,66.86,5545.66,0.788,soybean
75.83,36.41,41.34,15.24,63.24,6.02,743.69,0.489,0.497,9.11,53.69,2324.32,0.935,wheat
79.63,43.29,36.82,25.02,52.68,7.28,754.71,0.633,0.526,24.07,157.73,1440.84,0.847,wheat
129.51,52.89,47.0,35.18,58.28,6.5,1736.93,0.61,0.75,36.06,214.09,500.0,0.819,sugarcane
32.91,33.77,37.76,22.7,56.05,8.32,396.88,0.492,0.396,26.35,63.17,6165.92,0.798,chickpea
93.99,53.75,34.24,20.94,45.21,6.16,534.71,0.538,0.297,19.69,106.79,2248.25,0.654,wheat
60.24,53.93,47.92,21.72,77.97,5.22,544.19,0.592,0.452,22.45,63.09,1852.59,0.668,potato
90.31,53.18,43.5,35.28,42.59,6.24,461.72,0.428,0.334,35.92,55.51,6286.75,0.527,cotton
74.27,60.01,57.0,25.41,83.65,5.64,1319.46,0.691,0.75,26.92,164.51,500.0,0.788,sugarcane
111.01,27.47,20.36,28.44,60.72,6.78,665.11,0.633,0.574,25.5,92.2,6396.67,0.716,cotton
98.82,22.01,58.12,26.01,73.62,6.17,1424.96,0.707,0.75,26.92,126.21,2014.75,0.811,rice
101.36,40.75,37.28,26.68,93.21,6.37,1310.48,0.664,0.741,26.96,125.99,2254.97,0.892,rice
47.79,54.63,25.79,22.59,51.04,6.02,500.41,0.493,0.411,22.74,94.1,6451.77,0.724,chickpea
94.91,24.11,55.13,29.7,40.11,6.84,602.83,0.62,0.417,30.93,59.9,5690.35,0.589,cotton
77.48,58.74,31.48,20.18,78.83,5.49,562.48,0.66,0.521,17.86,19.83,2013.38,0.707,potato
75.55,57.33,12.87,16.04,76.6,5.2,454.33,0.497,0.433,13.81,44.3,1683.31,0.846,potato
127.56,44.17,55.96,29.7,74.38,6.64,1370.56,0.701,0.75,31.66,131.46,500.0,0.671,sugarcane
148.09,52.33,58.06,34.32,65.48,7.18,1469.26,0.727,0.723,34.75,169.13,500.0,0.779,sugarcane
99.83,54.11,31.5,23.76,69.94,6.45,448.79,0.614,0.458,23.5,26.55,1672.05,0.712,maize
44.96,38.2,16.77,17.72,57.47,6.0,532.15,0.503,0.41,14.76,25.34,7262.36,0.826,chickpea
65.78,53.52,59.72,20.21,69.98,6.51,501.23,0.528,0.486,19.25,60.3,5865.72,0.794,chickpea
31.94,44.16,43.17,21.73,77.64,5.98,496.84,0.42,0.384,26.52,74.98,2262.24,0.792,tomato
141.87,61.35,48.17,31.88,91.97,7.07,1440.18,0.751,0.75,34.71,126.26,500.0,0.887,sugarcane
63.18,60.2,47.23,26.27,58.61,6.88,661.59,0.759,0.437,27.88,21.45,4456.75,0.731,soybean
130.25,36.67,18.52,30.44,71.99,6.39,389.45,0.737,0.393,27.78,29.58,6994.84,0.723,cotton
92.36,40.47,36.81,19.62,57.05,5.88,340.42,0.548,0.406,20.81,63.66,2434.28,0.901,wheat
115.71,37.02,27.05,28.35,80.26,6.26,1089.69,0.643,0.644,30.29,163.85,2566.75,0.901,rice
75.76,47.09,33.35,16.2,67.43,5.9,693.82,0.558,0.572,14.25,61.24,1560.97,0.858,potato
115.31,57.94,57.88,24.91,71.78,6.86,1523.31,0.694,0.75,24.52,100.59,500.0,0.782,sugarcane
54.86,34.84,41.0,23.09,55.62,5.86,377.11,0.443,0.343,23.55,66.17,4638.14,0.775,groundnut
30.19,21.93,10.64,19.08,52.31,6.29,491.93,0.474,0.394,19.19,0.0,8051.15,0.663,chickpea
64.45,38.74,48.03,18.77,73.53,6.76,482.7,0.57,0.477,19.07,34.67,5714.66,0.771,groundnut
65.2,60.96,23.21,28.93,60.25,6.36,730.25,0.532,0.481,29.21,40.12,3624.15,0.879,soybean
84.36,47.77,33.55,28.81,52.38,6.69,463.64,0.57,0.349,30.58,62.54,5705.8,0.73,cotton
107.19,46.13,40.96,11.09,74.8,5.05,408.71,0.491,0.35,9.17,42.52,2038.0,0.784,potato
52.27,55.37,42.33,18.98,55.48,6.64,423.15,0.425,0.429,19.8,74.36,2834.76,0.449,wheat
73.98,42.56,71.19,27.66,85.52,5.6,550.26,0.654,0.422,31.97,17.62,7781.78,0.68,cotton
59.26,48.17,18.35,27.51,52.09,5.08,368.6,0.568,0.419,28.95,56.3,5888.58,0.798,groundnut
117.64,48.78,65.9,31.31,76.58,6.16,1569.76,0.707,0.75,34.01,202.22,500.0,0.831,sugarcane
75.41,65.42,39.57,26.58,58.78,6.32,821.56,0.579,0.515,28.1,154.0,3324.4,0.988,soybean
119.2,53.01,41.41,30.15,59.52,7.19,1693.99,0.682,0.75,33.22,199.92,500.0,0.741,sugarcane
92.65,33.76,51.14,23.69,64.21,6.42,1475.28,0.728,0.75,24.28,118.03,500.0,0.907,sugarcane
79.46,35.03,43.09,21.46,55.59,7.14,305.73,0.644,0.313,16.27,37.55,4975.89,0.814,chickpea
117.58,53.79,53.63,28.05,74.57,6.54,980.34,0.623,0.641,27.44,74.79,500.0,0.628,sugarcane
115.88,36.95,42.51,18.58,58.11,5.18,779.03,0.651,0.486,16.27,59.79,1468.97,0.672,potato
76.24,42.49,45.62,18.14,48.78,6.52,786.14,0.62,0.516,19.3,56.57,2715.63,0.835,wheat
113.83,72.89,67.32,25.76,88.32,5.5,1508.73,0.761,0.75,28.07,115.0,2156.16,0.865,rice
106.43,55.5,49.0,35.62,99.88,6.27,872.01,0.5,0.602,37.87,70.35,500.0,0.72,sugarcane
42.68,60.66,46.74,20.84,55.08,6.95,707.34,0.515,0.549,21.97,51.76,7074.85,0.694,chickpea
75.26,49.67,51.26,23.01,47.74,6.29,858.98,0.608,0.486,23.2,39.05,1975.57,0.719,wheat
81.92,48.97,45.59,23.95,56.82,5.66,803.58,0.636,0.578,25.7,10.04,2345.08,0.807,tomato
75.73,38.62,42.64,19.69,57.23,5.88,582.04,0.534,0.376,21.47,41.8,1007.63,0.766,potato
56.98,65.54,36.32,18.21,51.08,6.92,463.84,0.442,0.313,14.18,0.0,4723.15,0.802,chickpea
34.3,47.61,22.52,24.8,64.49,6.84,426.1,0.661,0.421,25.67,0.93,7161.76,0.607,chickpea
105.88,62.91,36.96,22.41,75.53,5.84,1371.23,0.638,0.648,21.96,89.64,2267.43,0.731,rice
64.75,62.76,71.95,17.79,67.65,5.21,641.19,0.602,0.511,24.07,65.28,1359.72,0.747,potato
134.97,43.06,44.59,33.74,81.58,6.46,1762.74,0.665,0.75,34.69,163.04,500.0,0.837,sugarcane
118.59,72.3,64.9,25.0,61.56,5.79,1708.9,0.693,0.75,22.93,186.51,500.0,0.85,sugarcane
111.3,65.09,23.18,29.62,60.13,6.57,1048.2,0.632,0.591,31.22,65.97,2461.32,0.834,maize
94.1,48.32,15.38,29.22,69.45,6.19,844.42,0.568,0.517,27.67,117.74,5167.8,0.914,cotton
107.62,47.87,48.66,15.36,75.23,5.57,685.7,0.62,0.47,13.11,122.19,1748.08,0.752,potato
88.43,45.37,32.19,25.35,62.31,6.19,689.15,0.663,0.436,25.26,27.97,1793.6,0.807,potato
97.19,48.69,38.12,30.81,80.28,6.43,1307.08,0.559,0.75,30.61,104.06,1734.42,0.768,rice
87.31,35.51,24.98,20.28,54.45,6.47,502.16,0.592,0.384,18.21,51.74,2978.99,0.743,wheat
67.9,41.31,33.52,23.2,54.73,6.06,650.04,0.435,0.45,24.64,40.84,6311.84,0.769,groundnut
95.52,42.36,62.88,20.8,49.31,5.5,595.52,0.672,0.404,18.18,67.48,7264.99,0.648,cotton
120.05,67.66,61.58,24.14,74.31,7.44,1757.38,0.745,0.75,22.92,117.04,500.0,0.737,sugarcane
139.63,59.39,28.55,24.19,57.73,6.11,1219.71,0.794,0.75,21.67,126.82,2125.45,0.835,rice
75.93,30.11,18.16,27.29,57.57,6.48,788.35,0.682,0.595,25.0,73.61,4711.05,0.942,soybean
80.72,24.68,27.45,13.02,55.66,7.46,540.45,0.414,0.472,10.68,89.24,1967.3,0.744,wheat
69.45,22.35,62.12,24.83,67.1,6.49,595.29,0.54,0.471,27.74,36.73,7072.03,0.598,cotton
103.51,43.38,31.37,25.41,76.32,6.51,1202.8,0.642,0.75,26.04,167.92,1839.47,0.825,rice
113.58,39.53,36.27,29.7,76.19,5.86,891.06,0.606,0.63,28.36,152.59,2407.76,0.768,rice
128.5,39.73,56.19,24.62,77.2,4.96,451.86,0.649,0.378,26.98,113.88,7148.92,0.806,cotton
86.7,14.89,36.76,24.25,70.52,5.84,661.51,0.666,0.55,23.53,61.23,1772.44,0.857,tomato
82.18,57.71,36.73,17.04,45.87,6.14,785.49,0.511,0.566,13.7,85.98,2303.37,0.882,maize
90.45,44.16,34.22,18.75,59.04,7.46,161.0,0.69,0.245,19.13,0.0,2936.92,0.642,wheat
37.16,52.08,25.82,18.12,57.4,6.5,495.79,0.477,0.447,16.9,87.38,6362.34,0.959,chickpea
102.38,48.35,31.64,26.68,83.84,7.74,1773.09,0.734,0.75,26.62,154.5,500.0,0.673,sugarcane
109.93,48.67,36.23,33.09,57.14,7.08,706.69,0.505,0.439,32.85,107.46,7575.52,0.876,cotton
22.75,62.21,45.97,18.04,63.86,5.97,541.49,0.39,0.577,18.79,87.98,5472.85,0.746,groundnut
139.9,47.53,22.73,20.15,79.12,6.27,997.83,0.617,0.52,18.63,87.09,2428.28,0.837,rice
76.71,43.08,47.61,18.98,76.69,5.89,675.7,0.656,0.478,19.26,43.17,1984.43,0.682,potato
105.0,62.2,54.16,24.14,78.02,6.03,1632.47,0.758,0.75,22.24,144.48,500.0,0.752,sugarcane
46.88,59.99,41.79,23.69,79.7,6.19,759.76,0.54,0.563,21.61,123.06,1921.35,0.866,maize
88.6,44.99,22.83,19.29,54.44,7.3,760.71,0.492,0.404,19.06,53.77,2054.06,0.704,wheat
45.26,49.77,52.95,26.91,62.64,7.27,681.16,0.569,0.488,28.6,27.83,4062.86,0.884,soybean
84.96,28.14,40.05,27.44,57.53,6.28,1057.25,0.68,0.56,30.55,130.87,2611.92,0.802,maize
40.22,44.28,39.65,23.85,56.21,5.97,743.55,0.526,0.501,22.18,99.12,4468.83,0.954,soybean
76.85,58.72,62.15,26.39,66.55,6.54,839.93,0.682,0.527,27.14,93.56,2074.36,0.847,tomato
70.76,31.01,39.05,17.82,73.17,6.07,869.67,0.536,0.579,19.49,64.91,2711.13,0.509,wheat
87.54,60.72,40.12,24.41,61.72,5.8,488.64,0.576,0.382,28.87,102.53,2009.28,0.687,potato
9.1,48.55,42.08,22.47,51.79,6.7,724.43,0.353,0.49,22.24,76.2,5524.41,0.631,groundnut
116.12,57.82,41.61,32.5,74.08,5.94,1689.27,0.586,0.741,35.72,228.21,2148.0,0.844,rice
122.93,55.24,51.55,32.86,66.5,6.98,1804.02,0.605,0.75,32.45,143.95,500.0,0.858,sugarcane
90.58,34.27,32.81,21.78,76.75,7.36,548.11,0.526,0.445,18.74,56.43,2335.91,0.969,maize
157.92,61.96,51.1,33.35,75.7,6.52,1519.04,0.714,0.707,31.92,127.61,500.0,0.853,sugarcane
25.27,47.13,33.98,25.02,60.31,7.17,371.5,0.574,0.412,26.42,64.7,5470.4,0.73,soybean
58.91,32.53,41.66,30.13,59.18,6.72,653.95,0.473,0.502,34.82,84.41,4502.02,0.755,soybean
116.63,42.3,48.32,26.49,93.95,5.32,764.49,0.767,0.485,26.84,59.69,2645.39,0.856,rice
5.0,47.63,37.42,27.54,41.69,6.37,613.84,0.424,0.456,27.06,102.86,7047.41,0.763,groundnut
109.22,44.97,45.46,27.04,63.46,6.89,671.33,0.723,0.525,24.31,112.73,1580.7,0.857,maize
123.7,38.38,63.03,32.27,82.0,6.31,1028.01,0.699,0.645,30.44,124.71,500.0,0.765,sugarcane
85.94,36.48,5.0,23.06,43.51,5.94,697.42,0.712,0.4,23.52,58.69,2245.14,0.754,maize
62.6,62.3,24.22,26.83,54.94,6.31,625.88,0.653,0.468,27.06,110.22,4811.42,0.893,soybean
51.81,40.48,8.48,27.7,75.08,6.77,361.69,0.502,0.413,31.27,34.22,5585.89,0.687,soybean
109.15,46.19,42.58,28.5,83.6,6.73,1522.97,0.63,0.75,25.09,130.21,2154.53,0.733,rice
96.01,36.05,35.88,19.59,59.16,6.32,669.18,0.577,0.511,19.0,54.16,1820.1,0.768,maize
60.97,51.0,17.96,22.89,36.17,7.22,375.7,0.376,0.375,23.88,84.92,4462.13,0.635,chickpea
83.0,55.96,21.44,25.46,50.19,5.54,509.55,0.647,0.374,23.82,22.78,2630.31,0.708,potato
118.58,44.49,39.3,32.29,59.52,6.8,1912.39,0.693,0.75,34.31,151.94,500.0,0.823,sugarcane
107.17,61.08,53.38,30.15,53.63,6.53,1055.15,0.546,0.623,33.38,139.32,8891.62,0.771,cotton
20.16,64.09,36.06,23.69,47.93,6.07,535.42,0.375,0.36,24.03,30.29,6562.97,0.836,chickpea
87.35,49.94,50.35,16.19,62.43,5.27,640.53,0.53,0.427,15.86,80.5,2316.97,0.831,potato
77.63,46.07,53.27,21.13,67.06,5.48,651.35,0.604,0.554,21.03,57.61,1575.88,0.883,potato
85.77,35.38,34.96,21.49,34.74,6.36,830.47,0.683,0.429,18.94,109.77,3129.7,0.802,wheat
106.55,31.72,54.68,26.81,84.68,6.01,579.46,0.645,0.479,26.97,67.49,1739.35,0.939,tomato
128.34,27.51,32.26,23.3,75.83,5.84,970.21,0.758,0.635,21.55,109.7,3033.89,0.848,rice
149.8,42.8,28.23,29.37,63.22,6.93,637.79,0.727,0.492,28.4,112.99,7136.65,0.784,cotton
57.4,45.88,34.07,29.56,58.96,6.73,567.4,0.554,0.413,30.48,101.91,4364.11,0.683,soybean
33.39,34.77,56.29,32.78,54.41,6.53,483.74,0.405,0.404,38.39,104.21,7057.61,0.812,groundnut
91.16,27.97,50.25,20.52,63.29,6.44,649.66,0.581,0.484,22.58,142.96,8176.18,0.833,cotton
93.55,55.06,16.54,31.57,71.5,6.46,736.69,0.642,0.459,35.03,110.34,2061.27,0.964,maize
83.73,69.8,37.98,14.71,64.97,4.98,477.11,0.492,0.402,16.54,76.48,1790.4,0.556,potato
112.93,25.21,31.23,21.41,49.56,6.81,834.73,0.549,0.623,23.22,145.58,5828.01,0.626,cotton
55.88,62.13,38.79,26.24,58.0,7.36,585.16,0.592,0.445,27.88,52.27,6969.57,0.644,chickpea
127.18,29.43,51.28,32.98,52.95,6.88,1166.36,0.653,0.657,35.09,87.09,500.0,1.0,sugarcane
83.57,24.55,47.71,26.0,67.16,6.32,473.82,0.567,0.379,27.46,29.21,7313.4,0.583,cotton
118.21,46.32,32.7,25.69,63.37,6.56,779.0,0.643,0.548,25.98,66.24,500.0,0.964,sugarcane
103.86,38.04,36.94,24.63,58.84,5.92,812.31,0.591,0.622,23.49,67.56,2332.02,0.803,maize
92.03,32.17,31.35,21.95,88.96,5.66,415.25,0.668,0.461,20.18,68.05,2795.58,0.787,tomato
79.04,42.16,53.88,29.24,61.7,5.89,872.8,0.715,0.581,27.67,108.07,6160.35,0.702,cotton
69.01,19.61,66.74,23.76,93.42,6.18,938.87,0.603,0.543,23.39,113.49,2420.64,0.849,tomato
106.73,43.42,60.17,30.37,47.77,5.64,808.03,0.615,0.524,33.81,59.22,8355.98,0.689,cotton
109.79,39.16,55.62,30.75,45.58,7.13,778.65,0.63,0.512,26.29,70.52,5985.1,0.639,cotton
119.68,55.04,34.97,30.07,88.55,5.94,826.18,0.66,0.628,30.38,67.68,500.0,0.872,sugarcane
42.67,31.59,61.65,27.29,78.75,5.83,794.68,0.66,0.596,28.81,0.0,2410.5,0.785,tomato
55.34,46.95,51.99,26.0,52.97,6.89,534.39,0.611,0.428,28.09,103.37,5278.9,0.595,chickpea
84.71,36.19,33.31,16.71,63.68,6.72,656.07,0.533,0.444,13.14,75.12,2440.89,0.833,wheat
110.96,66.25,48.07,29.06,100.0,7.26,1432.42,0.587,0.75,23.21,128.48,500.0,0.751,sugarcane
70.35,53.9,46.34,15.17,77.47,5.68,752.16,0.462,0.456,14.68,83.33,1655.77,0.424,potato
50.34,49.11,38.89,21.91,53.51,6.65,924.06,0.694,0.532,21.2,65.41,5610.52,0.871,soybean
99.08,47.0,38.68,14.69,78.36,6.41,736.15,0.547,0.524,12.57,88.13,1845.8,1.0,potato
16.87,55.48,55.03,13.22,48.53,5.32,546.19,0.424,0.4,13.73,69.25,1523.64,0.876,potato
94.97,36.6,27.19,25.52,75.84,6.27,1111.42,0.629,0.604,27.94,67.33,2319.85,0.902,rice
80.81,38.23,33.87,25.85,81.81,6.39,624.24,0.665,0.578,27.9,81.78,1990.12,0.857,tomato
13.59,38.58,40.56,22.17,55.3,7.03,415.73,0.49,0.34,22.48,86.76,7359.81,0.671,chickpea
95.73,83.2,47.13,28.94,98.55,5.89,1059.0,0.634,0.75,28.75,202.42,2024.29,0.588,rice
123.11,35.02,42.72,20.66,81.05,6.81,576.35,0.726,0.504,20.35,19.32,2209.92,0.868,wheat
65.67,50.85,21.48,28.57,50.37,6.56,784.2,0.636,0.488,24.51,83.44,5039.47,0.897,soybean
66.41,40.27,42.17,24.8,47.02,7.69,435.14,0.621,0.364,24.84,5.14,5095.95,0.859,chickpea
70.27,69.25,32.96,21.74,81.53,6.02,833.7,0.74,0.602,23.3,128.1,5177.9,0.869,soybean
114.27,57.37,46.86,26.71,81.68,7.21,1065.24,0.676,0.685,30.94,112.73,1635.84,0.889,rice
66.7,40.42,52.12,26.96,87.18,6.21,702.99,0.699,0.546,25.08,89.77,5085.5,0.611,soybean
103.2,38.6,27.57,21.31,49.43,7.0,589.78,0.732,0.513,18.42,70.28,2233.72,0.805,wheat
87.98,55.14,77.82,20.77,63.96,5.47,563.7,0.587,0.524,18.9,41.96,2256.36,0.82,potato
62.14,20.56,38.95,27.38,72.45,7.28,651.59,0.571,0.389,27.66,34.62,2341.54,0.747,maize
58.04,46.55,40.33,20.63,58.6,6.67,444.38,0.613,0.321,18.89,86.43,1913.06,0.764,wheat
8.77,46.67,46.55,22.86,65.07,6.96,549.18,0.53,0.468,21.86,74.64,3826.46,0.493,groundnut
94.11,16.03,24.88,19.95,41.3,6.46,457.71,0.563,0.355,20.65,42.56,2581.0,0.818,wheat
9.34,42.91,23.57,32.42,57.44,6.42,395.31,0.332,0.308,29.69,3.05,7246.71,0.807,chickpea
58.99,59.53,42.09,26.59,46.36,6.41,761.58,0.62,0.532,25.99,134.67,4972.38,0.819,soybean
31.65,39.53,27.79,24.6,60.44,6.42,512.07,0.53,0.45,25.38,57.24,5309.03,0.893,groundnut
82.36,45.7,43.88,30.54,50.5,5.68,779.75,0.563,0.474,27.0,92.69,2947.29,0.736,tomato
106.53,54.31,29.55,32.9,70.29,6.47,1066.38,0.669,0.725,34.15,85.08,1912.42,0.78,rice
110.08,43.29,51.68,29.95,71.05,6.99,1501.56,0.632,0.734,30.35,77.56,500.0,0.919,sugarcane
119.62,43.71,50.6,30.94,50.75,6.27,794.69,0.598,0.483,34.67,82.81,8851.81,0.568,cotton
100.61,37.8,44.64,28.59,56.42,7.25,569.91,0.652,0.418,31.12,64.67,1923.99,0.989,maize
80.69,50.62,49.05,14.73,77.03,5.99,474.95,0.541,0.47,12.07,84.5,1678.43,0.423,potato
96.31,61.74,50.9,29.97,76.42,6.64,1350.27,0.615,0.75,33.16,162.93,1878.18,0.765,rice
115.2,44.8,29.38,28.36,60.01,5.0,1183.16,0.634,0.705,28.68,176.09,2019.09,0.899,rice
43.07,78.31,14.03,22.38,33.74,5.75,479.45,0.53,0.354,22.17,156.39,6248.28,0.751,chickpea
91.25,61.47,29.95,20.31,49.29,7.43,464.43,0.554,0.354,20.61,47.93,6943.6,0.792,chickpea
35.12,23.47,28.99,27.53,59.14,5.83,753.1,0.531,0.55,27.28,122.37,5495.26,0.705,soybean
65.43,54.87,38.53,28.01,59.04,6.43,333.56,0.595,0.407,26.8,68.22,5492.65,0.701,groundnut
93.83,42.73,48.91,26.2,78.02,7.18,755.28,0.634,0.554,24.84,146.0,4898.31,0.753,soybean
96.37,34.84,40.26,31.29,44.91,6.32,602.6,0.633,0.485,31.03,62.39,1822.5,0.584,maize
72.36,32.83,24.52,17.88,70.07,5.22,399.43,0.431,0.402,19.75,0.0,1625.11,0.838,potato
44.59,44.06,29.52,22.09,59.75,6.29,378.33,0.463,0.346,23.93,22.93,4515.46,0.751,groundnut
90.24,31.78,23.93,14.43,65.51,6.96,591.26,0.556,0.4,12.68,25.01,2499.58,0.72,wheat
109.98,65.15,46.98,26.26,63.94,6.66,700.3,0.733,0.52,26.43,123.1,5329.71,0.707,cotton
54.47,63.52,60.28,23.33,60.92,6.18,1028.42,0.549,0.685,23.43,85.87,4993.09,0.979,soybean
89.83,48.87,42.97,15.03,53.36,5.87,466.26,0.584,0.353,14.48,107.36,2540.11,0.845,tomato
99.04,32.34,67.71,30.06,64.27,6.58,1169.22,0.655,0.707,31.39,122.75,500.0,0.726,sugarcane
110.71,54.57,41.58,20.6,56.99,7.22,1121.19,0.666,0.559,23.12,63.45,2325.29,0.658,maize
37.58,49.56,49.11,26.14,62.27,5.97,577.89,0.645,0.474,26.38,0.0,6133.78,0.751,groundnut
34.29,54.6,35.57,19.69,51.7,7.99,549.96,0.479,0.412,18.94,5.61,6029.16,0.767,chickpea
56.68,39.61,60.69,19.19,48.56,6.39,374.51,0.398,0.315,18.31,80.45,7681.89,0.752,chickpea
95.34,42.6,35.12,25.47,75.59,6.95,638.93,0.589,0.461,26.7,68.45,7107.88,1.0,cotton
119.01,55.06,56.73,28.08,85.19,6.27,2018.71,0.717,0.75,26.6,213.67,500.0,0.918,sugarcane
99.74,68.52,32.16,27.28,64.35,7.02,1381.74,0.652,0.71,28.72,146.19,500.0,0.816,sugarcane
85.15,41.65,58.6,31.69,55.82,6.96,776.52,0.567,0.541,33.7,52.41,2789.66,0.848,maize
12.93,49.66,29.15,27.74,50.72,7.57,301.31,0.486,0.359,27.97,35.39,6256.8,0.581,chickpea
119.02,32.7,42.7,28.28,68.24,6.65,1363.5,0.823,0.728,30.56,155.22,2834.08,0.753,rice
84.09,38.37,44.25,25.8,48.27,6.1,563.05,0.685,0.461,25.31,26.81,4935.33,0.901,soybean
117.35,50.42,56.16,26.81,67.09,6.32,1917.94,0.694,0.75,26.79,177.26,500.0,0.743,sugarcane
150.77,33.11,47.4,31.31,97.21,6.89,1577.29,0.718,0.75,32.17,137.6,500.0,0.754,sugarcane
63.16,40.59,53.21,23.73,77.74,6.31,666.58,0.518,0.475,27.22,78.56,1988.95,0.835,tomato
65.32,50.99,43.1,21.01,56.78,5.88,722.0,0.598,0.529,18.14,80.79,2142.79,0.784,tomato
89.94,58.94,43.27,22.54,58.14,6.86,535.91,0.632,0.44,23.9,96.88,1588.43,0.612,potato
113.25,5.0,44.53,23.12,67.56,6.14,989.27,0.715,0.604,21.32,164.81,2103.13,1.0,maize
66.47,61.5,33.06,23.81,58.85,5.16,648.84,0.705,0.508,25.62,91.56,1755.86,0.681,potato
54.67,34.26,62.06,33.28,64.29,7.06,409.91,0.465,0.429,35.42,18.25,6479.02,0.826,chickpea
34.79,57.8,33.6,33.81,44.72,6.65,404.96,0.495,0.334,35.29,41.73,6560.69,0.86,chickpea
95.41,59.37,43.51,28.37,54.82,6.16,633.45,0.548,0.499,24.46,42.91,1927.16,0.799,maize
49.03,50.48,57.57,28.55,40.9,6.5,838.01,0.542,0.51,27.89,2.41,2197.94,0.883,maize
74.07,53.51,52.44,22.05,85.42,5.63,950.33,0.66,0.591,20.01,100.63,1996.18,0.821,tomato
47.67,61.87,42.65,23.0,61.82,6.66,311.37,0.575,0.342,24.91,44.64,6221.39,0.712,groundnut
66.54,37.54,42.13,13.05,50.03,7.73,622.4,0.45,0.535,13.69,74.22,2072.35,0.811,wheat
46.25,46.27,25.95,25.67,56.82,6.87,764.72,0.669,0.419,24.61,62.21,5133.51,0.748,soybean
79.29,78.05,59.25,20.87,70.81,5.22,600.07,0.535,0.451,21.08,66.24,1522.74,0.781,potato
103.62,37.1,26.54,27.1,83.75,6.47,571.28,0.649,0.533,27.75,13.88,2610.0,0.946,rice
61.34,62.1,17.54,23.24,41.24,7.13,489.91,0.636,0.405,23.69,109.87,5547.32,0.705,chickpea
65.66,54.95,41.2,19.61,55.74,6.7,1159.55,0.57,0.697,19.09,78.77,2047.25,0.929,maize
89.32,44.99,45.33,24.3,59.03,6.24,563.2,0.644,0.439,23.97,47.03,7237.3,0.803,cotton
37.41,41.16,45.45,29.03,50.1,5.54,714.67,0.52,0.483,30.09,52.43,5683.5,0.941,soybean
70.11,50.17,46.02,23.19,76.51,6.04,846.34,0.585,0.575,24.97,139.0,1839.1,0.793,tomato
77.97,64.17,27.23,26.76,65.18,6.3,695.91,0.675,0.499,26.96,48.82,1964.62,0.879,maize
79.16,56.68,39.92,25.05,66.72,6.47,739.98,0.66,0.587,26.0,77.68,5274.64,0.856,soybean
107.42,32.4,32.1,31.78,69.16,6.73,751.38,0.629,0.49,36.78,65.14,6551.96,0.862,cotton
94.23,71.76,46.36,28.12,76.62,7.19,1122.25,0.606,0.614,32.64,117.38,2227.76,0.902,rice
5.0,41.66,43.08,21.54,60.44,6.17,351.81,0.496,0.336,23.59,28.34,5181.16,0.757,groundnut
77.19,45.13,36.69,22.66,63.8,6.35,897.57,0.617,0.59,19.88,52.6,3810.88,0.75,soybean
135.33,57.23,67.91,21.88,66.32,6.56,1661.86,0.729,0.75,20.58,99.58,500.0,0.941,sugarcane
47.23,29.46,54.19,23.74,52.59,7.63,793.54,0.537,0.453,26.54,50.89,2489.92,0.93,wheat
129.89,73.63,47.68,29.05,71.02,7.48,1419.33,0.725,0.75,31.06,133.3,500.0,0.844,sugarcane
92.32,61.53,40.31,19.63,75.26,6.46,719.84,0.577,0.583,15.28,62.19,1967.41,0.609,potato
75.31,66.16,58.48,17.78,72.39,6.25,463.02,0.541,0.355,20.06,75.1,1724.14,0.69,potato
111.85,45.09,45.79,25.3,90.8,5.54,1364.96,0.682,0.75,23.46,123.63,1846.8,0.75,rice
105.56,47.2,45.69,34.39,79.0,6.14,1583.93,0.574,0.75,30.01,171.3,2154.65,1.0,rice
62.13,87.08,48.36,19.46,67.44,6.05,699.65,0.472,0.495,14.92,62.64,1556.27,0.764,potato
86.9,43.87,36.13,30.13,83.68,6.7,1077.32,0.634,0.625,28.01,106.3,1895.57,0.967,rice
83.58,38.65,33.68,29.44,64.51,6.25,699.19,0.536,0.399,29.5,32.86,1959.08,0.772,maize
66.09,58.32,50.47,21.45,49.25,6.76,465.23,0.563,0.352,18.07,63.16,6815.12,0.674,chickpea
68.28,17.05,66.33,25.94,69.58,6.45,476.42,0.589,0.415,28.67,46.01,2348.52,0.751,tomato
93.49,55.44,37.89,18.29,80.59,5.75,1102.79,0.558,0.643,16.34,115.53,2463.03,0.637,tomato
9.43,48.56,42.8,24.26,45.52,6.3,1051.9,0.452,0.579,26.78,167.25,5292.54,0.856,groundnut
19.64,31.29,39.13,27.63,55.89,5.91,821.18,0.429,0.514,27.3,61.19,2212.13,0.767,tomato
121.35,40.45,37.99,23.57,61.25,5.94,1622.43,0.712,0.75,23.93,135.48,2621.61,0.871,rice
68.89,47.9,47.57,21.19,69.03,6.69,631.15,0.577,0.522,19.41,81.99,1699.88,0.859,potato
89.5,43.18,45.39,29.91,59.93,6.75,904.84,0.559,0.578,31.01,194.74,1942.36,0.617,tomato
115.01,30.41,48.36,25.91,63.41,6.63,795.98,0.632,0.561,23.56,144.66,6576.03,0.65,cotton
126.24,32.95,16.13,21.17,55.78,5.84,822.18,0.701,0.539,15.96,63.83,6267.5,0.655,cotton
104.99,50.11,34.12,24.82,79.09,6.15,929.67,0.734,0.51,22.19,91.58,1943.23,0.725,maize
118.24,64.72,70.06,29.01,81.55,6.96,1835.79,0.657,0.75,31.23,221.47,500.0,0.783,sugarcane
155.62,76.32,24.65,26.19,80.42,7.2,1850.15,0.697,0.75,28.4,157.79,500.0,0.679,sugarcane
79.57,27.97,26.16,25.98,50.37,7.49,658.22,0.615,0.482,21.21,138.68,2743.85,0.801,wheat
81.78,46.21,53.11,29.4,88.99,5.52,1136.15,0.565,0.75,30.68,213.26,2045.69,0.778,rice
126.98,63.58,37.48,24.69,83.23,7.25,1364.99,0.7,0.718,22.76,164.43,500.0,0.808,sugarcane
32.66,15.7,29.81,27.71,65.09,5.46,795.56,0.629,0.556,29.97,87.88,5225.05,0.716,soybean
133.71,44.09,43.0,28.47,65.2,7.18,1181.59,0.712,0.714,26.5,90.17,500.0,0.802,sugarcane
90.28,33.16,28.16,24.13,64.79,6.95,568.1,0.597,0.431,24.87,41.32,1934.91,0.937,maize
64.33,49.73,44.95,21.47,67.91,6.12,767.61,0.432,0.509,23.41,54.66,2116.55,0.744,maize
84.89,47.13,34.1,16.57,67.05,6.77,398.36,0.632,0.315,15.53,41.18,1980.36,0.764,wheat
79.33,44.31,49.98,14.47,67.6,5.98,897.35,0.505,0.483,15.33,61.6,1798.46,0.727,tomato
111.41,49.13,39.83,23.57,67.78,5.22,605.32,0.65,0.313,21.81,42.06,1487.98,0.788,potato
100.96,54.43,32.43,24.4,59.42,6.77,917.06,0.702,0.553,26.07,48.63,2321.03,0.806,wheat
91.87,49.92,33.75,12.97,52.49,6.21,661.38,0.573,0.373,11.37,46.79,2262.61,0.854,wheat
81.21,57.32,51.25,19.82,63.7,6.41,549.39,0.616,0.449,19.79,25.11,1477.36,0.779,potato
130.61,62.55,46.41,30.72,67.9,5.74,1360.11,0.671,0.714,28.4,72.46,500.0,0.89,sugarcane
62.36,55.28,49.07,22.06,59.81,5.32,790.52,0.601,0.533,22.6,69.8,2386.94,0.723,maize
80.31,62.78,42.7,28.03,69.45,6.24,584.7,0.634,0.463,29.86,53.19,4585.91,0.767,soybean
89.72,63.06,30.31,26.76,59.34,7.25,402.77,0.685,0.434,23.32,48.13,6790.72,0.727,chickpea
117.55,53.02,24.04,28.58,76.89,6.25,955.97,0.73,0.658,28.95,112.14,2278.22,0.746,maize
152.13,44.27,51.47,35.94,74.4,6.75,1472.63,0.616,0.75,36.55,75.75,500.0,0.704,sugarcane
74.87,29.28,19.98,20.39,59.85,6.61,780.25,0.598,0.603,18.21,28.37,2617.49,0.753,wheat
122.31,41.82,48.7,26.73,68.09,4.96,1096.0,0.715,0.673,23.95,81.8,1774.7,0.686,rice
100.6,72.09,40.23,29.77,66.72,6.47,1447.35,0.633,0.75,26.43,176.92,500.0,0.819,sugarcane
119.75,58.94,22.66,28.78,85.19,6.08,1905.05,0.642,0.75,30.24,220.73,2119.03,0.825,rice
42.21,25.4,61.36,21.58,79.1,6.79,770.33,0.464,0.492,24.22,71.11,2226.26,0.886,tomato
133.03,25.13,42.12,31.36,75.62,7.14,1530.48,0.743,0.75,34.21,118.75,500.0,0.741,sugarcane
27.86,47.64,30.46,36.22,57.11,5.82,656.61,0.332,0.457,32.91,89.17,6361.61,0.815,groundnut
67.9,40.85,26.33,19.42,71.58,6.38,480.38,0.493,0.406,26.91,99.59,1365.74,0.776,wheat
68.83,26.81,66.57,24.83,69.07,5.84,575.85,0.658,0.481,19.98,146.59,1602.37,0.758,tomato
111.03,58.24,33.17,31.51,77.35,7.58,1525.6,0.564,0.74,30.73,142.59,500.0,0.813,sugarcane
106.49,36.7,54.02,26.99,62.99,6.4,613.69,0.784,0.418,27.47,34.0,2933.49,0.686,tomato
72.79,67.49,58.94,17.57,54.47,6.63,740.8,0.455,0.434,21.23,56.31,1667.74,0.662,potato
103.68,30.24,51.48,19.34,68.59,7.25,799.63,0.639,0.474,18.13,50.72,1860.18,0.893,tomato
95.98,37.15,15.02,18.32,64.23,6.39,325.65,0.692,0.366,21.58,44.9,2166.07,0.815,wheat
109.42,51.95,68.49,19.23,84.68,7.07,1677.13,0.633,0.75,19.13,143.87,500.0,0.808,sugarcane
84.5,45.17,64.77,24.21,69.68,5.49,144.86,0.574,0.213,21.32,80.25,1450.34,0.624,potato
27.66,41.11,40.63,27.07,64.52,6.64,572.51,0.563,0.524,27.89,56.08,6198.61,0.842,groundnut
70.55,20.89,47.73,29.69,68.99,6.37,721.47,0.562,0.447,28.32,57.57,4881.72,0.734,soybean
101.45,57.46,57.92,19.74,69.68,6.82,1147.97,0.638,0.65,18.85,84.54,500.0,0.724,sugarcane
101.7,55.67,45.2,22.81,61.82,6.89,1797.26,0.62,0.75,21.52,174.42,500.0,1.0,sugarcane
88.36,66.7,45.14,20.81,59.89,6.53,847.33,0.652,0.58,23.98,71.29,2859.35,0.915,maize
115.54,20.22,47.76,25.85,50.93,7.1,841.44,0.728,0.556,25.05,86.02,6137.47,0.827,cotton
68.63,40.3,48.52,29.29,68.25,6.26,401.05,0.565,0.419,28.66,39.31,4666.36,0.758,soybean
80.76,53.47,57.06,21.22,56.09,6.32,919.73,0.59,0.613,21.75,127.38,1872.94,0.697,maize
112.91,20.2,40.48,31.47,71.62,6.23,376.46,0.668,0.4,32.14,0.0,6883.86,0.76,cotton
44.2,69.86,38.94,15.05,74.46,5.84,509.4,0.502,0.426,18.1,17.69,1643.18,0.743,potato
43.69,64.69,48.7,27.47,64.61,7.01,542.58,0.61,0.481,25.67,30.44,3874.86,0.841,soybean
39.86,55.22,33.27,22.93,29.98,7.46,431.06,0.474,0.415,22.38,6.47,7223.61,0.652,chickpea
11.72,56.75,45.01,30.55,61.5,6.03,703.63,0.531,0.5,30.67,24.05,5271.45,0.836,groundnut
90.71,47.13,52.48,27.45,53.87,6.35,578.04,0.611,0.42,23.27,74.62,1144.56,0.678,potato
58.2,35.68,49.62,19.57,77.44,6.69,830.63,0.601,0.527,18.72,108.31,1452.63,0.707,potato
80.53,35.43,57.87,20.48,77.27,5.79,1277.26,0.599,0.745,20.86,78.53,2220.05,0.644,rice
75.98,56.23,25.19,24.17,42.22,6.13,552.28,0.556,0.446,23.69,77.82,5734.56,0.785,chickpea
87.77,34.99,53.09,33.18,59.9,6.55,951.06,0.455,0.522,30.73,57.14,6029.36,0.873,cotton
77.51,53.13,14.12,21.53,59.56,6.97,489.24,0.595,0.35,23.75,11.67,2413.5,0.989,wheat
72.26,47.99,50.79,15.53,58.05,6.12,547.76,0.581,0.422,14.67,69.94,3094.71,0.834,wheat
53.92,45.7,27.65,26.41,80.81,6.53,679.12,0.631,0.426,26.66,44.02,5082.71,0.737,groundnut
29.75,58.76,57.84,25.54,61.25,6.19,402.81,0.494,0.421,23.9,25.84,5317.5,0.803,soybean
100.78,33.88,19.46,29.41,53.94,6.12,883.12,0.492,0.494,27.9,126.67,2048.82,0.777,maize
137.75,62.15,35.63,20.64,45.2,6.3,701.79,0.646,0.509,23.78,81.82,2436.63,0.612,wheat
51.85,33.72,38.71,25.67,62.43,5.63,630.79,0.618,0.458,22.88,82.01,2318.57,0.914,potato
58.01,51.2,27.46,28.33,64.62,5.47,886.97,0.627,0.598,28.79,51.16,2609.88,0.813,tomato
58.05,36.51,50.11,23.2,55.52,5.98,548.13,0.686,0.496,23.41,43.95,2549.65,0.928,tomato
124.62,45.93,56.96,35.84,91.74,7.28,1811.6,0.672,0.75,33.0,215.79,500.0,0.744,sugarcane
45.42,72.6,30.87,22.69,61.06,6.95,1027.78,0.572,0.604,21.85,132.33,4464.44,0.775,soybean
93.33,29.94,52.75,24.28,61.53,6.98,1011.82,0.738,0.57,22.78,123.24,6775.46,0.602,cotton
78.79,46.46,65.76,20.7,60.76,5.88,826.46,0.621,0.486,22.22,40.6,1923.55,0.798,tomato
76.62,37.93,33.75,24.96,61.92,6.04,521.59,0.638,0.527,24.11,47.55,2133.17,0.827,tomato
28.08,33.2,42.76,23.67,60.61,6.26,426.12,0.618,0.413,22.55,95.29,5357.69,0.636,groundnut
110.0,58.46,35.54,25.11,68.2,7.13,1230.8,0.644,0.693,23.81,109.44,2302.55,1.0,rice
123.98,64.0,56.7,30.21,85.56,7.47,944.38,0.659,0.644,31.89,157.39,500.0,0.92,sugarcane
84.44,46.52,53.19,17.29,51.75,5.76,705.78,0.568,0.565,16.79,64.95,1737.01,0.652,potato
99.1,46.11,60.96,21.72,78.97,5.42,738.36,0.745,0.525,20.24,48.57,2134.53,0.998,potato
71.53,48.19,49.25,23.66,48.34,7.34,447.43,0.7,0.339,24.31,0.0,6118.08,0.715,chickpea
16.99,57.52,32.43,21.7,44.31,6.47,452.68,0.504,0.427,24.11,46.71,6848.23,0.532,chickpea
68.59,56.84,39.07,19.74,55.19,4.92,733.65,0.503,0.424,19.21,97.29,2167.36,0.823,tomato
119.55,26.82,48.0,31.19,41.15,6.37,572.58,0.68,0.432,32.65,82.72,8800.41,0.782,cotton
149.24,31.14,56.51,21.98,38.96,6.52,784.13,0.759,0.537,21.32,80.93,7862.3,0.869,cotton
31.61,39.33,36.06,28.0,51.99,6.38,454.82,0.528,0.338,30.04,0.0,5118.3,0.912,soybean
91.54,42.81,72.92,31.57,75.61,5.29,936.19,0.517,0.645,29.59,76.15,2967.29,0.835,tomato
71.88,39.38,56.21,24.36,56.95,5.97,530.91,0.657,0.376,25.83,48.43,1667.08,0.726,potato
66.97,46.54,40.17,18.21,66.91,5.54,571.96,0.484,0.527,16.61,44.21,1604.58,0.656,potato
94.32,33.38,29.74,30.88,95.18,6.25,687.11,0.547,0.542,30.9,39.25,1927.48,0.736,tomato
55.2,36.02,27.16,26.8,66.01,6.97,1034.15,0.498,0.59,27.05,116.14,5531.43,0.863,soybean
27.79,66.13,31.63,23.23,63.68,6.26,378.26,0.548,0.394,25.44,68.18,6594.51,0.73,chickpea
97.39,58.81,38.82,32.8,83.7,6.73,1183.08,0.509,0.639,35.25,124.56,1746.38,0.915,rice
76.87,36.48,19.47,30.2,59.13,6.23,745.0,0.537,0.52,29.58,95.69,2594.57,0.71,maize
104.03,64.26,54.28,33.05,68.33,6.43,1861.7,0.61,0.75,31.97,199.69,500.0,0.732,sugarcane
109.03,58.89,42.86,25.91,100.0,5.77,1196.69,0.778,0.678,27.45,102.89,2531.07,0.948,rice
66.03,71.87,33.39,16.95,54.9,6.65,672.85,0.443,0.538,17.29,46.24,1227.84,0.882,maize
36.17,57.65,53.99,26.31,50.5,6.41,540.47,0.593,0.413,28.09,44.9,6922.5,0.778,groundnut
131.48,70.03,37.87,23.56,76.94,7.35,1441.64,0.795,0.75,20.62,144.29,500.0,0.709,sugarcane
49.95,33.17,38.7,29.45,71.85,7.1,700.02,0.626,0.493,32.39,69.24,5309.21,0.938,soybean
95.21,47.85,30.2,28.13,81.88,6.1,560.2,0.509,0.451,29.98,37.91,9731.69,1.0,cotton
70.56,52.14,31.77,18.38,61.8,5.29,195.0,0.469,0.398,20.72,0.0,1669.52,0.981,potato
25.72,50.17,17.77,24.9,48.68,7.39,323.83,0.629,0.401,21.75,14.68,6112.6,0.556,chickpea
81.15,34.21,56.55,31.62,85.7,6.13,2200.0,0.643,0.75,31.95,160.59,500.0,0.854,sugarcane
86.11,57.98,46.37,22.55,62.6,5.45,532.25,0.57,0.346,22.24,0.0,1691.62,0.523,potato
131.09,25.0,64.88,28.98,62.03,6.77,934.61,0.531,0.588,29.28,99.97,7987.53,0.689,cotton
111.79,42.15,42.05,23.48,61.43,6.64,645.15,0.737,0.507,25.82,83.8,2614.78,0.735,wheat
21.27,73.47,32.29,24.52,55.02,5.65,337.02,0.502,0.2,24.85,17.61,5238.7,0.802,groundnut
74.81,54.41,37.64,22.01,62.52,6.76,729.55,0.635,0.401,22.24,17.91,2386.26,0.73,wheat
95.46,31.27,38.8,27.92,94.81,6.81,679.73,0.643,0.454,25.31,88.4,2246.22,1.0,rice
33.58,68.27,38.84,23.19,46.5,7.13,343.66,0.475,0.3,26.45,34.09,6848.31,0.639,chickpea
47.22,19.34,40.64,23.87,61.83,6.99,643.4,0.607,0.541,24.17,101.65,5299.59,0.728,soybean
75.21,62.69,35.07,26.18,61.59,6.39,785.3,0.56,0.544,26.56,131.72,1865.74,0.574,maize
110.74,68.43,41.94,35.85,76.26,7.02,1344.75,0.66,0.75,34.89,88.33,500.0,0.736,sugarcane
104.61,38.22,7.31,26.47,59.52,7.46,572.85,0.674,0.511,27.59,58.17,8010.44,0.671,cotton
47.37,48.21,35.63,35.49,75.03,6.48,702.4,0.551,0.498,37.45,76.57,5982.76,0.842,groundnut
107.38,47.3,34.94,18.58,57.19,6.35,882.26,0.543,0.494,18.81,58.78,2036.78,0.998,maize
38.53,64.24,50.65,20.11,47.18,6.7,393.06,0.523,0.354,22.63,15.03,7234.23,0.771,chickpea
62.83,49.33,45.01,26.76,44.87,6.8,571.75,0.696,0.446,27.45,124.63,6741.67,0.725,chickpea
86.54,48.94,64.06,20.63,58.38,5.87,584.36,0.534,0.46,20.67,77.91,1852.21,0.665,potato
125.72,52.78,36.89,27.0,93.64,6.18,1363.71,0.726,0.749,30.86,85.12,2217.19,0.73,rice
107.04,30.18,67.31,25.42,52.6,6.11,619.92,0.688,0.365,21.81,33.28,7140.41,0.77,cotton
95.96,37.87,43.77,27.06,67.91,6.07,608.49,0.573,0.445,27.14,62.42,8315.68,0.663,cotton
91.04,51.41,19.04,33.61,56.91,6.08,617.97,0.467,0.422,34.37,66.01,1734.07,0.665,maize
54.51,47.49,35.12,27.32,63.77,6.12,1004.86,0.628,0.614,30.02,80.55,2361.91,0.727,tomato
106.22,34.45,59.93,20.72,80.6,6.08,758.29,0.621,0.517,17.34,117.72,6716.87,0.73,cotton
93.63,27.36,5.0,25.54,55.14,6.25,657.6,0.613,0.425,24.19,92.93,2280.7,0.699,maize
62.41,45.17,28.17,16.98,66.54,6.36,541.77,0.56,0.458,20.08,26.1,1669.86,0.87,tomato
104.24,31.99,55.63,23.23,82.83,7.04,1707.79,0.638,0.75,24.41,129.49,1587.58,0.851,rice
74.5,24.47,67.44,13.51,61.48,5.51,793.24,0.473,0.467,13.37,80.89,1904.44,0.621,potato
48.61,74.95,59.94,22.78,71.3,5.2,761.88,0.62,0.49,21.89,44.31,2657.0,0.943,tomato
105.06,39.22,55.29,26.22,62.72,6.92,789.4,0.63,0.508,25.11,72.85,8346.29,0.854,cotton
114.43,36.3,58.71,28.01,56.02,5.65,765.37,0.609,0.501,27.78,63.28,7336.63,0.93,cotton
29.63,49.56,12.3,27.7,52.06,6.4,994.92,0.519,0.482,27.96,90.55,5470.85,0.779,soybean
105.01,35.16,55.0,27.99,59.76,6.41,797.95,0.686,0.506,30.88,109.28,8010.51,0.659,cotton
120.21,26.6,42.26,18.84,99.32,5.59,1422.89,0.631,0.75,16.71,146.54,1998.49,1.0,rice
84.13,43.77,25.46,29.67,74.68,6.43,619.55,0.595,0.527,34.56,64.66,2486.01,0.837,maize
77.36,55.67,50.83,30.81,81.88,6.89,1354.05,0.687,0.666,31.51,145.32,1890.95,0.908,rice
87.98,58.71,35.16,17.62,48.26,5.48,734.95,0.405,0.472,17.89,103.46,5163.15,0.88,soybean
50.22,41.69,23.78,25.29,68.52,5.77,454.42,0.635,0.385,22.95,0.0,2190.92,0.987,tomato
98.36,67.16,46.47,21.9,55.28,6.97,737.3,0.512,0.502,16.61,0.0,2415.14,0.828,wheat
79.03,39.55,48.18,16.77,67.67,6.41,633.5,0.485,0.521,15.92,69.81,2130.55,0.81,tomato
14.87,61.87,30.94,23.77,51.05,5.98,599.01,0.545,0.489,23.58,10.71,6382.44,0.776,groundnut
108.24,53.32,51.92,32.15,63.04,6.15,1373.91,0.493,0.75,28.17,162.15,500.0,0.826,sugarcane
41.07,52.8,34.96,18.86,46.8,6.04,674.91,0.473,0.478,21.66,61.67,5791.05,0.764,groundnut
79.15,21.47,48.73,24.5,77.91,6.36,482.77,0.643,0.347,20.05,44.57,6818.16,0.799,cotton
51.4,69.84,32.39,18.17,56.28,7.29,361.66,0.443,0.382,20.37,59.81,6007.78,0.842,chickpea
67.63,26.7,27.45,18.93,46.41,6.18,757.24,0.497,0.503,22.49,57.37,2498.87,0.678,wheat
63.84,25.89,39.46,20.49,50.43,6.07,611.71,0.561,0.374,19.67,74.56,2683.57,0.751,wheat
42.35,46.21,26.29,20.75,47.45,6.39,448.85,0.454,0.311,18.8,81.76,2058.22,1.0,wheat
107.18,10.32,30.57,24.51,64.15,6.73,804.78,0.692,0.564,21.93,63.61,5972.3,0.798,cotton
93.91,25.53,18.3,23.02,51.76,7.68,356.48,0.661,0.312,21.47,16.49,2882.36,0.612,wheat
106.8,41.11,46.8,25.59,64.76,5.98,633.1,0.709,0.566,28.2,22.98,1804.76,0.715,rice
107.72,43.11,36.37,21.82,82.53,5.78,1360.19,0.623,0.727,22.55,140.34,2405.16,0.92,rice
135.54,56.77,33.12,25.3,75.87,6.67,1367.99,0.69,0.742,28.58,171.3,2001.73,0.696,rice
51.58,27.36,52.1,11.87,75.14,5.57,697.05,0.469,0.475,11.84,77.7,1604.49,0.657,potato
51.48,66.14,39.8,23.76,49.61,6.88,575.81,0.467,0.431,21.79,56.43,6757.35,0.751,chickpea
86.17,37.01,50.97,33.5,81.46,6.07,956.65,0.552,0.617,30.57,127.92,2060.11,0.936,rice
84.31,31.56,28.44,19.9,39.14,6.95,686.86,0.508,0.473,16.48,81.6,2723.25,0.819,wheat
110.73,60.48,68.16,23.47,87.93,6.32,1243.93,0.622,0.689,24.16,148.59,500.0,0.589,sugarcane
31.93,59.98,39.86,22.37,64.23,5.06,697.74,0.4,0.428,21.58,29.05,4202.51,0.77,groundnut
71.26,39.56,67.84,26.3,69.13,5.68,544.67,0.562,0.394,26.86,53.84,2092.45,0.884,tomato
101.34,36.28,34.12,27.21,61.07,6.61,725.64,0.619,0.508,27.11,78.53,7766.56,0.839,cotton
68.49,56.36,51.9,32.04,57.54,5.8,548.21,0.561,0.401,31.2,0.63,4949.0,0.804,groundnut
42.42,23.82,30.38,25.8,86.51,6.54,447.12,0.635,0.538,24.2,72.74,5356.85,0.865,soybean
117.52,45.61,37.33,28.38,71.11,6.97,1285.89,0.671,0.75,29.63,98.98,500.0,0.955,sugarcane
80.14,49.13,25.01,21.29,56.04,6.52,639.38,0.642,0.389,25.09,50.63,2530.28,0.65,wheat
70.66,44.22,29.98,29.78,69.18,6.56,752.78,0.602,0.546,30.67,97.77,2638.62,0.83,tomato
94.15,51.35,42.97,29.45,76.96,6.61,1233.11,0.673,0.674,28.67,144.38,2090.51,1.0,rice
136.14,56.31,31.28,26.67,76.62,7.46,1300.94,0.876,0.643,25.04,136.34,500.0,0.682,sugarcane
77.56,53.4,39.14,19.17,57.12,6.69,878.24,0.574,0.543,18.7,117.34,2654.85,0.753,wheat
81.44,42.8,60.4,16.66,52.34,7.24,647.45,0.504,0.483,17.2,100.81,2864.93,0.811,wheat
77.13,22.8,31.14,29.31,48.5,6.47,531.84,0.51,0.354,31.26,46.79,6215.47,0.65,cotton
113.07,36.77,17.13,20.29,57.49,6.56,1002.79,0.552,0.605,17.93,122.3,1903.84,0.715,maize
70.37,55.47,16.62,29.61,60.19,6.5,1006.39,0.567,0.575,27.28,54.03,3930.17,0.786,soybean
77.51,19.19,39.63,22.41,83.64,5.38,661.02,0.697,0.507,17.84,74.76,2005.59,0.635,potato
45.25,50.73,47.69,17.5,80.31,5.81,495.52,0.486,0.461,16.52,39.27,1917.71,0.709,potato
71.98,66.24,43.18,21.47,60.6,6.58,692.11,0.598,0.47,21.44,164.18,2021.81,0.616,tomato
7.97,51.61,41.24,17.06,56.92,6.59,674.38,0.395,0.454,18.51,130.15,5881.38,0.742,groundnut
82.25,37.07,51.23,28.69,54.4,6.55,642.28,0.511,0.468,31.22,118.27,7333.25,0.775,cotton
77.8,56.08,32.78,22.74,80.01,6.04,473.12,0.598,0.459,25.03,30.65,1776.29,0.662,potato
95.43,35.81,26.54,23.86,54.46,6.21,289.59,0.693,0.332,24.67,55.82,2055.77,0.777,potato
68.52,51.12,47.55,25.98,69.2,5.74,648.73,0.699,0.466,26.84,30.96,2873.29,0.842,tomato
42.74,70.37,20.04,26.7,53.94,6.06,730.72,0.518,0.529,24.59,108.75,5780.47,0.732,groundnut
114.78,52.07,61.76,23.3,84.68,6.18,1072.28,0.771,0.687,18.93,138.19,500.0,0.811,sugarcane
91.96,38.15,30.0,29.61,83.47,5.98,834.76,0.538,0.56,26.19,122.84,1706.33,0.769,tomato
119.73,37.4,44.11,21.1,55.23,6.57,768.56,0.757,0.563,19.71,52.1,5497.83,0.649,cotton
101.63,45.51,42.23,24.54,81.22,5.55,885.02,0.695,0.632,24.36,79.91,1694.96,0.941,rice
86.75,47.78,40.82,21.91,66.37,5.29,690.02,0.714,0.51,20.31,25.82,2894.6,0.75,maize
137.55,49.55,56.66,32.19,71.21,6.8,1246.8,0.631,0.676,30.38,122.48,500.0,0.843,sugarcane
61.38,18.96,27.26,25.58,58.78,6.77,927.08,0.568,0.575,27.96,124.76,2635.54,0.893,wheat
95.0,43.79,38.7,18.08,82.63,5.49,689.83,0.554,0.41,18.87,38.67,1720.04,0.814,potato
6.53,59.53,33.24,25.87,53.27,6.37,619.34,0.441,0.459,24.97,108.19,4830.28,0.66,groundnut
102.54,42.02,64.41,25.41,59.75,7.3,915.07,0.656,0.509,25.68,127.53,7737.55,0.74,cotton
111.74,84.03,42.11,26.01,78.59,6.9,1472.22,0.708,0.75,29.33,176.75,500.0,0.793,sugarcane
87.27,49.98,56.12,18.74,61.1,5.47,770.87,0.588,0.515,20.0,96.94,1466.79,0.685,potato
69.94,35.12,43.28,19.47,57.42,6.52,488.39,0.67,0.446,20.02,43.09,2911.81,0.7,wheat
100.93,53.6,52.57,24.09,76.6,6.59,1247.35,0.739,0.625,25.22,148.69,500.0,0.718,sugarcane
44.61,51.15,34.92,28.8,47.4,7.74,435.44,0.469,0.27,29.95,70.43,5378.23,0.848,chickpea
143.98,66.88,62.7,25.22,85.55,6.48,741.36,0.763,0.504,24.26,103.36,1940.69,0.824,rice
90.15,40.8,70.7,21.77,81.73,5.82,681.35,0.691,0.464,24.15,92.37,2461.13,0.904,tomato
93.07,21.84,45.37,31.88,87.07,5.43,1876.96,0.608,0.75,31.6,183.19,2075.96,1.0,rice
25.35,73.0,26.75,30.01,60.74,6.6,535.21,0.371,0.502,29.13,88.01,4327.36,0.889,soybean
109.83,29.41,65.47,19.94,47.7,6.23,645.11,0.707,0.45,19.56,20.06,8140.97,0.636,cotton
77.68,58.11,51.05,19.25,62.22,5.58,806.35,0.501,0.453,15.68,15.45,2788.92,0.843,wheat
117.1,26.78,39.81,25.32,80.22,6.78,1622.25,0.778,0.75,25.27,131.64,1984.11,0.898,rice
32.23,54.0,58.37,21.01,58.11,8.15,266.94,0.49,0.331,17.42,10.74,5552.9,0.786,chickpea
175.0,59.38,51.2,25.59,71.75,6.06,1547.39,0.723,0.746,26.67,165.91,1945.8,0.741,rice
81.32,51.2,56.94,18.53,66.17,6.62,735.75,0.568,0.507,19.62,83.58,2010.12,0.898,tomato
102.35,26.54,45.06,29.77,81.89,5.86,812.97,0.565,0.532,27.38,118.23,2422.14,0.88,maize
82.02,56.99,53.08,23.11,91.68,6.62,1711.07,0.615,0.75,25.44,138.7,500.0,0.717,sugarcane
31.08,55.29,31.16,16.1,76.01,6.48,436.67,0.452,0.39,15.92,15.02,7209.0,0.698,chickpea
132.25,81.02,53.8,32.07,61.22,6.89,1440.79,0.58,0.75,32.36,142.18,500.0,0.715,sugarcane
45.92,64.29,16.62,24.18,48.65,6.87,489.41,0.672,0.333,22.75,0.0,6688.08,0.649,chickpea
106.56,49.07,12.3,31.37,86.16,5.27,697.13,0.683,0.561,32.61,19.77,2803.45,0.774,rice
41.78,53.1,27.2,22.94,35.88,6.56,616.08,0.496,0.392,21.24,97.52,6877.94,0.594,chickpea
91.49,50.66,16.64,28.16,58.02,5.85,673.17,0.63,0.398,28.08,82.35,2448.81,0.838,maize
59.56,66.08,44.34,27.24,78.08,6.79,716.99,0.591,0.537,27.46,8.13,1658.35,0.818,maize
59.81,36.77,51.05,19.7,57.72,6.39,608.85,0.492,0.501,17.82,51.65,1872.11,0.768,maize
90.23,58.65,44.84,30.84,60.1,6.69,622.89,0.597,0.513,32.65,65.9,2015.56,0.721,maize
91.98,55.57,72.83,15.08,71.56,6.0,739.68,0.57,0.502,12.94,86.1,1901.09,0.793,potato
85.96,53.67,47.96,28.59,64.4,5.9,930.89,0.591,0.614,31.5,95.94,5759.45,0.501,cotton
52.54,63.9,55.79,17.21,78.93,5.62,795.06,0.381,0.597,16.54,103.19,4592.51,0.887,soybean
84.09,16.72,32.54,22.03,48.04,6.29,677.65,0.536,0.475,24.1,113.29,2165.62,0.958,wheat
52.35,40.08,59.17,20.89,52.75,5.76,587.68,0.619,0.392,17.98,79.7,5563.96,0.682,groundnut
108.3,35.86,57.35,33.05,86.9,6.67,1071.29,0.654,0.586,30.02,103.44,2374.96,0.91,rice
76.57,37.16,50.78,29.32,67.07,6.79,810.77,0.537,0.603,26.95,94.04,6285.06,0.578,cotton
81.49,29.46,44.59,24.09,93.31,6.33,866.43,0.65,0.556,23.24,105.82,2686.82,0.668,tomato
94.11,51.01,65.45,24.42,60.77,6.03,831.24,0.63,0.479,24.48,57.85,2142.59,0.748,tomato
64.66,30.58,33.01,27.91,77.49,6.47,736.04,0.57,0.561,25.87,54.42,5787.92,0.887,soybean
49.8,68.89,35.68,16.84,42.33,5.8,718.48,0.502,0.516,17.39,73.95,2188.0,0.943,maize
110.69,65.11,55.92,31.31,75.86,6.68,1544.64,0.6,0.75,34.25,174.73,500.0,0.913,sugarcane
45.05,44.14,50.06,19.33,59.97,6.11,264.48,0.433,0.332,20.82,27.21,5542.42,0.841,groundnut
30.77,74.66,23.94,26.05,40.08,7.11,544.27,0.459,0.38,24.81,38.67,7254.17,0.839,chickpea
99.11,55.94,56.34,22.01,82.34,6.41,1361.42,0.662,0.75,21.76,104.55,500.0,0.692,sugarcane
124.76,65.53,44.98,28.91,56.92,6.56,608.94,0.692,0.469,29.51,87.03,6617.41,1.0,cotton
47.9,16.47,32.27,26.53,67.98,6.52,677.25,0.598,0.565,26.16,136.29,2424.23,0.716,tomato
131.25,47.93,70.35,33.23,72.81,7.18,578.99,0.685,0.437,38.65,98.17,500.0,0.729,sugarcane
94.12,29.22,20.2,27.52,52.94,6.59,703.41,0.552,0.557,26.26,109.02,6290.22,0.755,cotton
92.15,42.81,42.4,23.39,73.39,5.98,875.48,0.694,0.519,21.1,122.23,1818.41,0.775,tomato
132.37,46.09,38.82,19.07,65.4,5.77,575.69,0.718,0.464,17.21,0.0,7222.86,0.784,cotton
106.96,37.46,36.58,25.76,74.15,6.33,443.95,0.684,0.379,26.67,65.91,7376.04,0.709,cotton
55.13,51.49,39.45,15.48,51.84,6.55,723.87,0.462,0.537,19.29,88.08,1647.09,0.859,wheat
82.18,50.09,28.91,25.44,55.99,7.14,559.79,0.664,0.474,26.06,75.63,2126.49,0.81,wheat
71.34,21.26,37.04,19.75,57.76,4.89,715.32,0.5,0.581,21.73,128.63,2436.13,0.752,tomato
52.83,65.1,18.32,26.16,79.21,5.79,688.04,0.627,0.524,26.0,23.86,4379.5,0.694,groundnut
75.48,30.21,28.29,14.26,53.08,6.73,323.56,0.472,0.345,15.29,74.52,2706.49,0.718,wheat
50.32,53.59,54.14,20.62,56.71,6.54,512.41,0.477,0.457,23.07,18.66,4204.99,0.857,soybean
117.74,51.46,48.11,23.25,79.03,5.93,1447.53,0.685,0.75,23.51,130.05,2038.76,0.789,rice
131.54,57.58,54.24,20.65,55.23,7.25,1924.27,0.639,0.75,21.89,250.0,500.0,0.874,sugarcane
58.6,30.13,54.17,28.78,60.06,5.63,598.53,0.599,0.468,28.58,32.56,2730.61,0.908,tomato
89.89,57.32,44.52,23.35,49.66,6.71,829.86,0.638,0.492,24.84,95.18,2025.4,0.697,maize
135.56,61.54,55.7,32.98,79.73,5.85,1760.43,0.63,0.75,30.69,180.82,500.0,0.907,sugarcane
55.76,39.22,39.23,24.46,80.36,5.19,764.41,0.567,0.51,25.82,94.57,5046.83,0.664,soybean
72.68,55.24,46.32,20.16,73.93,5.66,535.48,0.649,0.41,19.22,96.75,1652.3,0.72,potato
40.57,61.05,42.72,27.23,57.98,6.82,772.69,0.593,0.532,26.79,85.77,5456.36,0.698,groundnut
79.47,57.76,20.27,23.6,68.76,6.25,702.46,0.663,0.519,24.53,42.52,3779.18,0.87,soybean
41.19,41.74,60.34,30.0,80.16,6.87,609.16,0.527,0.43,31.95,41.89,3567.58,0.801,soybean
95.55,60.68,47.3,23.41,73.54,7.33,2192.88,0.747,0.75,21.28,211.24,500.0,0.669,sugarcane
18.04,49.51,25.67,19.74,46.37,7.42,497.87,0.441,0.422,19.52,57.02,5849.73,0.634,chickpea
57.0,49.0,43.02,23.99,55.88,6.81,495.01,0.488,0.41,22.51,17.03,5225.63,0.975,groundnut
103.67,59.97,35.05,25.93,70.08,7.25,1538.49,0.7,0.75,22.44,210.1,500.0,0.889,sugarcane
107.89,51.27,57.74,23.95,68.88,6.72,1053.76,0.836,0.569,25.4,51.59,1864.39,0.752,rice
122.02,41.03,47.96,30.88,88.48,6.46,1317.6,0.718,0.646,31.3,133.6,2270.32,0.841,rice
68.89,54.36,40.12,19.27,63.96,6.04,531.67,0.57,0.471,19.17,45.91,1683.53,0.711,potato
73.42,41.36,47.89,17.2,51.93,6.07,821.62,0.477,0.599,18.67,50.37,2210.18,1.0,tomato
77.12,35.52,54.86,12.34,57.02,5.8,596.2,0.467,0.555,12.51,39.41,1626.89,0.684,potato
93.28,73.76,47.05,16.56,68.51,5.72,581.97,0.558,0.41,17.12,8.89,1606.46,0.718,potato
76.26,46.34,31.11,26.6,70.95,6.55,594.27,0.623,0.545,25.92,96.15,2096.81,0.789,maize
12.13,44.73,17.18,21.0,59.43,6.41,587.08,0.471,0.41,20.89,43.41,4385.57,0.683,groundnut
98.89,40.36,36.73,24.9,59.08,6.86,520.06,0.646,0.377,24.13,32.38,1917.79,0.901,maize
50.22,38.09,55.04,22.1,70.54,6.49,782.82,0.59,0.56,24.72,110.95,5898.75,0.684,soybean
69.28,41.18,35.25,25.26,76.59,6.6,592.16,0.639,0.445,27.06,39.59,7046.34,0.684,cotton
53.55,32.68,38.28,18.05,61.31,7.43,859.53,0.491,0.578,17.01,57.93,6026.97,0.676,soybean
65.53,41.53,42.31,28.07,66.18,6.02,1053.54,0.665,0.566,29.87,129.46,1836.79,0.799,tomato
69.43,72.22,54.69,19.74,96.39,5.8,749.46,0.642,0.48,18.08,132.63,2125.81,0.91,tomato
132.0,46.33,58.18,35.14,78.28,6.41,763.99,0.527,0.493,34.26,38.04,2188.12,0.809,rice
46.17,32.88,36.43,33.78,56.46,6.82,618.55,0.439,0.443,34.11,0.0,6623.87,0.748,groundnut
82.64,14.13,32.37,30.01,63.59,7.98,865.65,0.637,0.51,31.06,138.9,6827.39,0.738,cotton
101.32,50.71,40.17,24.9,66.98,6.33,655.35,0.665,0.478,23.82,40.58,4876.63,0.765,soybean
72.95,15.45,50.44,29.98,64.59,7.44,756.79,0.581,0.451,31.69,17.88,9121.39,0.837,cotton
109.48,64.17,37.62,20.72,89.25,6.84,522.68,0.765,0.465,20.35,59.42,1821.68,0.572,potato
67.72,28.71,29.64,20.41,47.31,8.28,825.63,0.488,0.576,23.74,38.79,1973.5,0.792,wheat
20.03,45.17,32.37,18.67,45.91,7.9,420.49,0.462,0.283,16.47,74.69,8126.33,0.722,chickpea
92.33,50.24,48.97,22.12,66.42,6.55,603.03,0.707,0.477,18.77,63.48,5846.71,0.79,soybean
67.78,47.67,55.65,20.64,43.61,5.44,594.38,0.657,0.506,16.24,14.95,1839.08,0.793,potato
77.08,50.66,40.46,18.97,64.04,6.09,354.27,0.613,0.404,19.24,68.15,4618.43,0.787,chickpea
29.44,46.2,22.53,24.3,53.67,6.59,548.16,0.611,0.436,23.29,26.3,5275.06,0.776,groundnut
75.23,40.75,22.01,16.54,76.25,6.24,724.86,0.503,0.467,16.67,42.07,2586.48,0.768,wheat
85.75,49.11,24.56,28.39,69.32,6.69,671.95,0.613,0.525,31.28,45.91,2345.84,0.749,maize
69.11,45.55,46.1,15.41,76.41,6.51,343.3,0.618,0.423,15.93,14.23,1844.99,0.82,potato
105.34,47.3,61.93,30.63,71.28,5.99,1257.4,0.743,0.745,33.48,134.7,500.0,0.891,sugarcane
70.78,36.33,29.84,16.17,72.86,6.91,700.59,0.543,0.515,12.9,125.05,1939.97,0.73,tomato
66.58,53.07,33.16,24.8,62.09,6.9,862.42,0.5,0.64,24.23,146.52,5315.56,0.815,soybean
100.31,8.57,44.03,26.07,81.78,6.88,800.24,0.752,0.489,29.31,124.38,2078.85,0.878,tomato
59.37,55.78,42.56,23.58,55.31,6.58,616.71,0.666,0.542,22.54,66.39,5631.74,0.649,groundnut
26.06,58.4,19.94,23.04,60.18,7.44,539.31,0.701,0.416,21.23,69.89,5641.68,0.587,chickpea
99.55,27.28,29.52,11.67,53.18,6.66,969.14,0.414,0.553,11.72,134.65,2581.66,0.835,maize
30.38,58.85,71.49,24.81,62.97,6.26,629.4,0.596,0.491,27.79,37.54,5969.73,0.755,groundnut
118.78,63.96,38.56,27.45,72.05,6.49,1162.42,0.68,0.692,29.52,38.96,2319.06,0.823,rice
74.99,54.01,28.17,20.53,66.37,5.91,854.29,0.503,0.576,20.25,115.29,2330.07,0.797,tomato
74.84,41.38,8.05,24.24,49.41,6.44,519.67,0.675,0.401,21.85,10.69,1880.03,0.81,maize
89.06,37.71,38.35,30.83,80.08,6.35,948.73,0.55,0.692,29.36,152.84,2119.79,0.85,rice
50.45,51.68,51.3,22.35,50.44,6.52,946.64,0.468,0.566,22.91,157.69,5181.56,0.68,soybean
31.93,68.69,67.19,27.62,68.37,6.39,811.38,0.557,0.603,27.26,44.51,4778.19,0.698,soybean
92.41,21.46,51.69,29.26,58.54,6.83,709.97,0.723,0.518,31.05,20.31,5770.2,0.798,cotton
53.98,16.76,24.08,32.35,84.51,5.78,824.83,0.537,0.629,30.2,45.98,2635.39,0.661,tomato
54.34,35.63,41.59,19.1,39.66,6.64,601.23,0.519,0.374,20.65,89.16,6128.22,0.796,chickpea
120.45,55.84,45.83,25.45,41.04,6.57,708.51,0.622,0.41,28.9,57.21,7045.95,0.805,cotton
142.96,55.78,66.16,29.53,79.78,6.56,1289.68,0.64,0.691,28.97,141.03,500.0,0.763,sugarcane
52.09,48.45,28.77,22.4,55.14,7.63,404.83,0.463,0.382,21.49,0.0,6790.23,0.679,chickpea
62.33,78.39,24.7,19.63,71.47,7.7,413.43,0.579,0.333,24.03,43.89,7070.95,0.606,chickpea
100.03,23.43,46.36,20.23,64.37,7.54,764.56,0.598,0.46,21.3,66.45,2638.9,0.729,wheat
125.98,61.48,71.64,31.18,59.49,6.76,1528.9,0.705,0.75,31.21,154.38,500.0,0.791,sugarcane
28.28,39.67,54.19,26.19,47.22,6.54,514.39,0.461,0.406,25.88,0.0,4878.39,0.947,groundnut
69.12,60.96,49.47,17.27,50.03,5.48,434.73,0.591,0.357,17.87,31.45,1916.02,0.802,potato
132.71,51.92,56.2,32.7,81.06,7.42,1151.41,0.624,0.662,31.36,75.85,500.0,0.73,sugarcane
74.8,49.6,54.26,26.41,66.34,6.82,748.17,0.519,0.525,28.64,44.61,3283.25,0.718,soybean
84.79,71.22,43.57,21.76,70.99,5.83,598.32,0.673,0.423,21.85,23.44,2008.7,0.777,maize
127.42,66.73,57.91,23.59,58.23,6.26,1262.91,0.735,0.716,24.49,87.22,2297.03,0.935,rice
70.18,39.44,37.38,19.55,63.38,8.25,886.15,0.52,0.507,18.62,106.74,2415.03,0.785,wheat
79.71,54.93,35.32,19.77,89.41,7.29,897.17,0.644,0.58,20.03,121.94,3438.56,0.729,soybean
93.07,52.91,40.83,19.56,62.99,5.27,553.27,0.576,0.398,16.74,54.83,1131.85,0.729,potato
60.23,45.67,59.94,25.21,66.5,5.42,732.4,0.691,0.534,20.9,57.5,6046.97,0.775,soybean
86.58,44.68,50.74,24.13,73.84,5.94,602.16,0.609,0.352,23.77,113.39,2440.93,0.833,tomato
59.51,27.32,47.64,19.08,62.29,5.16,638.25,0.471,0.46,22.61,86.62,1430.33,0.603,potato
57.03,41.78,34.41,16.21,41.34,6.44,387.92,0.472,0.326,15.23,28.61,7961.99,0.916,chickpea
51.25,45.33,39.22,26.12,53.81,6.46,686.91,0.639,0.463,25.05,28.36,4288.64,0.814,groundnut
24.39,32.35,45.58,25.26,46.36,5.27,476.32,0.537,0.38,27.39,59.46,5500.17,0.678,groundnut
74.17,39.4,57.65,19.7,64.11,6.51,760.07,0.568,0.516,21.81,75.7,1415.16,0.748,potato
25.45,50.51,46.36,22.22,48.7,7.03,396.43,0.527,0.319,27.0,110.65,6424.82,0.757,chickpea
116.32,67.63,34.95,16.02,64.16,6.04,915.39,0.564,0.51,14.97,139.33,2141.04,0.918,maize
35.69,67.51,38.13,25.71,61.86,6.7,923.93,0.506,0.563,26.05,107.66,4590.08,0.747,soybean
146.77,47.69,59.7,25.16,72.67,6.91,1233.68,0.677,0.713,20.77,90.94,500.0,0.842,sugarcane
80.09,58.87,36.34,28.03,87.78,6.76,1559.12,0.575,0.75,31.75,208.18,1841.78,0.716,rice
60.55,72.03,54.56,20.31,74.24,6.9,851.51,0.506,0.615,20.83,49.76,5056.82,0.903,soybean
140.77,42.87,33.69,32.45,69.64,6.08,1403.86,0.701,0.706,32.97,130.2,1644.7,0.804,rice
68.95,51.44,63.96,20.24,46.68,6.66,732.9,0.542,0.471,20.66,56.35,6659.16,0.712,groundnut
136.97,42.15,78.96,34.07,63.62,6.92,1827.72,0.587,0.75,34.27,177.19,500.0,0.924,sugarcane
120.53,38.46,23.46,31.87,57.8,6.17,850.75,0.672,0.487,31.55,53.28,6073.96,0.451,cotton
48.86,60.33,28.48,27.21,67.85,6.08,1060.9,0.625,0.583,29.72,93.85,4508.98,0.886,soybean
48.55,42.24,27.06,23.41,47.07,6.64,722.21,0.613,0.413,22.74,55.6,2164.8,0.957,wheat
59.15,46.33,40.63,26.69,54.79,6.0,604.66,0.541,0.404,25.68,51.67,2136.12,0.735,maize
44.42,56.84,36.03,24.92,44.39,6.67,707.58,0.678,0.423,21.47,83.93,4794.61,0.817,groundnut
46.68,49.71,30.05,21.96,51.71,6.26,622.81,0.512,0.42,20.2,20.49,4688.41,0.859,groundnut
96.6,44.17,44.78,19.26,35.74,6.23,747.27,0.594,0.548,19.51,43.48,2390.7,0.88,wheat
103.77,26.08,72.41,24.36,63.89,6.51,348.83,0.82,0.299,24.38,1.5,8063.01,0.765,cotton
99.07,43.99,82.11,35.0,71.78,7.03,1502.08,0.54,0.75,34.81,150.27,500.0,0.767,sugarcane
54.99,36.73,23.64,26.98,82.99,6.6,778.92,0.614,0.552,27.39,53.91,4099.03,0.801,soybean
122.21,30.1,38.89,21.82,74.88,6.56,1557.62,0.65,0.75,24.28,193.83,2285.46,0.791,rice
109.23,46.68,66.09,24.64,71.01,7.04,1209.54,0.726,0.691,23.39,111.9,500.0,0.938,sugarcane
122.2,26.47,41.69,28.81,62.17,7.2,696.96,0.593,0.428,31.37,27.17,6844.69,0.642,cotton
70.74,60.04,40.43,21.08,50.13,6.44,480.85,0.549,0.462,18.45,27.56,2733.43,0.872,wheat
60.34,43.39,43.96,26.75,55.94,6.75,846.33,0.474,0.635,27.04,88.47,5536.07,0.693,cotton
64.49,48.81,35.43,20.01,73.26,6.95,477.06,0.644,0.406,18.89,39.46,2334.78,0.534,potato
120.25,59.53,47.63,17.9,70.05,6.21,2178.22,0.634,0.75,19.17,228.68,500.0,0.746,sugarcane
86.41,43.15,59.17,31.53,50.46,5.8,1015.67,0.527,0.614,31.09,64.08,2510.91,0.747,maize
96.84,31.61,28.37,17.1,52.17,6.46,554.34,0.55,0.424,19.27,0.0,2838.93,0.705,wheat
48.48,29.57,29.33,18.27,72.25,5.72,982.93,0.53,0.65,16.98,58.97,4549.64,0.896,soybean
104.36,68.11,27.2,24.9,69.56,6.29,1228.51,0.803,0.667,29.16,159.8,500.0,0.766,sugarcane
111.72,70.86,39.94,31.15,76.87,6.82,1990.43,0.5,0.75,28.99,130.39,500.0,0.802,sugarcane
53.87,58.93,29.25,17.89,55.02,6.15,423.48,0.342,0.314,16.13,80.73,7170.91,0.645,chickpea
102.6,40.16,39.81,30.15,80.88,7.09,1415.26,0.796,0.644,28.13,150.39,500.0,0.772,sugarcane
115.24,43.13,51.79,31.63,91.39,5.91,1508.47,0.677,0.75,33.65,173.79,500.0,0.699,sugarcane
96.41,57.99,42.64,27.28,70.63,5.74,1640.22,0.683,0.75,26.32,181.66,2084.97,0.917,rice
81.48,41.61,27.56,27.66,57.04,5.92,511.81,0.585,0.411,28.15,84.48,5179.37,0.771,soybean
67.98,41.99,62.95,30.55,66.96,6.61,836.86,0.503,0.503,32.04,77.33,500.0,0.658,sugarcane
88.53,56.65,66.23,20.4,71.18,6.23,445.14,0.585,0.376,21.71,12.35,1952.13,0.708,potato
66.46,40.92,48.52,18.48,64.6,5.03,505.1,0.445,0.437,20.93,34.24,1084.68,0.642,potato
71.15,38.45,50.09,21.18,78.89,6.22,906.53,0.564,0.608,21.89,126.62,1990.92,0.95,maize
121.97,95.88,55.02,34.06,90.94,6.24,1738.88,0.635,0.75,37.99,144.78,530.68,0.817,sugarcane
95.78,32.01,50.08,25.15,75.89,6.07,703.56,0.872,0.54,23.85,56.8,2825.73,0.782,tomato
11.85,47.58,43.4,19.37,49.3,6.93,549.87,0.462,0.459,21.7,20.41,4467.44,0.659,chickpea
114.98,37.06,12.3,30.18,64.82,6.11,874.88,0.71,0.459,28.51,87.45,1725.88,0.752,maize
108.43,51.77,70.23,34.72,55.29,6.77,1020.77,0.491,0.497,32.99,60.31,500.0,0.716,sugarcane
94.74,55.14,28.3,16.07,71.72,5.23,695.28,0.478,0.446,13.42,52.23,1389.34,0.681,potato
51.72,62.15,50.0,27.36,59.28,6.75,591.21,0.589,0.448,26.59,11.87,4775.65,0.722,groundnut
95.33,22.08,53.02,22.64,76.31,6.11,745.68,0.723,0.513,23.32,124.8,7592.62,0.786,cotton
128.64,31.06,46.49,34.06,92.0,7.15,1316.28,0.6,0.622,31.58,113.24,2086.11,0.771,rice
108.59,41.34,42.62,30.28,88.98,7.43,1547.99,0.739,0.75,27.69,222.03,500.0,0.647,sugarcane
35.1,53.11,28.33,29.64,60.44,7.33,624.06,0.444,0.426,32.63,7.55,5457.41,0.973,soybean
52.14,43.69,47.95,21.76,74.1,6.71,974.47,0.673,0.689,19.39,109.49,4283.19,1.0,soybean
120.3,23.87,39.28,19.75,52.49,6.22,555.06,0.616,0.448,21.46,0.0,1967.44,0.835,wheat
72.58,35.6,56.86,26.64,76.07,5.59,804.91,0.688,0.578,24.06,40.95,2773.25,1.0,tomato
113.54,40.47,30.47,23.93,60.94,6.27,895.19,0.752,0.605,28.05,109.45,2803.86,0.742,maize
89.3,21.26,23.09,28.45,66.55,6.3,697.69,0.555,0.501,29.42,51.04,8774.98,0.666,cotton
71.41,21.19,30.04,24.07,53.07,6.21,1032.92,0.643,0.533,21.68,135.46,4679.12,0.834,soybean
128.31,29.41,31.14,21.65,42.43,6.18,582.59,0.68,0.505,22.59,83.86,8685.79,0.594,cotton
88.31,21.15,24.54,17.92,68.84,6.3,853.32,0.565,0.482,18.94,152.61,2228.9,0.777,maize
77.13,39.68,30.35,23.77,73.23,6.25,576.81,0.632,0.491,23.35,51.45,4713.02,0.743,cotton
63.43,38.15,57.89,26.87,68.74,6.31,738.54,0.596,0.497,27.17,59.29,2223.31,0.805,tomato
93.43,56.56,57.94,32.73,68.7,7.34,888.92,0.595,0.574,31.86,115.48,2462.44,0.68,maize
121.77,43.83,26.7,21.76,97.34,6.12,1507.54,0.608,0.75,23.55,141.81,2098.97,0.923,rice
62.37,51.61,36.71,23.03,56.7,7.39,505.93,0.67,0.471,20.61,72.67,2384.51,0.719,wheat
12.17,61.2,59.58,28.48,48.49,6.72,511.67,0.561,0.394,30.26,110.89,7463.52,0.541,chickpea
72.55,28.11,61.02,17.05,47.89,6.38,758.18,0.556,0.47,19.22,159.27,2164.41,0.592,wheat
93.34,47.93,33.21,14.17,57.6,5.81,472.4,0.471,0.495,16.48,18.01,1914.68,0.761,maize
20.62,61.18,35.7,28.97,51.85,5.59,506.57,0.491,0.425,26.39,55.97,4587.49,0.755,soybean
112.13,20.49,49.02,33.52,63.05,7.07,968.03,0.597,0.58,34.38,141.86,6832.92,0.635,cotton
107.81,26.7,27.24,24.01,72.28,6.86,683.35,0.738,0.455,21.75,123.32,2580.41,0.789,maize
143.04,55.99,48.05,25.44,55.34,6.85,1760.45,0.775,0.75,28.19,214.72,1527.68,0.864,rice
60.3,37.93,56.8,26.57,47.18,6.6,559.93,0.612,0.453,27.71,98.5,7334.54,0.647,chickpea
35.28,53.58,39.34,26.94,48.51,6.4,1092.48,0.511,0.646,28.57,139.53,4920.0,0.847,soybean
57.9,65.18,50.46,27.28,48.87,6.9,710.64,0.373,0.579,24.28,41.87,6347.62,0.652,groundnut
83.92,60.26,61.71,19.7,49.98,5.74,627.77,0.501,0.35,16.94,109.36,1484.66,1.0,potato
89.85,18.43,42.21,27.98,55.35,6.23,721.93,0.592,0.501,30.21,95.89,7925.06,0.859,cotton
107.94,25.55,39.56,26.14,70.17,5.91,602.56,0.723,0.491,23.88,46.47,6876.81,0.779,cotton
118.29,49.59,66.49,31.87,100.0,6.32,1312.05,0.766,0.716,30.41,128.36,500.0,0.747,sugarcane
29.02,52.39,41.99,28.82,69.21,6.32,489.54,0.553,0.332,30.64,24.1,5591.0,0.852,groundnut
123.14,50.14,58.41,24.76,56.62,6.88,1853.38,0.766,0.75,27.27,223.21,500.0,0.825,sugarcane
98.99,52.44,37.02,24.19,88.99,6.31,1042.02,0.718,0.564,24.41,127.15,2140.8,0.921,rice
101.33,37.56,60.62,33.13,75.02,6.1,816.69,0.616,0.516,31.36,68.48,5886.07,0.611,cotton
87.22,25.74,36.0,22.43,60.28,6.35,763.9,0.562,0.477,22.28,47.75,2139.4,0.811,wheat
85.38,68.02,27.83,17.82,58.82,6.09,545.48,0.427,0.383,18.56,22.92,2577.0,0.697,tomato
93.89,14.84,37.77,24.13,84.14,7.23,919.65,0.724,0.557,24.51,87.89,2145.92,0.743,maize
101.32,32.7,45.19,20.85,74.33,6.23,1128.85,0.733,0.67,17.77,111.19,500.0,0.593,sugarcane
19.71,68.52,31.87,25.04,74.71,6.63,351.03,0.597,0.35,24.05,31.83,5296.73,0.809,groundnut
135.53,51.24,53.17,30.68,82.42,5.41,1685.06,0.697,0.75,33.44,175.43,500.0,0.742,sugarcane
95.74,68.99,35.1,29.29,70.99,6.58,808.5,0.715,0.532,29.55,177.07,5204.34,0.915,soybean
51.8,35.2,49.98,23.42,60.22,6.39,929.65,0.659,0.543,22.56,85.15,2424.19,0.826,maize
40.56,54.69,41.1,27.75,65.73,6.51,610.36,0.594,0.373,27.75,71.72,6162.05,0.743,groundnut
122.82,64.86,57.53,25.2,71.07,6.85,2154.54,0.762,0.75,22.53,201.42,500.0,0.866,sugarcane
43.66,52.97,55.4,28.16,60.17,6.87,600.58,0.572,0.544,27.29,7.01,5862.96,0.781,groundnut
104.02,58.95,17.93,20.6,60.19,6.64,410.82,0.726,0.262,16.1,52.13,2265.72,0.862,wheat
115.07,31.34,48.75,24.74,37.02,6.73,707.96,0.697,0.453,23.87,45.81,2780.89,0.82,wheat
63.39,30.36,39.95,23.01,53.4,5.38,504.37,0.509,0.438,22.34,43.69,2326.32,0.892,tomato
100.74,55.34,36.7,27.03,59.15,7.02,462.88,0.57,0.373,28.06,61.82,7690.64,0.688,chickpea
98.87,37.4,38.6,29.47,76.05,6.21,899.64,0.649,0.571,30.95,107.5,7679.29,0.681,cotton
115.71,30.46,80.78,27.35,96.5,6.6,1418.73,0.769,0.75,28.15,130.36,500.0,0.954,sugarcane
63.73,68.43,44.55,22.11,46.8,7.37,464.37,0.575,0.432,26.31,13.5,6968.1,0.599,chickpea
64.05,66.77,8.54,25.72,73.56,6.44,784.97,0.662,0.576,26.93,121.5,4459.62,0.957,soybean
44.81,31.5,39.09,23.13,60.75,6.05,869.04,0.407,0.617,25.13,94.28,4696.26,0.898,soybean
111.58,50.28,33.27,30.12,54.75,6.15,649.08,0.642,0.422,31.96,49.67,4862.08,0.743,cotton
93.26,47.63,36.42,22.71,65.73,6.82,587.88,0.641,0.413,24.42,2.6,2342.63,0.837,wheat
86.12,47.78,37.09,18.42,55.41,6.66,758.47,0.637,0.478,18.89,52.48,2550.01,0.826,wheat
88.84,53.86,45.35,21.22,81.94,6.22,688.98,0.594,0.466,23.81,75.77,7331.07,0.622,cotton
107.6,35.8,45.68,34.43,54.64,5.4,665.77,0.635,0.496,36.6,82.4,6539.27,0.638,cotton
52.7,58.38,40.53,31.8,65.66,6.63,355.32,0.491,0.32,31.44,11.27,5471.48,0.866,groundnut
34.96,36.86,57.29,36.82,50.66,6.1,570.13,0.263,0.508,36.18,43.02,6400.02,0.768,groundnut
119.45,71.14,68.46,26.59,73.25,6.51,1094.86,0.856,0.615,24.78,72.36,500.0,0.77,sugarcane
77.7,37.66,31.15,15.04,46.07,7.17,756.84,0.48,0.531,13.73,63.69,2268.71,0.625,wheat
98.31,32.49,20.37,32.04,59.5,5.79,774.19,0.529,0.538,33.81,113.11,6831.04,0.709,cotton
116.91,49.04,35.97,31.33,84.6,5.97,859.21,0.718,0.713,30.27,141.18,2277.0,0.875,rice
110.86,62.29,55.03,15.46,52.77,5.32,613.63,0.591,0.523,13.05,41.53,2240.83,0.571,potato
48.92,35.44,50.36,27.1,63.29,6.23,714.98,0.57,0.457,24.32,111.35,4522.51,0.807,soybean
96.49,46.49,24.24,25.26,63.16,6.77,742.32,0.706,0.487,25.61,39.95,6614.58,0.542,cotton
124.11,51.85,22.56,16.14,55.68,6.79,746.5,0.59,0.399,23.05,75.82,3439.87,0.767,wheat
87.6,6.85,37.36,33.3,45.43,6.61,545.24,0.486,0.505,33.55,72.62,6881.91,0.598,cotton
90.96,43.18,43.43,14.2,68.3,6.92,529.0,0.531,0.504,14.78,27.28,1941.18,1.0,wheat
60.8,38.08,38.32,15.55,49.41,6.58,906.97,0.515,0.516,15.19,91.01,2255.62,0.776,wheat
43.02,53.39,24.75,26.44,75.89,5.35,1085.74,0.521,0.676,24.53,114.39,3390.97,0.902,soybean
119.19,45.41,55.81,26.78,85.03,6.78,1175.13,0.749,0.667,29.07,116.56,2652.3,0.87,rice
109.45,66.17,42.06,32.88,73.07,6.99,1112.89,0.587,0.6,36.25,101.33,500.0,0.693,sugarcane
59.71,71.87,58.16,27.63,58.13,5.62,614.33,0.589,0.429,29.64,9.31,4707.29,0.713,soybean
110.98,87.67,39.98,34.35,74.68,6.26,1027.87,0.591,0.566,33.76,36.13,500.0,0.646,sugarcane
100.13,40.18,42.44,31.37,53.26,6.89,520.22,0.594,0.31,33.13,112.46,6266.87,0.762,cotton
113.43,42.79,59.75,28.22,66.91,6.42,1379.65,0.651,0.711,26.73,70.96,500.0,0.86,sugarcane
27.42,55.82,38.64,20.62,39.83,7.23,561.03,0.511,0.436,19.71,80.2,6849.19,0.786,chickpea
105.0,44.81,45.29,25.4,76.61,6.86,789.69,0.771,0.535,24.48,68.37,2203.74,0.943,rice
83.32,26.64,61.64,21.58,56.56,6.9,694.04,0.529,0.432,20.72,31.93,1837.61,0.775,maize
153.36,71.0,64.18,27.34,62.95,7.47,1343.87,0.755,0.659,26.62,169.96,500.0,0.725,sugarcane
127.61,52.24,29.79,36.94,80.65,6.84,1208.28,0.613,0.736,39.38,157.84,2487.83,0.818,rice
106.16,51.06,45.73,33.33,72.12,6.29,1217.89,0.628,0.75,32.29,196.99,500.0,0.772,sugarcane
125.41,45.12,44.92,28.75,68.1,6.49,513.89,0.706,0.482,29.94,53.46,7593.56,0.728,cotton
50.74,67.62,29.14,16.58,80.0,6.16,747.4,0.542,0.558,18.08,106.26,3542.8,0.649,soybean
104.02,51.09,41.84,21.08,60.05,7.31,642.45,0.661,0.45,21.11,68.26,2620.69,0.73,wheat
107.17,40.25,26.85,23.4,60.06,6.22,962.49,0.605,0.532,23.98,74.27,3963.58,0.943,cotton
92.51,54.56,25.71,17.81,70.61,6.74,1082.84,0.567,0.618,17.33,131.76,2011.14,0.815,maize
151.0,45.96,32.04,21.59,75.98,7.08,1319.57,0.659,0.662,22.33,135.83,500.0,0.956,sugarcane
83.37,37.87,39.24,17.47,58.69,5.56,583.94,0.531,0.464,16.5,112.46,1521.16,0.677,potato
76.8,65.72,38.5,30.37,80.13,5.78,716.23,0.53,0.568,28.48,89.23,2836.37,0.755,tomato
49.92,45.57,39.51,27.43,42.69,7.5,577.74,0.554,0.409,26.89,61.67,8779.96,0.636,chickpea
89.31,30.98,35.83,25.16,85.82,6.59,816.07,0.623,0.479,23.77,120.87,2318.57,0.867,rice
120.03,53.39,43.57,23.42,92.2,6.84,1418.32,0.718,0.75,22.44,121.83,500.0,0.805,sugarcane
107.59,32.65,34.87,17.63,72.58,5.83,729.82,0.634,0.517,22.18,87.2,1683.38,0.916,potato
65.35,39.41,28.75,19.21,68.43,6.36,620.2,0.468,0.394,16.74,0.0,1968.51,0.825,wheat
86.81,61.13,37.87,23.2,72.0,6.69,819.65,0.562,0.595,20.06,36.13,2141.47,0.779,maize
105.15,40.85,39.45,23.33,58.99,6.11,885.61,0.618,0.604,22.22,9.46,2274.05,0.55,maize
60.69,69.57,42.6,31.18,58.87,6.28,566.44,0.503,0.527,33.4,26.13,6086.47,0.775,groundnut
129.23,56.52,59.05,25.68,95.97,6.47,1584.05,0.784,0.75,23.1,166.84,500.0,0.767,sugarcane
69.59,49.22,36.85,24.15,67.68,5.54,621.02,0.634,0.413,24.46,115.44,6345.65,0.703,groundnut
47.51,23.63,29.41,24.81,67.1,7.25,1004.96,0.504,0.507,24.86,76.93,3941.74,0.792,soybean
81.51,37.0,37.76,22.01,70.0,6.4,711.75,0.599,0.576,25.05,8.68,1808.58,0.675,potato
59.91,11.16,42.39,29.79,62.44,6.92,788.29,0.406,0.471,33.77,62.02,8456.16,0.514,cotton
40.24,31.91,75.61,26.6,61.19,6.7,547.23,0.526,0.376,27.11,102.62,1870.33,0.604,tomato
102.55,47.82,28.36,15.05,72.98,5.81,508.85,0.638,0.377,14.33,33.19,1966.06,0.735,potato
106.14,43.92,5.0,29.82,41.9,6.44,948.27,0.652,0.623,31.85,159.81,2070.71,0.779,maize
57.82,13.55,34.03,24.49,68.93,6.26,1029.92,0.562,0.562,23.27,194.06,2043.35,0.935,maize
103.89,39.8,41.38,30.78,84.87,5.95,868.79,0.596,0.601,30.14,140.74,2488.34,0.861,tomato
148.66,75.13,51.7,16.38,69.33,5.83,849.73,0.504,0.535,18.8,98.46,1867.71,0.797,wheat
96.1,32.39,49.28,29.58,66.94,6.36,681.79,0.653,0.377,29.91,93.1,6272.6,0.622,cotton
100.2,62.77,40.15,27.81,70.73,7.21,1348.58,0.473,0.672,27.94,111.77,500.0,0.698,sugarcane
15.08,73.55,49.16,19.78,57.99,6.04,472.59,0.466,0.356,21.3,71.92,6105.74,0.758,groundnut
39.06,35.83,33.65,25.09,78.76,6.36,637.12,0.628,0.37,24.29,21.01,7302.67,0.578,groundnut
76.07,12.7,40.38,24.75,70.33,6.09,502.92,0.657,0.382,26.56,10.28,2171.52,0.731,tomato
59.99,24.88,52.9,28.46,65.06,6.27,625.53,0.61,0.613,31.57,109.62,2790.94,0.862,tomato
75.25,62.15,31.36,24.68,72.27,6.58,691.86,0.659,0.528,22.43,113.41,2550.95,0.748,maize
98.45,59.94,36.92,18.2,71.31,6.24,1345.58,0.555,0.705,17.17,155.77,2631.82,0.774,rice
64.22,65.08,49.47,23.54,53.91,5.82,625.82,0.556,0.448,24.83,89.86,2402.85,0.91,maize
63.15,33.13,33.94,14.85,49.49,6.43,468.74,0.424,0.425,10.84,82.39,2211.2,0.813,wheat
115.45,39.21,37.6,32.52,92.34,6.85,1547.48,0.682,0.75,34.72,164.95,500.0,0.73,sugarcane
107.72,36.51,38.17,28.9,47.67,6.01,594.86,0.586,0.415,25.42,74.77,7713.44,0.546,cotton
81.33,43.21,33.53,22.17,58.25,5.69,662.2,0.601,0.387,24.45,115.66,1882.13,0.911,maize
72.48,19.47,41.14,18.35,68.81,7.1,602.62,0.465,0.508,18.77,121.16,1614.9,0.761,tomato
94.76,59.74,21.46,30.64,64.58,6.45,1973.27,0.636,0.75,30.31,228.41,2329.91,0.877,rice
25.35,39.75,32.28,27.8,58.71,6.34,752.48,0.397,0.428,28.47,49.45,5560.84,0.887,soybean
54.69,42.32,29.69,23.62,36.93,7.1,441.03,0.477,0.398,27.25,34.76,6005.24,0.717,chickpea
94.23,41.19,22.05,25.43,75.55,6.47,777.36,0.651,0.548,28.69,37.13,9295.87,0.595,cotton
70.46,37.85,47.77,22.9,66.76,6.89,455.67,0.518,0.449,20.46,0.0,2534.71,0.936,tomato
40.14,30.52,44.24,23.91,66.56,6.46,770.74,0.609,0.491,25.05,120.21,3784.7,0.712,soybean
97.68,51.38,54.53,32.78,65.69,6.18,950.53,0.626,0.589,35.18,113.77,1899.97,0.858,rice
20.94,44.64,53.42,23.47,42.71,7.06,513.31,0.537,0.333,19.61,3.68,6712.12,0.738,chickpea
132.26,47.09,22.36,22.09,66.79,5.92,1665.52,0.78,0.75,23.67,191.08,2542.81,0.746,rice
91.66,50.74,30.58,30.28,71.4,6.34,778.41,0.666,0.499,26.72,80.38,2474.85,0.979,maize
49.91,71.45,20.78,21.31,71.31,6.44,563.96,0.504,0.483,22.77,84.68,5585.03,0.817,chickpea
96.79,46.67,48.7,26.88,93.3,6.14,1212.76,0.563,0.75,24.96,38.33,2140.97,0.816,rice
107.37,51.77,37.16,36.32,75.49,7.11,1752.17,0.545,0.75,36.72,150.71,500.0,0.784,sugarcane
118.73,50.66,54.33,26.04,71.86,6.4,1551.03,0.678,0.75,26.93,156.18,2317.98,0.919,rice
45.93,56.34,42.67,22.32,83.88,6.96,701.44,0.531,0.562,21.82,91.12,2114.44,0.966,tomato
106.11,29.56,56.88,22.22,64.74,6.32,443.44,0.618,0.383,26.07,0.0,6650.41,0.715,cotton
100.88,38.27,55.33,21.24,69.41,6.15,745.97,0.608,0.55,22.94,72.34,1671.61,0.86,maize
36.54,48.79,41.56,21.96,51.85,7.48,566.37,0.499,0.356,21.59,48.96,6777.48,0.783,chickpea
108.33,47.31,46.82,24.39,100.0,6.92,1219.18,0.778,0.75,24.01,151.34,500.0,0.751,sugarcane
79.34,35.63,49.73,24.46,76.76,6.2,643.49,0.75,0.456,27.16,96.03,2365.43,0.792,tomato
49.58,31.98,53.27,24.88,49.81,5.75,631.6,0.586,0.525,22.35,42.92,5719.77,0.685,groundnut
73.63,52.99,32.93,24.05,54.64,6.11,501.34,0.634,0.439,26.18,45.13,7714.45,0.611,chickpea
5.0,36.24,73.6,26.78,61.76,6.57,605.29,0.623,0.544,24.92,131.18,5190.88,0.792,groundnut
84.31,46.72,40.53,24.02,75.82,5.51,838.26,0.621,0.654,21.42,78.75,1922.9,0.765,potato
105.52,40.19,51.86,22.45,78.66,6.84,886.2,0.646,0.591,22.62,69.12,2136.4,0.772,maize
120.72,37.91,60.71,19.78,64.24,6.92,762.68,0.691,0.584,21.67,62.37,8004.38,0.766,cotton
90.12,50.56,31.57,25.21,49.78,6.85,727.78,0.646,0.507,25.7,95.03,2530.75,0.796,maize
61.43,43.88,67.33,20.21,71.27,6.39,590.83,0.425,0.368,15.77,112.99,2402.67,0.886,tomato
71.27,32.49,46.74,28.83,47.54,6.79,637.37,0.599,0.475,30.3,65.9,2297.53,0.839,tomato
113.86,35.82,32.5,31.51,82.41,5.72,713.56,0.585,0.531,30.25,46.52,2005.58,0.843,rice
52.54,60.09,32.59,29.79,41.75,5.41,500.54,0.515,0.301,28.57,9.93,5879.99,0.983,groundnut
106.78,26.11,41.68,28.59,67.86,6.7,577.15,0.635,0.421,30.64,75.01,2424.81,0.758,maize
102.06,53.12,7.72,20.25,61.04,6.21,669.21,0.576,0.559,20.04,42.59,2087.03,0.874,maize
108.39,35.47,67.31,15.69,58.59,5.36,548.38,0.448,0.432,15.17,56.29,1666.08,0.571,potato
82.57,51.07,38.79,24.8,70.51,6.28,321.02,0.693,0.354,25.62,0.0,2336.51,0.94,tomato
73.62,51.03,26.79,22.18,46.85,6.01,726.49,0.528,0.43,22.35,91.44,2274.03,0.883,maize
83.21,49.98,44.63,36.42,68.72,6.35,694.75,0.437,0.514,35.82,94.82,5595.1,0.717,cotton
109.07,43.36,65.79,34.33,70.49,5.18,1222.72,0.599,0.641,32.71,177.66,2115.01,0.916,rice
157.1,48.98,45.14,32.83,76.25,7.03,1304.7,0.635,0.661,33.18,96.22,500.0,0.866,sugarcane
47.21,63.12,42.56,14.38,78.56,5.82,723.84,0.44,0.54,14.08,73.47,1647.91,0.612,potato
73.69,38.11,15.42,19.84,53.49,6.5,672.64,0.51,0.539,19.88,40.32,1898.71,0.785,wheat
120.89,63.67,45.62,37.55,76.8,6.66,1224.22,0.622,0.737,36.56,142.6,500.0,0.818,sugarcane
90.8,53.75,16.73,28.27,73.82,6.43,998.34,0.596,0.531,29.2,43.45,1712.0,0.72,maize
94.24,40.61,16.38,26.65,67.83,6.47,863.88,0.631,0.547,25.74,130.14,2013.34,0.758,maize
92.92,37.48,46.86,28.35,57.01,5.96,776.1,0.563,0.519,31.22,90.49,2423.55,0.688,maize
119.7,51.16,50.63,35.79,63.19,6.58,728.49,0.534,0.444,39.69,61.41,500.0,0.865,sugarcane
53.2,47.93,34.4,17.54,35.16,6.82,534.51,0.46,0.441,16.49,25.01,6272.0,0.724,chickpea
112.47,35.2,35.17,20.31,48.16,7.38,616.04,0.695,0.44,20.5,25.45,2767.56,0.762,wheat
41.21,31.24,25.85,31.74,54.53,7.03,540.53,0.367,0.466,30.56,78.51,5821.93,0.606,groundnut
46.7,49.02,29.81,18.83,44.81,7.3,519.93,0.41,0.354,17.41,49.75,4858.93,0.612,chickpea
35.92,51.03,31.1,30.51,81.26,6.64,790.18,0.514,0.667,34.44,71.86,4656.8,0.823,soybean
141.15,35.07,49.55,26.41,55.55,6.88,776.73,0.706,0.631,25.6,71.99,4920.97,0.744,cotton
77.58,33.91,31.24,17.11,79.5,5.7,690.11,0.643,0.569,17.41,61.64,2149.38,1.0,tomato
85.96,24.24,32.65,17.32,35.2,6.45,639.77,0.486,0.388,14.76,70.83,3072.94,0.908,wheat
66.08,78.4,36.68,25.39,47.46,7.16,425.93,0.681,0.454,22.98,38.92,5972.41,0.668,chickpea
47.73,59.95,11.31,20.92,74.79,6.28,784.24,0.469,0.629,23.3,71.4,4508.62,0.893,soybean
34.74,53.52,34.91,18.27,59.12,7.41,652.28,0.488,0.486,18.27,0.0,4885.14,0.754,groundnut
130.56,48.3,30.85,30.86,87.93,5.81,1396.33,0.737,0.747,30.27,158.33,1701.59,0.741,rice
104.57,28.48,19.59,23.96,66.23,5.91,748.14,0.728,0.596,22.58,101.91,2433.95,0.546,tomato
32.38,50.6,30.32,29.88,59.4,6.62,506.52,0.502,0.436,30.15,92.29,6836.98,0.694,chickpea
71.68,45.32,25.56,13.57,46.66,7.46,831.06,0.425,0.647,16.41,58.84,2305.41,0.754,wheat
32.03,51.34,33.39,24.09,65.04,6.18,650.02,0.556,0.418,22.71,149.65,5712.6,0.598,groundnut
104.05,27.0,58.41,25.38,60.07,7.01,850.92,0.675,0.5,28.47,81.84,7584.44,0.832,cotton
23.07,50.76,50.12,23.32,61.77,6.73,510.84,0.622,0.45,20.16,54.41,5122.13,0.658,groundnut
36.55,58.59,32.7,25.3,62.81,5.98,644.44,0.526,0.519,24.83,55.5,4462.43,0.985,soybean
121.38,35.84,38.49,22.77,64.28,6.96,844.79,0.822,0.591,23.03,81.18,2204.51,0.697,maize
54.11,45.76,40.93,23.65,47.84,7.59,452.75,0.538,0.446,23.18,39.39,6416.8,0.722,chickpea
72.35,43.07,23.57,18.83,58.47,7.54,868.17,0.583,0.578,19.23,51.26,2118.23,0.876,wheat
73.64,56.79,22.36,24.55,63.15,6.34,821.08,0.654,0.483,23.09,82.13,6327.4,0.715,soybean
113.58,55.38,9.05,27.68,72.06,6.43,495.48,0.64,0.373,23.65,49.45,1848.69,1.0,maize
92.63,29.18,43.64,25.26,65.59,6.76,794.77,0.562,0.484,27.99,120.5,1982.47,0.87,maize
105.14,24.63,32.35,23.4,72.65,5.82,706.06,0.632,0.495,19.42,42.46,2298.36,0.697,maize
83.93,36.91,23.91,24.09,57.05,6.21,718.37,0.657,0.434,26.61,77.79,1898.3,0.868,tomato
68.77,46.82,26.55,25.72,55.95,5.25,530.54,0.647,0.552,23.17,55.41,2525.19,0.861,tomato
98.05,56.89,56.65,24.07,60.93,6.79,767.01,0.618,0.483,24.7,60.96,1981.88,0.717,maize
67.78,29.04,26.96,21.49,51.73,6.77,899.57,0.48,0.49,23.18,44.13,1798.96,0.799,maize
89.85,41.12,35.17,26.58,59.13,6.4,980.2,0.587,0.466,27.92,185.62,2097.68,0.84,maize
125.87,32.24,47.21,24.08,77.54,5.99,726.07,0.819,0.493,23.55,41.26,5531.72,0.625,cotton
118.43,28.27,39.7,18.44,50.89,6.84,565.87,0.605,0.523,15.86,68.42,3227.0,0.785,wheat
33.88,52.46,36.85,27.49,50.91,6.52,232.16,0.527,0.375,27.68,83.68,5570.54,0.86,groundnut
107.36,29.79,42.46,22.45,54.36,5.62,694.53,0.672,0.474,20.68,26.12,2032.4,0.76,tomato
137.48,48.62,30.36,15.18,78.9,5.63,623.39,0.609,0.557,16.73,56.82,2197.11,0.76,maize
92.84,44.68,33.96,21.83,59.92,6.17,1031.79,0.629,0.57,21.5,162.68,2448.23,0.827,tomato
68.28,41.92,63.7,23.48,76.25,6.03,683.16,0.612,0.539,22.01,28.69,2224.58,0.829,tomato
51.41,20.68,38.31,22.85,71.46,6.05,757.29,0.423,0.524,21.36,120.83,2440.58,0.906,tomato
117.51,40.31,47.49,24.6,69.19,7.09,2051.07,0.748,0.75,25.49,246.99,500.0,0.787,sugarcane
56.36,49.69,25.7,25.95,39.47,7.24,387.55,0.53,0.368,23.41,80.21,6755.08,0.616,chickpea
95.42,40.49,45.4,24.45,51.03,5.38,608.31,0.635,0.365,24.54,0.0,2388.1,0.818,potato
109.89,39.22,33.29,36.39,65.65,6.59,753.23,0.582,0.647,38.5,122.16,2168.29,0.944,rice
45.11,52.73,32.44,21.58,64.25,7.22,367.69,0.551,0.408,22.63,79.55,6587.15,0.78,chickpea
53.06,67.58,19.8,15.9,58.45,6.68,523.9,0.57,0.347,12.78,80.48,7779.62,0.871,chickpea
119.03,35.56,5.06,14.28,63.54,6.26,743.53,0.6,0.467,16.18,121.49,1871.14,0.869,wheat
30.82,60.88,27.06,20.09,48.86,7.27,424.34,0.412,0.373,18.56,96.47,6246.55,0.633,chickpea
72.58,57.54,34.0,19.63,60.27,5.81,704.12,0.599,0.424,20.23,49.32,2164.35,0.931,tomato
43.52,56.57,8.21,18.76,65.43,6.4,614.99,0.416,0.387,16.86,101.02,5967.53,0.735,chickpea
59.49,43.1,9.63,24.36,53.99,6.71,277.4,0.618,0.395,24.39,47.67,5183.64,0.832,groundnut
166.66,35.18,56.17,28.89,73.63,7.2,960.92,0.631,0.497,27.47,138.85,500.0,0.804,sugarcane
103.79,70.54,31.75,11.88,53.21,5.56,622.01,0.413,0.433,11.39,19.38,2172.42,0.761,potato
120.25,50.71,19.67,21.96,67.06,6.43,840.35,0.697,0.513,21.63,85.14,2161.54,0.813,maize
91.66,54.95,16.6,24.13,53.73,6.37,867.62,0.704,0.559,23.46,60.39,1362.11,0.827,maize
120.93,36.71,29.87,23.55,82.0,5.47,775.88,0.692,0.545,23.64,57.69,2074.73,0.818,maize
57.28,30.49,39.92,18.54,60.26,6.35,498.67,0.421,0.383,20.0,42.97,2046.69,0.814,tomato
14.82,41.95,35.75,27.74,24.45,6.29,462.59,0.408,0.365,28.03,53.42,5947.42,0.9,groundnut
8.16,62.71,42.33,29.42,46.43,6.95,575.04,0.427,0.426,27.68,29.98,4708.46,0.779,groundnut
31.23,65.51,37.32,17.55,58.01,5.94,722.62,0.43,0.499,17.41,119.85,5105.67,0.836,soybean
105.89,32.21,31.64,27.45,45.54,5.82,691.61,0.668,0.494,28.79,131.14,1781.47,0.66,wheat
68.85,53.0,47.27,29.84,38.81,6.04,558.8,0.613,0.337,31.58,41.56,6374.77,0.734,groundnut
58.32,20.79,42.23,25.94,64.82,6.09,947.1,0.68,0.469,24.35,89.64,5482.93,0.793,soybean
56.01,33.88,39.46,17.39,63.57,6.04,630.78,0.486,0.534,21.99,82.24,1919.95,0.738,potato
70.86,34.52,19.86,20.54,65.61,6.55,969.21,0.467,0.579,18.32,89.74,2835.26,0.849,maize
92.11,70.6,35.48,21.12,84.77,7.07,1395.58,0.746,0.75,22.53,121.43,2294.18,0.847,rice
55.87,39.95,47.99,19.86,47.38,6.88,460.23,0.465,0.436,18.65,31.49,5520.54,0.803,chickpea
70.14,35.05,36.96,21.13,80.59,5.77,811.12,0.619,0.575,19.97,49.77,1921.46,0.873,maize
58.52,66.38,41.84,33.04,57.17,6.77,733.38,0.498,0.515,35.09,60.52,5091.69,0.893,groundnut
53.22,52.7,28.0,23.66,66.84,6.41,874.0,0.597,0.454,22.5,143.06,4350.44,0.768,soybean
97.1,30.51,24.89,25.28,63.48,4.93,673.46,0.728,0.487,23.41,47.78,2029.68,1.0,maize
29.15,60.07,22.8,17.22,44.43,6.58,353.6,0.44,0.355,14.47,49.0,6680.12,0.599,chickpea
54.05,68.85,16.69,21.32,40.81,7.27,419.57,0.582,0.291,20.37,112.08,6301.48,0.808,chickpea
47.15,53.86,28.79,34.12,59.13,5.92,414.12,0.513,0.351,34.88,1.11,5861.07,0.696,groundnut
64.95,49.92,44.64,21.92,67.92,5.83,687.66,0.724,0.525,21.56,66.78,1739.88,0.629,tomato
110.68,37.6,42.35,32.17,66.94,5.8,1611.52,0.747,0.75,35.6,176.24,2243.69,1.0,rice
138.98,60.18,40.0,35.34,65.93,6.43,1885.12,0.701,0.75,32.76,191.9,500.0,1.0,sugarcane
96.01,37.82,41.83,29.62,50.47,5.91,689.83,0.556,0.536,27.8,37.57,1384.16,0.921,tomato
18.49,81.42,45.99,18.64,67.04,6.38,654.91,0.487,0.442,20.48,42.29,5097.63,0.727,groundnut
67.3,36.99,43.03,18.09,84.87,5.99,754.75,0.577,0.583,17.51,74.43,2231.39,0.876,tomato
72.59,41.33,38.69,21.38,67.11,6.42,745.21,0.602,0.552,22.79,38.14,4314.25,0.882,soybean
49.32,48.46,58.49,33.51,68.56,7.36,659.1,0.405,0.448,37.81,32.32,5796.87,0.561,groundnut
106.01,32.45,50.48,36.11,77.93,6.49,1585.5,0.539,0.75,33.87,159.81,500.0,0.802,sugarcane
75.2,63.32,35.29,23.92,64.12,6.73,798.4,0.646,0.602,23.1,46.57,5535.91,0.813,soybean
90.96,60.19,54.53,19.4,42.25,6.06,627.0,0.546,0.524,24.79,29.51,2170.64,0.84,maize
32.07,53.14,48.68,32.32,58.2,6.7,456.31,0.367,0.363,30.96,79.76,5736.08,0.699,groundnut
106.65,34.74,55.06,18.89,72.98,5.45,584.11,0.645,0.555,16.01,36.09,1654.69,0.751,potato
89.9,27.3,55.58,27.73,79.87,6.95,636.69,0.534,0.46,29.65,60.82,1736.43,0.642,tomato
95.33,34.31,31.57,13.52,60.84,6.23,647.14,0.52,0.419,11.4,67.31,1786.89,0.779,potato
63.97,55.28,38.75,14.8,76.46,5.75,535.38,0.491,0.584,17.11,94.23,1917.6,0.747,potato
81.25,26.22,21.29,29.38,58.43,6.35,873.63,0.542,0.576,30.95,67.67,7008.89,0.918,cotton
104.86,51.38,38.72,21.38,83.02,5.87,1290.01,0.645,0.655,22.07,105.95,1893.04,0.806,rice
71.66,37.28,45.09,13.53,80.58,6.32,833.08,0.647,0.481,13.21,128.54,2142.76,0.816,potato
54.86,40.42,35.01,20.51,56.28,6.04,726.06,0.563,0.572,19.78,93.18,4670.96,0.886,soybean
110.97,36.11,76.88,31.23,70.5,5.91,964.87,0.619,0.672,32.14,154.49,2722.29,0.987,rice
102.82,66.59,62.85,32.15,82.91,7.02,1642.3,0.619,0.75,32.07,183.8,500.0,0.674,sugarcane
39.79,75.5,37.69,23.69,62.77,4.91,327.7,0.452,0.351,24.48,76.86,6210.4,0.724,groundnut
63.74,72.95,50.37,26.11,50.73,6.5,785.47,0.587,0.533,28.36,49.9,4199.53,0.776,soybean
59.14,62.65,37.27,23.76,55.55,6.0,863.12,0.593,0.633,22.4,112.96,5078.21,0.781,soybean
95.96,28.23,54.08,23.69,87.17,6.08,1267.41,0.719,0.731,25.18,101.95,2542.17,0.747,rice
137.32,66.02,58.05,25.09,92.49,6.62,1758.6,0.83,0.75,25.96,141.83,500.0,0.698,sugarcane
117.39,64.26,36.57,13.19,63.6,5.74,625.74,0.58,0.562,12.98,124.94,2076.71,0.722,potato
36.75,52.54,48.54,22.44,68.55,6.71,578.84,0.574,0.514,21.25,81.03,7317.59,0.824,groundnut
82.53,51.19,41.23,17.45,79.17,5.34,574.07,0.656,0.463,19.2,38.68,1525.96,0.91,potato
5.0,45.39,41.94,23.74,54.71,5.89,526.53,0.506,0.422,22.52,26.4,5467.61,0.718,groundnut
54.11,30.14,26.75,30.77,51.14,7.74,451.18,0.492,0.329,31.16,27.89,7243.86,0.817,chickpea
52.33,41.57,43.9,20.03,79.92,5.79,590.49,0.617,0.498,18.12,59.32,1947.77,0.686,tomato
105.07,45.17,28.55,25.37,84.86,6.25,1410.71,0.837,0.693,28.61,144.72,1903.4,0.717,rice
64.83,52.49,41.2,19.52,53.56,6.5,360.38,0.585,0.357,20.71,67.78,2777.87,0.795,wheat
65.52,55.13,32.27,19.54,67.35,6.03,679.91,0.589,0.498,17.52,75.07,1716.43,0.889,potato
74.53,24.84,34.18,26.92,54.65,6.52,549.49,0.592,0.459,27.02,60.81,2773.2,0.752,wheat
100.92,66.5,33.48,28.88,67.28,6.93,1398.0,0.664,0.731,25.2,198.0,2481.72,0.818,rice
107.99,52.81,18.33,21.93,68.73,6.97,659.17,0.665,0.404,24.85,104.9,5269.51,0.831,soybean
55.74,51.55,33.66,11.74,69.08,6.08,692.76,0.456,0.514,9.9,96.14,1520.38,0.841,potato
53.37,43.64,20.3,24.36,76.66,6.03,954.37,0.641,0.628,23.39,83.03,1518.27,0.763,maize
59.98,56.66,32.34,21.37,51.69,6.37,564.05,0.503,0.417,19.33,52.04,6137.93,0.597,groundnut
74.66,55.64,42.33,21.1,77.5,5.83,535.69,0.551,0.458,18.95,50.57,1914.62,0.715,tomato
107.34,39.26,60.3,27.79,51.71,5.7,646.28,0.536,0.422,27.21,40.48,7043.86,0.726,cotton
122.47,47.86,29.91,27.88,74.48,6.36,1409.66,0.774,0.75,31.16,172.75,1966.54,1.0,rice
114.44,54.46,45.34,26.12,78.21,5.89,1424.4,0.856,0.712,28.69,144.35,500.0,0.668,sugarcane
81.86,42.31,40.34,20.1,81.34,5.48,827.63,0.664,0.532,21.8,108.74,1993.71,0.779,tomato
101.37,49.42,42.1,24.55,66.44,5.54,903.02,0.727,0.583,25.31,116.92,2245.32,0.829,maize
90.38,22.89,43.25,17.48,60.81,6.3,832.7,0.441,0.533,20.63,106.91,8029.71,0.784,cotton
43.61,50.74,64.13,22.41,63.33,5.94,529.66,0.672,0.457,23.9,55.45,8145.08,0.665,groundnut
47.04,65.21,48.73,27.44,57.59,6.64,581.27,0.621,0.418,29.69,71.9,6306.97,0.736,groundnut
87.4,16.84,43.84,20.74,71.31,6.18,908.33,0.714,0.524,18.26,98.78,2082.49,1.0,rice
121.21,61.96,32.73,28.26,82.56,5.73,856.35,0.618,0.638,27.33,63.58,2305.09,0.98,rice
113.2,19.27,43.32,33.19,75.17,6.99,462.99,0.624,0.382,33.05,79.71,7690.78,0.878,cotton
100.22,40.34,36.2,26.84,79.15,6.97,835.83,0.679,0.571,26.87,100.45,5703.65,0.67,cotton
98.77,56.85,16.32,21.98,48.94,5.89,725.34,0.665,0.477,26.12,45.53,2711.97,0.813,wheat
76.66,41.79,57.27,22.12,87.15,6.87,683.68,0.503,0.541,22.46,54.11,2350.76,0.773,wheat
100.57,41.07,40.36,20.46,71.51,5.71,878.11,0.625,0.547,20.98,17.61,2600.47,0.888,tomato
100.9,56.64,53.35,21.1,79.43,6.6,1613.32,0.738,0.75,21.08,148.87,500.0,0.666,sugarcane
116.66,46.2,50.61,23.8,99.88,5.68,1021.58,0.684,0.75,27.06,73.63,2047.95,0.84,rice
102.92,24.49,20.41,22.16,55.24,6.28,1048.96,0.576,0.593,22.15,93.19,1602.8,0.756,maize
103.71,27.0,45.58,27.22,72.65,6.03,712.67,0.709,0.562,26.02,136.43,5239.38,0.602,cotton
77.51,40.78,54.76,20.62,52.56,6.08,743.31,0.666,0.425,22.93,157.19,2075.34,0.681,tomato
64.03,40.88,48.24,22.54,78.62,6.08,672.46,0.563,0.541,22.93,67.77,2184.71,0.856,tomato
41.24,50.35,42.33,21.8,67.68,7.31,530.61,0.548,0.531,20.68,12.84,6408.59,0.674,chickpea
73.75,32.2,52.32,23.8,61.7,6.29,802.7,0.606,0.53,24.84,95.18,2213.4,0.953,tomato
98.24,23.24,50.93,37.27,82.92,6.66,1496.12,0.533,0.723,38.83,204.87,2396.43,0.834,rice
121.55,66.48,43.85,34.36,73.53,6.13,1167.34,0.539,0.632,34.87,151.95,500.0,0.889,sugarcane
26.68,57.0,45.49,23.82,48.98,6.7,446.32,0.509,0.361,24.55,68.28,4445.76,0.687,groundnut
72.51,55.37,37.14,19.85,88.94,5.27,916.59,0.594,0.601,20.73,88.41,2175.86,0.723,tomato
89.34,55.95,45.02,20.66,84.04,5.66,618.3,0.565,0.449,20.85,100.47,1730.8,0.706,potato
60.35,45.42,41.69,14.74,80.59,6.1,627.23,0.524,0.404,11.24,105.36,2443.09,0.735,potato
12.72,58.58,29.38,21.02,38.6,7.6,475.97,0.511,0.369,23.4,0.0,6505.67,0.82,chickpea
117.65,53.23,31.82,34.21,68.8,5.33,1408.63,0.6,0.75,33.31,183.75,2464.1,1.0,rice
128.46,24.52,40.72,28.69,54.21,6.28,599.58,0.646,0.383,28.17,97.21,8661.95,0.875,cotton
106.36,50.33,53.27,30.43,56.27,5.74,581.2,0.596,0.437,32.97,83.69,9330.71,0.65,cotton
135.54,50.13,67.05,27.5,89.39,7.01,1821.46,0.716,0.75,24.05,177.7,500.0,0.686,sugarcane
81.51,59.46,38.6,29.31,73.35,5.7,816.63,0.667,0.578,29.48,46.65,8460.99,0.753,cotton
150.32,48.72,31.53,22.92,73.38,6.32,1500.53,0.672,0.75,25.48,159.23,2647.44,0.699,rice
79.62,44.56,47.87,24.56,62.08,6.64,1059.78,0.668,0.624,21.24,58.32,1630.71,0.801,maize
95.2,53.41,40.65,17.12,57.92,6.91,401.87,0.686,0.368,15.32,40.89,2069.26,0.604,wheat
69.92,35.75,54.44,23.46,59.39,5.68,713.63,0.567,0.533,23.14,53.2,2242.82,0.743,wheat
106.95,57.66,56.73,21.6,53.12,7.36,1691.56,0.664,0.75,23.84,207.83,500.0,0.77,sugarcane
42.78,52.09,26.19,26.57,88.26,6.55,958.73,0.579,0.566,25.81,114.69,4769.86,0.754,soybean
33.5,80.63,32.59,24.63,51.32,5.92,620.35,0.533,0.408,25.44,81.32,5191.9,0.869,groundnut
60.55,47.96,32.89,25.12,46.7,6.78,536.26,0.674,0.41,28.44,59.43,7354.43,0.896,chickpea
39.06,61.75,37.29,30.44,55.8,6.29,491.68,0.541,0.337,30.9,69.9,6691.93,0.815,groundnut
80.59,28.27,41.99,33.58,57.65,6.16,594.51,0.491,0.415,31.02,20.1,6129.21,0.809,cotton
95.64,22.4,50.01,23.26,62.53,7.23,765.95,0.669,0.444,26.04,115.65,6835.84,0.712,cotton
66.18,45.78,33.34,25.02,56.42,6.45,604.26,0.729,0.596,25.82,36.07,1908.02,0.732,wheat
54.2,36.98,15.05,17.55,72.66,5.92,490.17,0.423,0.412,14.89,22.15,1834.86,0.643,potato
92.71,56.08,33.95,20.38,71.25,6.06,634.7,0.627,0.471,19.78,88.77,1774.23,0.784,potato
85.69,22.15,53.39,25.16,91.59,6.84,517.18,0.801,0.442,23.55,33.94,2104.93,1.0,tomato
94.2,52.25,50.3,24.3,88.07,6.48,1006.05,0.712,0.653,22.18,53.05,2356.36,0.805,rice
108.31,41.36,40.41,25.88,80.49,6.34,1105.84,0.778,0.616,26.66,98.71,1913.23,0.822,rice
90.18,39.38,33.0,17.08,46.56,6.58,798.12,0.603,0.505,16.02,129.45,1952.21,0.951,maize
142.04,29.75,49.0,29.98,72.7,6.35,1597.31,0.684,0.75,32.21,134.89,1834.34,0.867,rice
72.5,40.46,25.03,24.65,56.69,5.02,782.84,0.684,0.508,26.74,100.83,4184.47,0.995,soybean
43.87,55.48,29.49,22.65,48.58,6.82,398.0,0.565,0.296,22.26,12.93,6380.16,0.689,chickpea
128.75,38.83,44.41,29.35,99.28,5.96,1572.31,0.696,0.75,28.65,179.41,3043.62,0.721,rice
36.31,52.64,32.73,23.07,65.22,7.74,360.23,0.493,0.313,20.36,0.0,7894.24,0.785,chickpea
66.88,48.79,44.03,24.31,50.02,6.46,753.36,0.67,0.344,28.49,70.45,2565.7,0.706,tomato
71.86,65.9,62.03,18.78,71.91,6.37,629.44,0.631,0.533,18.62,97.29,1404.48,0.946,tomato
158.98,50.44,45.18,24.61,84.88,6.1,959.75,0.779,0.633,27.68,40.86,1791.19,0.807,rice
112.58,42.2,39.23,18.62,55.8,6.57,700.28,0.658,0.575,19.45,89.9,7155.59,0.867,cotton
108.28,37.48,53.47,33.69,66.76,7.37,808.15,0.589,0.549,28.44,64.88,6849.24,0.794,cotton
70.71,64.1,47.65,27.18,63.07,7.36,981.25,0.61,0.599,26.26,111.89,2286.82,0.89,maize
59.02,36.71,58.55,16.74,71.93,4.72,741.45,0.525,0.442,19.67,79.54,2321.82,0.524,potato
83.68,37.54,39.67,21.09,50.52,6.25,595.27,0.551,0.534,21.94,92.13,5393.75,0.78,soybean
74.77,33.42,26.97,13.14,48.88,6.33,820.28,0.432,0.491,13.56,129.86,2884.67,1.0,wheat
124.62,36.96,50.91,24.72,55.2,6.18,621.94,0.698,0.401,23.3,69.01,5949.74,0.783,cotton
110.61,54.24,78.83,24.19,94.29,6.27,1198.96,0.745,0.717,22.64,115.29,2301.35,0.807,rice
76.38,49.32,69.1,25.68,82.61,5.55,556.56,0.562,0.416,28.71,67.26,2111.76,0.83,tomato
69.17,47.97,23.88,18.74,68.54,5.35,536.74,0.591,0.485,15.42,29.32,2014.97,0.604,potato
66.86,27.55,49.92,22.36,45.12,7.06,551.07,0.596,0.423,19.14,0.0,6277.32,0.76,chickpea
74.74,51.22,42.05,18.96,59.69,7.03,663.67,0.51,0.482,20.9,66.3,2801.98,0.752,wheat
55.0,60.29,25.41,28.76,43.41,6.57,563.6,0.488,0.499,26.79,54.39,4031.97,0.867,soybean
19.67,50.75,34.77,26.37,67.41,6.37,471.35,0.587,0.414,28.99,22.23,5699.52,0.726,groundnut
34.14,45.87,28.69,21.59,64.47,6.1,1183.82,0.575,0.715,21.37,122.08,4490.69,1.0,soybean
5.56,38.98,38.2,30.45,62.64,5.72,533.02,0.562,0.436,29.79,70.51,6464.15,0.714,groundnut
123.29,57.74,56.93,27.27,74.03,6.3,692.99,0.708,0.448,26.71,139.69,500.0,0.709,sugarcane
91.69,64.09,47.35,22.63,84.76,6.51,1216.9,0.635,0.693,23.55,91.05,500.0,0.848,sugarcane
88.7,21.17,51.89,21.34,80.26,5.98,675.41,0.671,0.508,18.87,49.31,1663.04,0.724,tomato
97.79,40.26,27.44,22.17,81.9,5.85,830.63,0.725,0.589,25.75,70.02,2213.22,0.871,rice
40.38,44.58,35.67,22.08,51.66,7.13,579.33,0.54,0.5,18.57,0.0,6623.86,0.733,chickpea
125.84,47.04,41.36,26.2,64.36,6.68,770.24,0.625,0.544,22.38,103.96,8174.3,0.613,cotton
43.79,48.35,53.7,22.28,71.04,7.05,713.21,0.482,0.522,20.77,23.83,2627.07,0.802,wheat
58.64,33.83,32.09,22.03,32.22,6.72,643.82,0.562,0.367,25.33,58.15,5075.09,0.783,groundnut
65.04,37.93,42.62,22.4,62.35,6.62,622.7,0.627,0.42,22.49,62.24,1926.4,0.775,tomato
62.93,53.69,10.07,17.6,61.11,7.32,581.91,0.366,0.365,18.85,83.91,5631.03,0.712,groundnut
99.15,47.77,24.84,25.98,76.25,5.9,1946.47,0.768,0.75,26.84,212.74,2406.11,1.0,rice
93.09,19.94,27.64,22.94,70.73,6.01,910.63,0.674,0.618,21.88,81.18,2279.64,0.718,maize
74.03,42.98,37.91,25.97,85.08,5.57,601.26,0.591,0.578,27.18,15.06,1706.41,0.873,tomato
109.73,62.38,50.14,25.03,77.5,4.86,686.44,0.783,0.583,24.4,81.27,2388.94,0.802,tomato
62.37,51.84,24.46,16.57,61.52,7.29,1036.46,0.467,0.615,15.4,34.73,1908.16,0.884,maize
69.2,11.79,61.33,31.75,58.83,7.03,693.68,0.545,0.4,34.2,8.01,8807.53,0.932,cotton
54.68,43.57,24.86,22.25,51.73,6.09,495.06,0.605,0.397,27.0,25.6,6147.94,0.66,chickpea
106.85,31.87,29.1,25.54,70.63,7.19,1372.12,0.643,0.75,22.41,181.43,2045.06,0.96,rice
32.45,48.05,43.68,21.26,56.18,6.46,395.23,0.521,0.328,21.88,115.07,5694.85,0.652,groundnut
53.8,46.61,38.88,20.47,50.3,5.53,858.47,0.457,0.541,19.68,106.48,5041.79,0.767,soybean
58.28,51.12,46.86,26.43,52.46,6.54,625.72,0.61,0.504,27.17,113.97,2052.75,0.798,maize
52.23,51.25,26.64,22.72,57.94,4.57,510.68,0.574,0.445,22.07,99.16,2539.72,0.797,tomato
85.57,49.58,51.1,25.69,71.79,5.89,1385.94,0.57,0.677,25.86,159.04,2290.82,0.91,rice
49.59,34.69,20.02,26.03,55.71,6.47,368.54,0.648,0.383,28.29,20.56,6684.42,0.703,groundnut
105.22,51.89,51.72,16.71,62.95,6.12,634.18,0.601,0.522,16.44,70.61,4882.3,0.79,soybean
42.12,56.31,41.62,23.28,35.46,7.34,501.64,0.57,0.395,23.26,72.38,4523.03,0.751,chickpea
125.42,39.91,45.83,37.11,85.54,6.49,1086.45,0.69,0.724,35.94,174.46,2254.37,0.766,rice
36.08,54.18,18.12,21.7,64.97,6.69,426.17,0.428,0.415,22.22,44.85,6288.59,0.671,chickpea
44.55,33.83,31.21,20.93,47.23,5.75,565.79,0.398,0.423,20.68,81.29,6059.53,0.786,groundnut
57.37,46.29,40.91,27.9,59.61,6.59,527.24,0.508,0.452,27.36,42.33,6449.04,0.926,groundnut
82.47,27.06,47.06,24.31,47.39,6.15,636.58,0.565,0.479,24.33,50.95,2767.73,0.686,wheat
64.14,26.87,43.3,21.13,67.07,5.09,722.82,0.527,0.61,20.8,89.6,2101.49,0.757,potato
81.87,71.85,47.98,24.12,55.83,6.22,995.4,0.637,0.615,24.53,108.28,5007.47,0.84,soybean
94.57,27.59,37.45,21.92,59.67,7.27,713.91,0.565,0.519,20.16,46.91,2249.34,0.769,wheat
97.85,54.99,29.02,19.96,49.65,6.83,786.47,0.596,0.435,20.79,57.47,2736.02,0.967,wheat
79.12,31.82,24.08,16.99,37.57,7.03,475.45,0.462,0.368,15.28,61.57,5059.28,0.717,chickpea
66.84,45.1,36.25,30.14,47.8,6.3,731.95,0.549,0.45,29.5,137.92,5159.6,0.712,soybean
68.12,11.13,45.37,29.25,52.8,6.82,544.74,0.572,0.311,31.6,54.5,5325.55,0.813,cotton
95.01,23.53,38.29,25.78,42.17,7.58,830.71,0.662,0.47,23.21,55.73,8160.28,0.684,cotton
80.17,25.04,39.62,24.95,71.55,5.13,621.08,0.633,0.464,26.15,34.5,2552.03,0.884,tomato
145.47,42.04,55.06,23.54,87.55,5.81,1312.58,0.916,0.716,23.42,174.88,500.0,0.597,sugarcane
62.78,68.16,62.62,15.11,90.74,5.78,601.81,0.555,0.566,17.83,131.7,1916.42,0.772,potato
82.5,27.7,30.34,17.64,64.7,7.27,461.35,0.564,0.395,15.88,51.24,2568.86,0.514,wheat
36.63,58.85,33.14,26.51,55.13,7.13,497.09,0.554,0.415,24.19,42.96,5646.36,0.898,groundnut
5.0,44.63,47.82,27.79,57.92,6.78,344.28,0.487,0.318,29.63,58.48,6429.31,0.925,groundnut
88.83,41.72,22.03,19.35,72.66,6.14,955.86,0.597,0.631,20.79,111.92,2472.53,0.83,maize
121.59,34.18,23.03,28.9,66.58,6.55,571.28,0.69,0.501,28.47,85.02,7453.91,0.561,cotton
114.64,66.09,30.11,23.99,58.44,6.87,543.27,0.778,0.413,22.92,32.36,2669.72,0.66,maize
94.58,42.35,54.53,31.9,61.33,7.13,549.73,0.633,0.457,32.37,70.54,5991.22,0.63,cotton
37.72,66.64,60.38,25.98,57.17,6.09,394.75,0.536,0.443,24.52,36.49,7319.27,0.622,chickpea
99.91,32.21,31.04,14.74,57.63,4.72,429.63,0.539,0.256,19.31,11.93,2574.17,0.907,wheat
68.01,36.15,45.5,20.71,66.83,6.41,743.47,0.636,0.601,21.5,31.92,4903.6,0.732,soybean
109.06,46.38,38.58,26.79,73.18,5.44,866.35,0.645,0.547,29.72,50.96,1839.49,0.668,rice
74.9,52.55,56.72,32.54,93.57,6.75,1491.84,0.583,0.75,30.17,145.81,500.0,0.776,sugarcane
113.08,58.23,67.57,27.46,79.37,7.07,1744.6,0.636,0.75,26.79,184.3,500.0,0.755,sugarcane
78.74,27.27,58.33,28.56,71.24,5.96,859.91,0.736,0.596,30.14,91.93,6449.1,0.826,cotton
79.42,44.94,30.88,24.67,63.41,5.69,680.29,0.56,0.51,21.8,53.64,2444.79,0.659,tomato
97.32,36.11,33.99,27.85,68.75,6.11,692.79,0.534,0.519,26.15,62.18,2609.61,0.808,wheat
76.29,71.91,35.42,24.03,46.54,5.97,670.94,0.7,0.445,23.38,109.1,6449.38,0.752,cotton
121.25,48.77,40.17,21.75,63.73,5.62,1323.08,0.672,0.75,16.74,133.73,2343.02,0.94,rice
57.51,40.41,53.63,21.33,60.64,6.67,833.26,0.49,0.503,20.72,77.44,4941.89,0.865,soybean
38.94,60.18,5.64,29.85,32.79,7.45,523.34,0.412,0.41,28.47,46.54,6958.64,0.695,chickpea
101.62,29.68,61.41,26.84,61.6,5.98,765.08,0.712,0.546,24.42,111.51,5951.99,0.747,cotton
119.76,41.72,46.4,24.95,78.83,6.3,1938.83,0.643,0.75,28.3,178.65,500.0,0.822,sugarcane
74.46,51.43,28.26,19.15,49.52,7.55,733.64,0.478,0.481,19.96,34.06,2527.55,0.765,wheat
68.43,56.92,25.36,12.69,31.78,6.26,568.86,0.513,0.457,14.53,39.27,2332.08,0.739,wheat
63.63,31.18,26.36,25.7,75.33,7.28,771.16,0.559,0.547,24.05,90.84,4122.14,0.581,soybean
106.91,40.03,35.86,31.75,68.62,7.49,629.37,0.619,0.485,31.09,77.05,7502.35,0.798,cotton
114.65,37.82,60.7,31.93,78.58,5.59,1454.59,0.696,0.731,31.64,148.15,2558.7,0.835,rice
72.87,37.63,42.96,16.8,43.17,7.29,332.14,0.423,0.439,13.3,17.9,2166.43,0.551,wheat
62.42,50.29,32.19,21.91,49.72,6.52,486.56,0.573,0.42,18.49,54.15,4564.04,0.682,chickpea
5.0,51.74,47.87,19.1,51.77,6.74,364.92,0.48,0.303,19.68,47.28,5669.5,0.716,chickpea
46.77,52.88,55.36,24.88,67.06,6.04,426.6,0.61,0.363,21.87,0.0,6312.65,0.754,groundnut
125.28,61.87,50.89,25.37,89.04,6.47,2020.05,0.797,0.75,22.8,213.79,500.0,0.921,sugarcane
73.18,53.7,43.79,25.6,62.63,6.12,788.72,0.521,0.519,28.57,70.97,2089.69,0.718,maize
82.03,35.45,58.04,14.66,90.17,6.17,427.81,0.545,0.533,14.63,30.24,1883.93,0.655,potato
34.47,65.13,42.56,23.64,61.53,6.14,637.77,0.525,0.56,20.76,54.18,6012.08,0.718,groundnut
84.37,69.1,35.23,20.35,72.17,5.26,419.29,0.549,0.402,21.19,28.99,2321.27,0.833,potato
106.64,26.52,17.68,12.9,47.04,5.65,804.27,0.533,0.489,15.12,42.94,2104.81,0.587,wheat
113.83,33.81,67.98,27.48,72.2,7.61,1736.87,0.658,0.75,27.4,224.38,500.0,0.656,sugarcane
95.14,47.35,66.02,21.65,96.42,6.46,1413.53,0.635,0.736,25.5,168.96,500.0,0.678,sugarcane
94.76,33.67,33.12,15.08,57.49,6.3,970.15,0.496,0.627,18.14,126.02,2217.61,0.722,wheat
98.83,64.25,58.53,34.29,79.79,6.6,1668.63,0.564,0.75,36.95,160.96,500.0,0.919,sugarcane
52.67,29.62,39.5,18.25,60.81,5.76,716.7,0.555,0.535,20.96,36.89,1917.95,0.701,tomato
72.93,51.15,16.35,27.82,56.54,6.22,731.87,0.668,0.514,27.1,52.56,4962.32,0.781,soybean
129.24,48.0,54.63,27.04,75.63,6.02,1207.86,0.616,0.66,25.87,80.87,2014.85,0.76,rice
80.12,60.64,66.58,26.63,90.19,7.18,1648.8,0.645,0.75,25.74,175.26,500.0,0.757,sugarcane
44.37,44.89,31.28,24.87,41.64,6.94,420.24,0.58,0.29,27.77,74.8,4771.61,0.504,chickpea
85.53,58.93,29.64,13.69,56.7,7.2,749.41,0.407,0.45,9.43,99.92,2569.24,0.837,wheat
63.31,46.66,35.04,20.02,77.72,6.43,503.84,0.493,0.421,18.59,67.06,2215.86,0.926,tomato
120.6,36.51,25.34,31.74,88.43,5.9,1231.11,0.705,0.716,32.8,139.76,2094.67,0.902,rice
104.22,47.2,27.8,18.04,57.49,6.15,537.33,0.577,0.358,17.13,16.18,2913.43,0.74,wheat
32.0,41.82,43.68,22.82,56.53,5.96,420.55,0.479,0.349,20.74,86.81,6175.3,0.854,groundnut
62.51,13.36,60.74,22.68,80.98,5.8,449.59,0.602,0.331,20.05,27.75,2088.94,0.816,tomato
74.36,46.74,27.06,21.09,42.48,6.71,820.07,0.55,0.555,27.28,80.99,2621.11,0.828,wheat
117.09,34.3,25.49,20.41,62.1,6.95,732.16,0.725,0.514,23.11,90.85,2372.02,0.736,wheat
86.76,30.49,61.28,20.23,63.19,7.03,638.9,0.657,0.47,21.19,146.42,2469.22,0.727,wheat
59.28,40.53,42.52,25.89,74.43,5.33,482.28,0.562,0.432,23.49,0.0,1905.8,0.771,tomato
21.46,40.42,49.67,24.33,52.13,6.14,540.43,0.491,0.378,21.31,42.38,5960.77,0.834,chickpea
34.97,45.57,28.67,24.23,56.38,6.41,502.28,0.61,0.515,25.28,0.0,7167.16,0.811,chickpea
151.46,51.88,39.57,28.45,76.03,7.56,1726.52,0.757,0.75,26.3,193.61,500.0,0.825,sugarcane
146.41,54.5,36.35,25.27,69.83,6.94,2062.23,0.738,0.75,25.05,242.33,500.0,0.945,sugarcane
121.43,37.48,53.36,27.92,57.74,7.25,1401.56,0.721,0.725,24.36,148.92,500.0,0.917,sugarcane
66.18,33.41,60.76,23.4,57.45,5.24,537.08,0.532,0.467,22.99,56.01,2117.25,0.79,tomato
55.95,39.11,69.76,25.63,70.49,6.29,889.48,0.534,0.48,25.57,160.84,5669.99,0.709,soybean
58.41,16.15,20.87,27.7,60.32,6.81,1019.71,0.484,0.578,25.16,125.59,4121.62,0.939,soybean
22.3,55.99,31.77,33.26,66.68,6.4,612.03,0.444,0.446,34.26,52.7,7484.92,0.691,groundnut
71.24,42.24,23.61,19.12,68.55,7.23,755.96,0.575,0.521,19.05,125.61,2012.86,0.496,maize
13.95,49.62,65.95,27.7,75.05,6.24,617.1,0.459,0.54,28.75,64.37,6032.34,0.776,soybean
73.42,47.57,50.93,15.09,76.11,5.75,572.96,0.467,0.519,13.31,34.34,4107.58,0.816,soybean
64.48,43.73,48.03,26.53,49.14,6.43,725.36,0.62,0.479,26.05,127.01,5237.6,0.794,soybean
60.04,60.61,47.19,14.84,62.99,6.41,780.82,0.439,0.5,14.27,55.07,2903.74,0.87,wheat
134.95,47.92,22.11,24.78,83.98,6.06,1300.41,0.826,0.75,25.24,113.41,500.0,0.73,sugarcane
64.02,51.53,37.91,26.49,65.42,6.09,926.09,0.518,0.552,30.2,96.3,3658.44,0.903,soybean
81.17,49.78,30.18,18.64,74.46,6.36,802.4,0.622,0.505,17.08,82.32,6462.27,0.718,soybean
70.94,41.46,48.17,22.69,78.82,5.33,527.75,0.678,0.382,21.43,43.03,2355.49,0.825,tomato
111.22,59.59,38.11,25.82,79.93,6.51,1771.54,0.731,0.75,28.3,188.35,500.0,0.891,sugarcane
52.98,33.33,35.54,25.67,45.71,6.73,551.88,0.574,0.388,25.99,110.29,5861.97,0.691,chickpea
26.53,49.58,57.33,23.82,60.48,6.71,428.6,0.536,0.437,22.96,63.96,6499.33,0.579,chickpea
113.63,40.02,57.73,27.45,69.31,6.91,667.09,0.719,0.41,28.75,0.0,8387.52,0.606,cotton
61.51,27.27,29.28,21.33,79.72,6.14,899.76,0.562,0.54,21.07,68.71,2335.52,0.66,tomato
69.96,34.51,37.47,21.82,47.0,6.23,552.81,0.531,0.36,23.54,75.77,2010.15,0.797,wheat
97.96,76.19,53.43,21.75,50.66,5.55,629.81,0.579,0.571,21.55,115.76,1934.58,0.777,potato
28.12,76.36,40.35,22.14,66.15,6.06,515.88,0.549,0.43,24.13,102.55,6160.32,0.813,soybean
116.74,51.32,42.45,25.94,57.11,6.56,689.16,0.795,0.432,28.97,21.59,2591.91,0.881,wheat
80.13,47.78,54.96,28.73,82.62,6.36,932.14,0.631,0.56,25.51,40.11,2356.14,0.654,tomato
34.64,27.81,34.13,23.38,50.75,6.51,524.19,0.567,0.32,24.89,84.62,5756.46,0.954,groundnut
109.88,37.94,20.63,27.25,63.37,6.35,692.92,0.577,0.494,28.93,59.34,2546.73,0.794,rice
108.95,16.61,35.69,22.39,67.43,6.32,1495.27,0.755,0.75,25.26,103.91,1913.87,0.841,rice
111.33,46.44,50.35,25.73,89.0,6.65,2032.64,0.721,0.75,26.66,231.62,2176.61,0.896,rice
77.75,38.51,50.01,30.55,75.34,5.6,443.94,0.555,0.398,32.24,10.53,5099.33,0.682,soybean
37.1,56.65,16.39,22.57,34.11,6.43,740.42,0.48,0.421,26.14,96.0,7870.98,0.776,groundnut
89.6,37.65,56.33,28.61,44.74,6.8,524.59,0.577,0.365,28.4,43.76,6600.32,0.722,cotton
5.0,33.22,27.21,25.74,44.49,6.39,377.77,0.567,0.414,28.56,5.08,6502.85,0.699,groundnut
78.39,59.54,40.75,24.16,56.13,6.96,418.25,0.645,0.438,26.41,33.41,7248.65,0.681,chickpea
101.88,28.94,24.37,20.6,57.71,6.06,842.7,0.677,0.586,18.92,54.71,2514.48,0.885,maize
98.12,41.47,57.39,30.88,75.55,6.69,1672.34,0.552,0.75,31.59,139.01,500.0,1.0,sugarcane
112.24,12.22,59.82,32.34,56.49,6.83,639.8,0.616,0.497,33.45,110.91,7544.82,0.753,cotton
133.1,34.53,29.83,27.45,93.04,5.9,1139.12,0.762,0.721,28.51,115.04,2099.18,0.883,rice
113.21,45.43,49.6,27.28,85.69,5.81,1739.7,0.72,0.75,25.71,190.48,2414.85,0.733,rice
68.78,50.75,40.66,21.95,51.39,6.86,529.9,0.62,0.388,19.71,54.31,1711.28,0.927,wheat
52.72,29.02,15.68,20.33,47.13,7.07,394.09,0.471,0.43,22.66,73.93,6801.17,0.739,chickpea
99.31,52.37,24.28,27.8,69.29,6.16,1513.57,0.63,0.747,27.81,128.87,1889.2,1.0,rice
97.83,13.52,60.17,26.75,51.34,6.14,899.94,0.68,0.597,27.24,60.71,8875.91,0.711,cotton
117.94,36.3,18.65,16.7,67.63,5.78,588.88,0.654,0.437,17.13,81.45,1859.24,0.798,potato
93.64,20.27,23.11,29.42,56.74,5.98,624.28,0.7,0.454,32.35,19.05,8141.48,0.653,cotton
50.14,40.75,51.91,23.76,70.23,5.84,484.5,0.55,0.365,19.41,34.76,1719.51,0.947,potato
95.26,40.9,47.48,28.2,56.89,6.7,572.71,0.642,0.404,26.22,32.58,6781.57,0.697,cotton
87.96,24.98,51.77,20.15,62.62,5.86,756.02,0.591,0.504,22.96,72.05,2602.23,0.678,maize
93.5,27.38,23.27,19.79,47.28,6.26,665.03,0.497,0.403,23.9,82.58,2131.24,0.822,wheat
44.27,78.56,27.19,18.71,40.74,7.6,393.49,0.576,0.365,21.89,41.88,6323.89,0.723,chickpea
32.09,38.58,38.36,14.83,49.34,5.87,361.9,0.403,0.279,11.99,70.56,4944.31,0.688,chickpea
90.36,45.53,45.79,19.19,55.53,6.33,705.52,0.529,0.509,21.55,86.94,2861.99,0.735,wheat
105.25,38.65,24.62,28.97,74.52,6.26,566.21,0.555,0.474,28.45,55.98,2026.86,0.816,tomato
106.61,58.38,55.01,31.94,78.92,7.24,1254.39,0.702,0.695,27.84,111.81,500.0,0.808,sugarcane
40.71,52.53,7.66,25.19,51.45,7.9,442.62,0.606,0.424,21.7,135.85,6079.98,0.749,chickpea
114.65,41.08,67.74,26.7,84.18,5.23,1013.32,0.65,0.583,27.53,137.58,2313.73,0.827,rice
96.93,25.87,42.55,26.41,55.3,6.0,781.32,0.733,0.525,27.28,104.59,6755.38,0.686,cotton
124.25,65.36,56.96,26.16,63.65,7.53,932.37,0.684,0.583,29.76,106.65,500.0,0.743,sugarcane
45.58,29.24,59.36,27.65,75.68,6.4,585.17,0.531,0.506,26.12,109.11,2093.21,0.86,tomato
31.17,48.45,18.15,18.43,43.59,6.9,398.04,0.456,0.313,17.47,29.69,6677.54,0.785,chickpea
20.63,51.58,51.33,21.14,58.03,6.33,530.06,0.493,0.385,23.78,82.73,6624.29,0.686,chickpea
74.16,48.9,28.96,9.26,78.29,6.25,648.35,0.422,0.504,12.36,92.1,2017.25,0.742,potato
114.31,78.17,70.53,21.77,86.42,5.67,906.25,0.704,0.495,20.29,104.6,1851.61,0.613,potato
26.36,73.37,43.27,25.89,41.56,7.23,703.07,0.474,0.495,24.34,33.75,6257.92,0.697,chickpea
63.96,48.82,54.2,25.76,41.85,7.06,406.79,0.631,0.34,24.3,59.3,6835.02,0.571,chickpea
78.59,28.82,26.29,25.75,58.24,6.06,332.29,0.598,0.46,24.23,61.51,4230.66,0.829,soybean
24.62,49.08,52.75,30.26,44.07,6.7,826.22,0.506,0.506,26.72,66.59,4137.82,0.687,soybean
92.07,39.71,41.23,15.36,71.56,7.66,656.74,0.688,0.467,16.16,115.79,2234.76,0.642,wheat
105.29,44.25,25.95,11.36,50.94,6.79,432.62,0.435,0.315,10.49,5.17,3181.29,0.866,wheat
77.17,31.74,30.27,23.05,54.83,6.63,519.1,0.697,0.463,24.84,49.78,2544.37,0.522,wheat
19.43,47.9,56.32,25.24,66.5,5.19,842.67,0.638,0.53,21.3,94.35,4543.78,0.804,groundnut
38.54,78.04,59.31,27.58,60.9,6.23,637.96,0.519,0.428,30.37,37.04,5768.82,0.721,groundnut
77.08,44.83,35.95,23.9,61.68,6.84,846.33,0.699,0.503,21.61,72.64,7364.85,0.729,cotton
107.31,53.08,50.6,18.27,68.12,7.08,632.91,0.701,0.476,12.91,85.71,2617.86,0.805,tomato
58.62,31.01,30.68,26.46,61.71,7.37,567.05,0.588,0.384,23.29,52.03,7589.93,0.739,groundnut
57.26,38.59,53.34,21.47,46.99,6.51,957.53,0.534,0.611,19.9,100.71,5459.19,0.824,soybean
81.89,40.12,35.53,18.16,77.18,6.82,770.52,0.548,0.534,18.46,66.55,2414.71,0.678,maize
45.93,39.88,27.6,20.5,46.82,7.64,505.21,0.445,0.409,21.5,90.43,8041.03,0.598,chickpea
64.19,36.5,37.78,31.41,69.87,5.47,826.67,0.466,0.555,27.49,36.18,2264.96,0.884,tomato
69.06,70.78,46.4,26.9,57.82,6.14,743.0,0.486,0.472,26.91,120.13,4356.09,0.871,soybean
49.33,36.69,33.97,30.23,52.14,6.31,563.36,0.46,0.447,30.08,28.29,6350.43,0.775,groundnut
78.89,53.82,53.92,29.63,69.69,4.5,1063.69,0.631,0.626,31.39,98.63,2110.29,1.0,rice
37.61,47.92,33.55,14.58,54.86,6.45,460.06,0.384,0.339,12.97,53.91,5250.55,0.625,chickpea
8.22,42.26,29.47,9.15,42.09,7.86,473.09,0.337,0.295,9.34,43.21,5893.38,0.677,chickpea
68.23,53.79,40.53,20.23,78.85,6.38,597.96,0.507,0.498,18.32,34.07,2233.76,0.754,maize
109.56,53.82,13.68,23.57,53.95,6.7,1102.65,0.712,0.579,25.35,108.5,2076.76,0.771,maize
57.88,36.12,53.21,18.96,63.93,5.7,845.03,0.559,0.587,21.64,73.81,1808.16,0.692,tomato
85.94,44.48,31.2,31.09,58.48,6.08,580.95,0.585,0.551,36.53,11.36,7706.33,0.917,cotton
81.96,32.23,45.23,21.21,74.33,6.65,913.87,0.639,0.515,28.82,131.36,2078.19,0.687,potato
67.9,56.62,48.71,26.4,62.29,6.9,760.87,0.586,0.501,22.91,69.71,5295.67,0.824,soybean
70.24,44.07,51.47,22.5,69.06,7.56,650.31,0.62,0.509,19.9,88.39,2723.67,0.618,wheat
118.92,62.19,47.36,22.34,51.87,6.58,897.1,0.652,0.475,25.66,104.61,1719.4,0.807,maize
60.95,29.34,50.62,25.2,78.63,6.19,727.68,0.602,0.476,26.4,63.81,2331.74,0.81,tomato
107.52,45.03,48.07,31.06,70.32,6.59,697.68,0.602,0.486,31.71,95.56,8227.17,0.58,cotton
103.26,64.84,43.74,26.83,80.38,6.45,1255.26,0.772,0.693,23.83,114.7,2250.13,0.881,rice
38.07,29.68,29.19,25.92,57.84,6.74,827.02,0.645,0.574,26.38,108.88,5523.67,0.739,soybean
53.87,27.8,42.75,24.41,80.81,5.34,753.01,0.536,0.577,23.45,32.88,1978.15,0.698,tomato
86.94,23.69,39.33,25.28,66.28,6.22,630.07,0.694,0.57,24.47,48.47,2093.57,0.722,potato
52.81,45.34,36.96,22.39,68.7,6.95,756.91,0.695,0.522,24.01,49.1,4717.13,0.759,soybean
63.47,49.92,43.69,26.52,57.87,6.23,683.93,0.548,0.468,28.68,40.01,5138.72,0.833,groundnut
63.51,49.36,33.78,22.48,83.37,5.38,595.89,0.665,0.485,23.6,61.39,1514.66,0.742,potato
67.38,15.48,34.47,17.35,53.68,6.96,900.45,0.478,0.525,16.7,120.32,2503.67,0.778,wheat
108.25,61.8,36.05,28.8,60.69,6.09,1303.36,0.599,0.68,28.61,102.0,500.0,0.897,sugarcane
111.14,68.45,59.99,28.05,69.96,5.82,1308.48,0.609,0.726,31.43,133.03,2193.75,0.935,rice
78.48,51.43,32.68,15.72,41.49,6.69,671.39,0.349,0.448,17.55,72.29,2400.21,0.807,wheat
99.09,34.07,37.25,32.12,65.75,6.57,644.45,0.691,0.416,31.13,48.61,7313.91,0.816,cotton
18.35,48.66,64.0,30.91,45.16,5.97,728.94,0.446,0.502,30.39,135.91,5926.42,0.841,groundnut
67.48,31.43,37.19,22.78,73.53,6.12,616.51,0.593,0.543,24.75,80.84,1615.46,0.821,tomato
82.97,42.98,45.71,15.85,55.93,7.63,573.44,0.516,0.565,15.37,3.49,2379.34,0.947,wheat
36.5,53.73,64.82,26.03,46.8,6.56,385.99,0.52,0.367,23.45,17.95,5290.53,0.629,groundnut
113.67,25.55,61.65,28.69,57.58,6.67,1013.6,0.702,0.556,28.65,105.95,7698.62,0.774,cotton
94.15,20.9,50.99,25.29,81.17,6.28,726.86,0.722,0.571,26.98,57.3,1733.55,0.881,tomato
21.72,19.52,35.77,23.86,64.91,5.82,570.69,0.514,0.426,22.32,67.58,5659.91,0.664,groundnut
64.12,42.52,51.69,17.18,62.1,5.13,592.28,0.484,0.476,12.6,82.09,2031.91,0.776,tomato
98.59,38.38,62.31,25.38,65.41,6.25,773.8,0.71,0.416,24.16,85.44,4629.74,0.74,cotton
108.28,41.75,43.95,22.05,44.15,7.08,641.33,0.675,0.401,24.14,70.53,2827.98,0.627,wheat
30.85,51.61,40.02,27.55,56.16,6.81,417.44,0.568,0.443,31.73,59.26,4579.38,1.0,groundnut
61.32,49.26,42.55,17.28,74.86,5.13,601.71,0.507,0.475,13.81,41.88,1805.34,0.784,potato
112.38,46.89,30.56,15.94,46.87,6.66,528.9,0.517,0.404,12.72,18.21,2478.64,0.807,wheat
92.53,33.61,56.77,28.69,57.75,6.54,323.57,0.691,0.287,26.55,17.03,5117.4,0.797,cotton
44.65,39.02,47.45,25.36,54.12,5.86,506.83,0.613,0.461,26.41,98.42,8009.07,0.728,groundnut
49.15,58.44,32.53,22.32,44.65,7.1,507.43,0.399,0.378,21.59,131.98,7338.57,0.85,chickpea
120.04,56.04,41.8,25.27,67.87,6.84,528.57,0.715,0.47,23.48,26.79,6376.63,0.71,cotton
128.71,38.03,58.71,23.63,74.86,5.66,788.05,0.758,0.613,22.73,78.9,1787.78,0.792,rice
122.93,43.79,47.92,22.25,86.4,6.5,1844.5,0.812,0.75,21.17,153.47,1960.75,0.901,rice
85.44,70.64,47.85,22.27,89.35,6.77,1585.15,0.604,0.75,24.74,213.49,1697.16,0.828,rice
95.36,39.4,53.3,26.08,83.76,5.33,1100.14,0.664,0.624,25.82,99.29,2440.49,0.961,rice
70.96,35.88,55.25,28.93,66.52,6.34,907.33,0.523,0.627,30.44,79.44,2075.3,0.809,maize
49.76,36.59,39.89,29.08,75.49,6.9,1117.33,0.585,0.648,27.03,90.04,3234.22,0.815,soybean
92.82,21.61,33.93,27.27,57.18,6.52,662.03,0.743,0.51,25.55,0.0,6622.03,0.636,cotton
42.87,40.0,30.72,25.94,58.42,6.71,554.35,0.565,0.489,24.68,56.26,4902.6,0.775,groundnut
42.87,51.27,54.69,24.41,69.7,7.17,531.48,0.495,0.448,27.7,70.42,4602.98,0.887,groundnut
42.82,50.34,11.37,32.44,62.16,6.34,498.94,0.502,0.44,33.24,87.27,6926.89,0.961,groundnut
91.11,27.26,38.13,15.0,77.91,6.33,736.47,0.506,0.564,16.24,101.2,2328.4,0.786,tomato
63.48,44.03,45.22,21.49,72.91,6.5,688.11,0.725,0.523,24.09,52.39,2333.2,0.695,potato
44.83,61.44,28.48,32.02,68.4,7.11,745.52,0.445,0.549,30.28,62.74,3024.83,0.94,soybean
107.27,33.95,32.23,31.61,74.84,5.89,1712.55,0.559,0.75,32.1,211.9,1949.95,0.946,rice
119.13,38.95,20.0,19.23,63.16,5.39,789.42,0.561,0.579,19.46,153.18,2028.12,0.507,maize
45.8,54.56,45.63,18.14,70.19,6.35,548.95,0.536,0.527,18.36,103.8,5391.08,0.873,soybean
127.96,26.41,49.71,27.77,73.21,6.68,663.58,0.73,0.44,26.93,70.07,8642.69,0.838,cotton
60.18,39.89,39.02,13.71,36.24,6.48,877.61,0.392,0.522,8.41,182.1,2000.13,0.789,wheat
105.67,37.58,58.48,29.71,61.93,7.26,764.72,0.71,0.541,26.02,122.14,7141.94,0.745,cotton
61.72,73.51,39.51,15.35,67.94,5.76,625.98,0.457,0.477,15.61,94.31,1825.11,0.74,potato
81.92,44.86,28.47,18.06,58.11,6.09,943.76,0.587,0.609,16.58,99.33,1336.74,0.863,maize
82.37,44.11,38.65,26.45,65.37,6.41,536.27,0.651,0.5,29.21,99.63,3902.54,0.89,soybean
141.48,46.44,38.68,11.2,37.88,7.46,892.43,0.529,0.589,9.16,61.44,2003.18,0.695,wheat
13.22,71.47,50.46,16.67,58.39,6.27,690.02,0.305,0.52,17.4,45.99,4383.92,0.794,soybean
98.7,29.48,25.25,18.23,48.92,5.92,839.68,0.588,0.595,17.9,32.6,2769.14,0.806,wheat
42.46,52.19,35.65,19.04,50.95,6.31,351.3,0.521,0.374,19.43,60.03,6449.92,0.756,chickpea
49.56,56.82,39.65,19.67,62.4,6.83,280.03,0.51,0.41,18.97,0.0,7112.5,0.726,chickpea
35.06,47.03,43.15,25.74,57.99,6.9,761.28,0.492,0.474,31.18,121.79,5469.96,0.822,soybean
82.2,35.81,42.41,18.86,58.82,6.67,401.76,0.501,0.393,17.96,112.23,2116.74,0.649,wheat
35.4,62.58,37.34,18.88,71.05,8.35,448.46,0.434,0.401,16.63,58.87,7061.17,0.799,chickpea
90.91,79.25,54.36,22.84,61.52,7.18,673.09,0.647,0.484,22.22,144.08,2097.72,0.894,wheat
75.67,57.37,29.57,20.1,77.86,6.48,835.64,0.652,0.428,21.37,56.93,4346.92,0.834,soybean
98.27,36.82,38.02,18.99,46.7,6.66,689.02,0.663,0.451,19.01,114.6,2582.83,0.64,wheat
76.48,44.76,37.93,25.6,68.58,6.04,869.61,0.669,0.482,25.42,128.91,2134.72,0.886,tomato
118.34,42.28,34.49,18.28,73.77,6.04,754.04,0.639,0.578,16.45,140.94,2322.45,0.934,rice
104.6,36.75,13.65,29.16,72.64,6.05,550.42,0.599,0.42,29.38,57.69,2522.55,0.751,maize
121.12,7.74,55.24,34.9,53.78,6.13,898.09,0.518,0.512,35.24,61.85,7918.78,0.671,cotton
140.9,74.3,59.55,28.12,77.7,6.81,1161.44,0.736,0.606,27.87,173.41,500.0,0.708,sugarcane
116.76,51.02,51.1,24.8,70.83,5.8,952.39,0.703,0.593,22.04,72.77,2252.07,0.853,rice
68.93,28.12,36.74,26.15,52.03,6.18,650.09,0.582,0.406,22.27,16.32,2412.16,0.763,maize
54.86,38.3,19.89,17.32,53.71,6.4,305.07,0.552,0.33,12.77,105.23,2846.9,0.745,wheat
73.42,51.58,40.42,22.43,48.76,5.84,646.94,0.591,0.402,24.26,62.89,2108.73,0.839,wheat
94.28,34.95,17.03,23.05,69.15,6.71,420.37,0.641,0.408,21.43,62.46,2073.31,0.783,wheat
135.98,37.29,24.76,24.34,76.8,7.44,915.7,0.685,0.684,24.3,62.25,1759.99,0.904,maize
23.58,52.68,35.56,22.77,58.4,6.05,866.91,0.531,0.531,20.58,80.78,4987.65,0.82,soybean
67.16,66.44,30.01,26.41,65.49,6.4,900.0,0.573,0.629,23.25,53.65,2507.12,0.879,maize
95.67,55.05,17.67,19.49,45.4,6.56,462.1,0.633,0.315,16.1,132.8,5585.76,0.841,chickpea
128.44,38.02,45.1,26.95,53.2,5.97,644.15,0.777,0.385,29.63,69.43,7820.55,0.833,cotton
66.4,54.01,38.92,25.18,81.64,5.94,529.37,0.557,0.477,25.59,82.97,1404.08,0.744,potato
94.66,12.3,51.4,26.82,49.23,7.44,736.24,0.639,0.504,23.36,29.92,6650.75,0.782,cotton
100.99,50.84,48.15,26.73,61.31,6.61,763.72,0.663,0.583,24.7,105.55,6463.54,0.753,cotton
88.48,38.7,28.82,13.03,51.82,6.56,687.47,0.396,0.456,14.18,92.39,1730.47,0.851,wheat
131.32,58.52,53.93,30.5,64.49,6.05,1184.68,0.65,0.614,28.01,65.06,500.0,0.775,sugarcane
90.41,17.07,43.35,29.17,56.36,6.68,395.67,0.617,0.353,26.29,0.0,6097.56,0.629,cotton
28.85,30.99,47.52,26.72,63.16,6.34,601.48,0.567,0.479,27.21,57.15,5730.71,0.783,groundnut
81.86,24.93,44.04,23.04,51.9,6.93,708.18,0.719,0.504,20.77,45.32,2442.53,0.576,wheat
61.29,53.56,42.89,21.01,67.38,5.73,511.83,0.552,0.354,23.41,95.62,2053.13,0.684,potato
64.16,82.35,31.47,19.39,48.7,6.72,475.91,0.451,0.406,23.22,0.0,5360.57,0.655,chickpea
13.98,64.14,58.5,19.68,56.58,7.0,598.24,0.423,0.367,21.99,72.44,4518.5,0.879,groundnut
98.34,47.37,48.25,26.91,80.58,4.96,1689.81,0.726,0.75,28.19,194.56,2659.05,0.962,rice
38.14,37.06,47.22,20.57,63.32,5.63,679.26,0.397,0.44,21.0,49.49,1653.92,0.82,potato
77.92,65.81,48.02,21.75,79.65,4.93,623.63,0.53,0.525,24.44,59.24,1781.35,0.787,potato
102.25,32.96,44.02,29.06,48.23,6.52,524.52,0.631,0.438,29.39,73.75,6264.98,0.744,cotton
134.71,39.19,35.48,29.75,64.47,6.35,620.29,0.668,0.437,29.22,32.53,7405.46,0.781,cotton
123.89,55.02,32.05,19.89,69.41,5.61,1476.58,0.643,0.75,21.03,140.92,2227.65,0.717,rice
32.92,48.77,52.12,22.44,63.55,4.85,571.82,0.51,0.55,18.65,56.67,4148.55,0.705,groundnut
60.96,19.49,33.23,19.85,43.69,6.54,707.57,0.468,0.514,22.1,114.33,2073.16,0.702,wheat
61.24,64.59,36.9,13.46,46.5,6.74,464.6,0.436,0.285,10.47,13.11,6562.84,0.807,chickpea
35.52,47.34,48.02,26.3,58.57,6.26,576.32,0.528,0.358,30.0,76.18,5189.64,0.795,groundnut
53.52,48.52,36.11,22.52,72.63,6.82,534.32,0.645,0.449,24.27,90.75,2054.76,0.918,wheat
61.99,33.97,30.29,24.62,52.91,7.18,567.92,0.654,0.455,20.21,91.83,2206.4,0.657,wheat
82.06,74.22,33.19,25.77,80.05,6.42,804.23,0.693,0.551,28.64,128.78,2531.17,0.97,tomato
48.15,50.2,42.92,24.52,55.3,5.71,895.5,0.526,0.484,24.56,106.29,5712.86,0.702,soybean
34.01,27.76,53.17,18.02,68.33,6.74,417.58,0.551,0.382,16.84,27.01,5507.96,0.736,groundnut
89.86,31.81,20.25,29.2,64.51,5.88,853.3,0.673,0.605,26.1,114.88,6112.64,0.628,cotton
33.5,77.91,14.41,28.43,68.46,6.16,600.23,0.631,0.569,27.84,44.68,5612.7,0.765,soybean
90.07,25.77,60.93,29.31,74.33,5.61,747.93,0.658,0.437,34.14,52.51,7571.05,0.843,cotton
68.83,29.42,17.02,26.53,59.18,6.5,674.33,0.606,0.458,29.67,50.76,2365.29,0.68,maize
57.1,67.99,43.35,22.78,44.71,6.74,453.73,0.585,0.435,22.67,34.92,6815.05,0.748,chickpea
142.74,47.17,39.71,33.33,56.12,6.17,914.94,0.56,0.459,35.21,92.46,7133.73,0.714,cotton
118.48,44.13,52.31,21.48,78.88,6.66,1226.3,0.733,0.683,21.82,138.06,2011.24,1.0,rice
114.62,50.11,51.88,28.59,65.75,7.46,1362.41,0.624,0.75,29.23,167.11,500.0,0.988,sugarcane
51.67,42.57,41.85,28.07,47.82,6.54,883.71,0.529,0.586,29.35,163.32,4259.57,0.873,soybean
33.97,50.04,39.23,25.6,84.01,6.3,636.55,0.591,0.479,25.44,116.4,2243.86,0.896,tomato
76.25,31.03,33.88,21.4,68.3,5.84,576.89,0.634,0.484,22.98,62.09,1695.13,0.674,potato
117.82,31.89,32.05,27.59,71.09,5.46,1028.24,0.646,0.566,32.64,113.86,2238.14,0.942,rice
67.7,25.65,35.62,27.96,60.39,6.6,668.96,0.48,0.512,27.41,79.9,1994.34,0.933,tomato
85.21,25.36,44.56,32.92,100.0,5.89,2036.45,0.644,0.75,36.69,219.97,500.0,0.622,sugarcane
104.1,36.11,47.47,22.35,48.39,6.53,712.58,0.663,0.535,20.11,130.41,5435.49,0.787,cotton
69.94,53.41,39.02,24.39,55.48,6.48,638.43,0.633,0.474,25.75,64.42,2644.67,1.0,wheat
69.05,50.71,31.2,16.59,57.26,6.79,214.4,0.547,0.279,16.38,45.13,6144.41,0.663,chickpea
47.37,45.32,39.29,17.47,80.18,5.01,534.42,0.483,0.446,18.06,6.25,2076.84,0.819,potato
111.05,36.99,37.13,30.99,86.11,5.9,1892.55,0.634,0.75,31.51,205.21,2087.92,0.87,rice
94.34,35.46,43.33,28.56,75.76,6.94,1456.19,0.621,0.709,30.54,181.55,2167.32,0.878,rice
103.95,51.03,74.25,30.07,65.49,5.9,543.2,0.569,0.435,30.13,8.69,1497.99,0.433,potato
84.73,56.28,24.8,18.06,49.9,5.99,771.95,0.564,0.394,18.04,135.37,2499.15,0.94,wheat
122.17,44.55,42.81,31.66,84.25,6.12,1621.9,0.512,0.75,28.25,140.24,2186.5,0.835,rice
35.18,51.34,50.79,19.59,44.86,6.38,573.42,0.438,0.409,13.56,84.03,6732.47,0.775,groundnut
136.65,51.81,46.48,23.36,57.76,6.23,1784.7,0.667,0.75,26.33,184.02,500.0,0.787,sugarcane
70.0,16.25,41.77,23.95,85.87,6.48,610.24,0.67,0.534,24.12,40.47,2024.38,0.849,tomato
51.11,40.63,34.88,23.75,67.11,6.62,636.78,0.546,0.494,22.45,40.63,4876.06,0.793,soybean
137.0,59.95,56.91,21.35,96.38,5.97,1551.62,0.723,0.75,23.09,130.39,500.0,0.685,sugarcane
102.2,56.54,30.39,16.98,40.42,6.44,550.7,0.531,0.419,19.36,83.53,1675.15,0.881,wheat
90.98,51.11,52.03,15.55,75.2,5.9,649.4,0.602,0.43,15.09,82.6,1927.19,0.605,potato
102.05,34.18,42.04,18.94,53.56,5.95,785.47,0.64,0.528,20.15,116.77,2379.01,0.769,maize
119.25,34.51,26.99,24.77,51.25,5.62,675.98,0.706,0.478,25.92,59.68,7522.73,0.84,cotton
81.56,39.8,50.33,27.58,81.45,6.0,606.21,0.723,0.489,27.5,36.04,2171.74,0.775,tomato
50.19,69.77,39.57,24.58,58.93,7.98,392.0,0.691,0.499,23.54,31.61,6082.26,0.766,chickpea
70.21,53.6,51.73,27.19,75.37,7.71,819.3,0.63,0.609,26.25,77.76,5103.12,0.797,soybean
65.3,66.73,38.24,29.53,68.84,5.94,751.4,0.661,0.567,31.93,92.81,4456.37,0.954,soybean
102.09,52.51,50.37,16.82,72.67,6.65,892.52,0.604,0.534,18.7,92.54,1527.39,0.758,wheat
68.96,55.59,48.98,27.74,67.17,6.25,692.43,0.676,0.574,26.42,31.14,1771.59,0.724,maize
52.64,50.92,37.3,22.4,66.69,6.62,570.08,0.657,0.445,22.44,81.8,4967.92,0.885,soybean
98.75,33.95,22.92,26.97,59.43,6.91,771.91,0.742,0.528,25.02,61.38,8051.61,0.832,cotton
67.15,52.58,32.18,25.38,66.16,5.62,1098.24,0.656,0.664,27.66,60.08,2778.26,0.559,tomato
82.29,51.04,63.28,13.53,50.78,4.83,741.13,0.431,0.492,13.3,43.09,2029.9,0.717,potato
87.64,21.02,10.25,26.66,55.7,6.34,544.18,0.687,0.545,24.99,103.41,7384.98,0.754,cotton
25.06,48.53,19.04,20.66,47.89,7.78,683.1,0.498,0.466,18.44,19.44,7632.69,0.553,chickpea
113.12,31.7,65.23,24.79,62.34,6.89,807.18,0.675,0.474,25.76,77.13,8278.28,0.789,cotton
115.76,33.05,56.16,19.81,50.76,6.22,569.3,0.671,0.42,18.31,79.39,8758.86,0.82,cotton
83.52,39.55,45.72,23.66,38.66,6.69,943.11,0.592,0.561,26.15,55.53,2265.62,0.623,wheat
113.6,32.34,28.8,34.07,63.2,5.8,631.96,0.588,0.551,31.86,97.36,8469.46,0.687,cotton
136.61,59.87,40.23,23.34,60.4,6.89,1688.92,0.77,0.75,21.03,145.02,500.0,0.752,sugarcane
117.43,41.13,40.2,22.09,65.88,7.57,735.38,0.715,0.495,21.4,48.13,1248.09,0.696,wheat
106.32,53.79,41.31,17.88,61.64,5.15,515.51,0.617,0.375,17.41,87.6,1819.94,0.953,potato
119.31,49.36,36.61,27.46,74.5,6.88,1190.72,0.627,0.62,25.78,103.39,2488.82,0.931,rice
97.44,67.52,25.71,19.02,47.21,7.05,915.17,0.58,0.555,16.77,177.12,2140.7,0.831,maize
45.04,41.24,39.31,21.67,81.21,6.45,686.32,0.467,0.432,23.14,13.09,1949.95,0.758,potato
29.3,50.4,48.9,28.68,40.93,7.0,528.12,0.471,0.383,27.88,0.0,7531.05,0.599,chickpea
82.27,40.27,30.35,10.09,50.07,6.19,524.97,0.369,0.501,10.88,95.67,1614.55,0.841,potato
15.7,57.1,42.49,26.82,47.92,6.17,354.96,0.572,0.303,29.06,57.0,5455.45,0.685,groundnut
44.32,55.44,45.14,26.82,71.57,6.37,510.94,0.699,0.417,25.4,8.57,4909.21,0.794,soybean
97.09,44.61,48.17,18.48,63.28,7.03,740.86,0.518,0.511,19.25,136.35,2435.95,0.888,wheat
69.28,45.78,34.22,23.21,62.93,6.43,1068.42,0.642,0.654,22.27,158.9,4896.59,0.788,soybean
105.97,42.51,55.11,25.23,72.24,7.05,939.78,0.631,0.568,22.59,65.6,5545.43,0.643,cotton
47.98,60.86,47.22,21.46,67.52,6.93,613.19,0.577,0.509,19.32,56.34,5016.7,0.71,soybean
92.17,18.96,51.06,20.41,64.85,6.91,601.83,0.637,0.453,20.99,81.23,2452.89,0.827,wheat
114.39,16.61,51.82,20.18,85.32,6.5,473.54,0.609,0.357,21.7,63.19,2499.52,0.543,tomato
73.95,48.23,17.94,24.49,50.01,6.09,603.07,0.582,0.405,26.37,75.29,7564.58,0.482,chickpea
87.74,19.05,53.51,15.55,84.76,6.19,720.92,0.607,0.507,15.03,12.88,2203.52,0.601,potato
102.35,19.16,46.27,30.28,61.13,6.22,660.57,0.587,0.462,28.98,72.11,5740.17,0.471,cotton
14.33,45.92,48.02,28.08,85.68,6.14,588.08,0.533,0.518,28.1,61.47,4980.58,0.77,soybean
67.3,50.64,20.66,18.14,72.39,5.78,682.22,0.566,0.569,16.34,150.27,1559.8,0.623,potato
21.42,28.85,38.38,24.49,57.79,6.82,798.34,0.579,0.454,23.8,100.69,6220.46,0.859,groundnut
114.22,43.7,51.5,22.74,74.26,6.41,1104.46,0.607,0.59,26.4,84.78,1889.01,0.732,maize
53.69,66.68,36.35,23.18,53.63,6.73,495.01,0.593,0.405,23.03,74.05,5383.64,0.717,groundnut
93.0,40.95,23.17,22.87,58.82,7.16,1198.08,0.546,0.584,21.35,95.67,1855.79,0.801,maize
96.39,44.13,26.15,21.2,69.87,5.85,664.8,0.554,0.462,23.82,36.87,1869.54,0.839,maize
116.29,58.12,59.38,23.05,61.8,7.06,1598.0,0.707,0.75,21.69,167.93,500.0,0.729,sugarcane
95.79,47.91,57.72,20.41,53.07,6.14,310.14,0.641,0.326,20.18,78.12,7092.72,0.707,cotton
77.58,22.23,27.9,19.03,36.32,6.38,821.45,0.533,0.51,21.7,85.71,2421.37,0.829,wheat
108.17,16.44,49.07,34.05,67.68,6.81,1109.4,0.532,0.572,33.89,115.95,1806.03,0.992,rice
79.37,16.05,41.3,15.95,55.61,6.37,620.51,0.384,0.364,16.71,56.97,1987.87,0.725,wheat
100.35,58.01,51.6,26.69,66.28,6.34,598.46,0.664,0.389,25.81,79.43,2560.7,0.855,tomato
45.89,65.38,40.0,35.63,62.18,7.9,822.57,0.486,0.616,34.05,116.18,4589.22,0.805,soybean
103.35,38.56,41.33,29.35,53.29,6.2,567.69,0.571,0.391,32.81,52.89,6167.69,0.846,cotton
95.48,47.53,37.97,28.92,93.71,6.55,1214.55,0.754,0.75,31.2,131.33,1945.53,0.613,rice
76.17,50.91,69.22,11.5,69.14,5.63,764.02,0.488,0.629,13.13,60.92,1736.45,0.798,potato
96.74,36.54,40.64,26.58,77.53,7.07,462.94,0.641,0.333,25.77,57.93,8126.73,0.852,cotton
11.32,56.06,48.37,29.04,67.7,6.55,369.92,0.412,0.431,30.19,32.42,4334.81,0.676,groundnut
103.07,19.71,52.51,24.07,52.98,6.75,541.7,0.703,0.456,23.2,100.62,5663.53,0.885,cotton
35.21,58.71,41.43,18.13,44.41,6.26,347.54,0.616,0.403,16.06,65.32,6382.93,0.724,groundnut
100.42,59.8,55.63,27.39,78.01,7.61,1278.12,0.59,0.693,25.4,141.29,500.0,0.861,sugarcane
78.97,47.99,50.06,27.36,63.83,5.72,530.58,0.647,0.47,28.27,111.66,2198.15,0.877,tomato
95.68,35.62,24.93,15.82,35.34,7.73,492.24,0.507,0.361,16.44,77.77,2709.77,0.722,wheat
75.76,41.72,31.79,28.77,61.84,6.15,742.46,0.625,0.465,26.92,104.1,2382.37,0.844,tomato
77.76,43.46,43.17,20.08,53.38,6.9,513.49,0.601,0.367,17.52,66.91,6480.8,0.836,soybean
82.6,29.77,40.25,25.96,69.32,6.9,822.25,0.728,0.555,29.85,86.1,7480.86,0.658,cotton
92.5,34.43,59.65,29.22,82.26,5.92,864.07,0.667,0.535,28.4,151.27,1731.21,0.915,tomato
127.28,36.83,31.34,20.06,46.59,6.94,677.45,0.682,0.533,19.6,71.6,2045.24,0.655,wheat
44.71,70.94,44.76,26.04,41.46,7.48,332.55,0.595,0.362,21.49,74.17,6397.85,0.642,chickpea
102.95,24.9,49.93,28.99,58.88,4.8,1033.99,0.469,0.619,28.09,82.35,1963.88,0.833,maize
103.86,62.02,43.56,30.84,84.73,7.9,1066.63,0.697,0.626,33.87,119.56,500.0,0.896,sugarcane
53.74,30.07,45.16,25.83,67.72,5.76,571.63,0.665,0.45,27.19,58.15,4821.42,0.884,soybean
61.74,38.08,40.61,22.33,58.31,6.47,229.38,0.547,0.335,21.53,68.41,1891.69,0.761,maize
23.63,59.03,34.05,29.02,57.63,5.42,611.13,0.533,0.422,25.74,117.01,6070.94,0.866,groundnut
29.19,63.42,26.44,25.1,59.38,6.08,562.19,0.549,0.366,25.46,9.73,5944.09,0.897,groundnut
145.72,46.38,40.19,26.09,87.45,5.8,1493.87,0.782,0.75,26.32,145.39,1597.73,0.978,rice
24.74,48.93,45.81,17.76,52.42,6.99,430.6,0.473,0.324,16.2,38.19,5328.85,0.823,chickpea
95.25,45.17,57.22,22.27,69.85,6.86,618.22,0.696,0.432,23.08,146.71,7242.08,0.716,cotton
76.92,53.91,40.36,30.51,61.44,6.33,830.55,0.545,0.434,31.4,164.77,2414.8,1.0,maize
68.27,41.82,8.18,22.42,50.65,7.21,616.67,0.619,0.466,20.28,108.28,2105.91,0.688,wheat
77.58,56.27,35.2,19.77,68.68,5.27,739.72,0.592,0.498,18.89,78.86,1910.14,0.718,potato
59.25,49.23,37.63,26.76,72.4,5.96,718.77,0.703,0.519,27.33,112.73,4439.1,0.787,soybean
31.52,56.24,39.14,25.84,70.68,6.62,610.64,0.611,0.455,30.19,0.0,7068.39,0.85,groundnut
110.9,24.55,39.47,26.98,62.33,5.61,623.15,0.719,0.429,23.05,0.9,1909.49,0.815,tomato
78.71,32.67,16.49,22.67,58.72,7.21,664.4,0.66,0.471,22.55,99.57,7251.01,0.701,cotton
56.99,38.94,49.35,13.29,60.95,5.37,696.02,0.486,0.572,8.53,112.9,4601.34,0.787,soybean
83.53,27.69,62.48,19.68,70.19,6.25,800.77,0.554,0.576,19.0,72.81,1774.35,0.963,maize
50.26,39.58,56.25,10.83,67.14,5.64,337.0,0.497,0.317,11.93,17.29,1571.89,0.706,potato
58.7,31.65,39.64,23.95,76.27,5.46,687.77,0.718,0.507,22.56,22.08,2039.32,0.702,tomato
83.53,26.92,66.24,30.27,45.89,7.16,1047.48,0.566,0.57,29.42,93.89,7806.81,0.687,cotton
95.04,48.76,48.54,15.18,60.33,5.62,428.13,0.418,0.454,13.87,35.07,1857.69,0.701,potato
123.25,46.28,41.0,27.88,68.19,6.69,1576.03,0.66,0.75,25.74,127.68,500.0,0.825,sugarcane
82.01,59.21,29.19,26.69,54.12,5.78,523.66,0.678,0.32,26.22,11.81,1917.91,0.74,tomato
113.23,59.31,47.63,25.75,95.3,7.45,832.47,0.716,0.616,28.41,68.55,500.0,0.809,sugarcane
22.59,50.42,40.61,27.72,56.43,6.61,598.1,0.586,0.471,26.34,62.63,4185.27,0.94,soybean
47.9,41.47,30.88,18.43,36.35,7.19,281.96,0.428,0.323,16.39,71.1,8529.3,0.86,chickpea
90.21,42.41,56.41,21.74,57.4,6.62,692.77,0.647,0.408,23.14,17.34,2652.42,0.84,wheat
72.03,49.18,47.83,11.21,65.52,6.16,550.9,0.408,0.422,14.4,76.01,2308.58,0.693,tomato
66.25,30.13,16.97,21.02,58.38,6.68,691.84,0.516,0.449,23.25,69.64,2043.54,0.809,maize
45.36,56.55,42.67,23.7,67.11,5.89,534.44,0.575,0.39,20.28,61.11,6990.78,0.856,groundnut
52.08,58.98,37.57,19.16,67.39,6.41,586.09,0.589,0.427,18.19,60.95,2522.64,0.854,wheat
91.38,48.41,44.39,20.85,62.87,5.91,610.57,0.673,0.427,16.85,50.18,1907.27,0.826,potato
38.33,24.12,64.03,27.06,63.06,5.78,830.72,0.562,0.6,26.64,117.18,2427.58,0.879,tomato
96.04,40.36,41.38,33.24,75.39,6.9,1468.23,0.597,0.75,29.25,189.46,500.0,0.803,sugarcane
51.3,32.57,25.36,27.75,72.97,5.95,798.44,0.643,0.531,26.26,65.26,5830.23,0.783,soybean
104.32,35.28,53.35,29.54,100.0,6.28,1771.73,0.589,0.75,31.81,158.72,2054.95,1.0,rice
26.5,52.42,24.18,19.43,52.8,7.35,474.82,0.497,0.4,18.04,0.0,5983.69,0.688,chickpea
83.08,62.7,16.21,25.41,50.01,7.15,874.76,0.622,0.476,23.02,57.59,1525.52,0.757,wheat
121.48,41.56,43.7,18.37,80.84,6.31,1109.79,0.526,0.649,18.3,98.13,1594.06,1.0,rice
69.28,43.79,47.43,23.62,57.23,6.37,630.07,0.763,0.386,21.2,69.14,2654.45,0.866,wheat
80.18,56.12,35.21,23.4,70.59,5.99,1078.14,0.641,0.671,21.79,106.29,1975.99,0.785,maize
103.16,30.87,53.8,21.84,51.72,6.52,777.8,0.728,0.534,22.11,76.09,6849.07,0.632,cotton
87.63,32.12,24.18,12.21,73.77,6.15,389.51,0.591,0.399,11.96,49.78,2556.85,0.801,wheat
108.42,51.07,45.57,28.65,81.38,6.73,1815.11,0.647,0.75,33.7,139.46,500.0,0.619,sugarcane
87.85,33.27,35.49,25.77,41.06,6.61,700.19,0.589,0.49,27.64,13.75,6199.14,0.673,cotton
103.85,73.31,54.4,28.84,66.24,6.68,1174.21,0.616,0.6,32.02,90.93,500.0,0.667,sugarcane
63.46,18.04,49.5,24.34,77.58,5.75,610.22,0.716,0.445,23.43,0.0,1925.6,0.68,potato
62.9,31.27,60.18,21.8,56.59,5.17,666.64,0.558,0.518,19.82,114.87,1799.84,0.691,tomato
94.81,52.5,28.77,21.53,69.14,4.85,560.42,0.645,0.414,22.16,45.97,2076.86,0.757,potato
16.73,58.14,37.25,26.61,55.22,6.38,549.22,0.486,0.511,25.9,47.53,5698.63,0.65,chickpea
97.77,45.95,12.7,23.31,74.8,6.04,959.94,0.667,0.578,22.92,106.82,1586.05,0.921,rice
33.34,47.51,33.94,21.7,39.38,6.93,530.01,0.5,0.426,22.34,94.13,6963.97,0.605,chickpea
97.97,30.22,31.85,26.22,56.86,5.6,456.81,0.734,0.345,24.91,0.53,2072.81,0.796,tomato
44.95,62.35,18.24,32.5,80.57,6.22,425.65,0.464,0.469,31.86,0.0,6133.58,0.849,groundnut
125.79,38.2,42.0,25.78,81.5,6.28,691.74,0.707,0.424,29.34,101.52,1784.98,0.934,rice
92.64,54.41,62.06,24.11,61.51,6.39,699.98,0.713,0.406,22.0,32.62,5484.22,0.961,soybean
45.26,42.26,38.03,31.22,55.39,6.2,378.13,0.456,0.324,30.44,50.74,7164.93,0.809,chickpea
96.25,57.0,14.58,26.55,71.9,6.47,691.38,0.628,0.459,24.28,128.44,2316.36,0.641,wheat
94.46,68.1,28.16,22.11,71.39,6.28,675.0,0.609,0.427,22.31,91.76,2077.88,0.898,maize
28.17,52.61,69.02,33.92,43.94,5.45,646.28,0.493,0.431,32.92,35.92,4783.83,0.874,groundnut
80.61,52.16,29.93,24.26,61.12,7.06,222.72,0.694,0.252,21.19,5.04,6621.94,0.846,chickpea
25.64,61.36,50.41,22.38,50.72,6.36,507.2,0.488,0.364,22.73,58.5,4554.26,0.721,groundnut
142.05,33.52,69.37,32.12,77.83,6.16,1019.02,0.605,0.589,32.85,93.18,500.0,0.855,sugarcane
77.85,53.19,38.49,22.24,49.67,6.94,452.22,0.547,0.431,22.86,108.81,2633.08,0.654,wheat
102.21,39.28,51.52,27.86,66.88,6.66,1301.38,0.733,0.74,28.24,196.19,500.0,0.924,sugarcane
68.02,53.98,58.56,20.79,69.22,7.2,604.36,0.574,0.392,23.5,75.05,4361.9,0.771,soybean
49.62,45.7,33.37,20.61,87.92,7.33,558.26,0.656,0.457,20.87,53.61,4324.98,0.888,soybean
84.79,44.85,34.22,28.36,96.41,5.61,1551.65,0.696,0.75,28.88,227.78,2625.78,0.792,rice
27.74,63.89,41.29,19.82,57.92,6.92,428.05,0.465,0.265,18.77,67.77,6478.15,0.571,chickpea
76.22,40.23,39.88,25.1,69.12,6.04,700.64,0.772,0.548,26.65,86.52,2340.62,0.782,tomato
70.92,39.57,23.92,23.24,59.59,6.58,471.88,0.56,0.362,24.74,0.0,2383.0,0.755,wheat
68.8,33.67,10.3,17.67,48.48,6.51,406.73,0.568,0.385,15.94,20.32,2701.73,0.754,wheat
48.36,42.16,54.56,25.25,78.1,6.1,741.95,0.633,0.518,27.16,0.0,6544.13,0.876,soybean
113.9,52.86,46.29,23.25,96.87,5.45,1280.5,0.823,0.75,24.92,91.19,2314.53,0.846,rice
68.81,41.67,51.05,25.13,72.02,6.23,623.04,0.601,0.36,26.41,38.31,2854.56,0.884,tomato
68.13,67.52,26.31,26.13,53.41,6.64,439.69,0.547,0.348,23.84,77.45,6430.85,0.606,chickpea
67.85,27.94,56.09,22.66,67.73,5.34,1019.03,0.75,0.569,25.11,98.69,2729.24,0.844,tomato
95.49,36.6,29.44,32.66,68.09,6.55,526.62,0.599,0.451,30.56,50.13,5045.9,0.565,cotton
96.71,41.1,40.73,29.66,77.19,6.38,1130.68,0.648,0.649,30.2,51.22,2360.74,0.904,rice
71.38,17.83,45.99,15.33,75.68,5.51,675.43,0.478,0.528,13.75,76.51,2260.9,0.817,tomato
145.74,62.81,24.22,31.79,77.82,6.17,1269.11,0.709,0.663,31.27,139.88,2258.37,0.885,rice
44.85,31.5,32.38,25.08,50.78,6.75,799.08,0.566,0.614,24.6,107.85,4950.82,0.934,soybean
87.69,44.56,28.18,27.37,55.53,6.1,807.73,0.717,0.489,26.57,33.59,1790.36,0.861,maize
97.33,25.48,33.51,24.67,44.92,6.77,702.26,0.758,0.553,24.36,117.43,1850.16,0.853,tomato
71.2,39.03,14.83,12.38,69.63,6.84,585.42,0.457,0.454,12.52,98.71,2592.76,0.739,wheat
55.13,58.72,30.94,23.6,48.62,6.97,199.66,0.55,0.194,27.84,50.1,7665.62,0.649,chickpea
107.43,32.85,61.34,29.44,66.03,7.15,1791.85,0.64,0.75,30.31,178.68,500.0,0.837,sugarcane
87.11,70.45,53.67,26.85,67.99,6.62,1257.42,0.616,0.701,25.03,35.75,500.0,0.679,sugarcane
61.26,18.34,25.47,24.19,72.6,5.55,798.34,0.521,0.535,21.77,57.02,2215.64,0.724,tomato
92.96,35.22,40.24,19.39,54.5,5.53,629.33,0.496,0.475,21.43,82.88,1665.87,0.847,potato
17.08,50.39,26.47,21.11,44.61,6.71,587.48,0.578,0.451,22.39,128.39,4957.15,0.61,groundnut
49.72,43.9,41.83,19.22,43.73,7.62,705.83,0.415,0.578,18.0,117.21,2635.83,0.816,wheat
78.75,73.78,36.97,16.83,61.92,6.03,536.36,0.478,0.436,17.99,36.66,1826.43,0.756,potato
115.71,39.98,36.93,19.2,76.24,5.73,496.04,0.707,0.416,19.34,72.52,1873.38,0.834,maize
129.5,34.05,47.28,15.63,58.72,6.94,646.54,0.567,0.451,14.82,148.73,2391.86,0.832,wheat
68.11,81.12,42.34,18.01,59.82,5.8,628.25,0.516,0.525,18.6,94.88,1284.14,0.706,potato
111.71,39.41,30.44,21.74,46.15,6.45,591.93,0.619,0.414,23.2,48.44,2399.46,0.697,wheat
143.59,73.45,48.56,22.65,61.97,6.45,1191.49,0.634,0.75,23.71,100.82,500.0,0.621,sugarcane
79.21,61.06,27.06,18.91,50.9,6.9,972.49,0.567,0.551,19.29,51.3,2332.4,0.95,wheat
136.28,49.12,66.5,28.65,73.15,7.37,1280.49,0.587,0.646,31.52,136.8,500.0,0.891,sugarcane
78.53,42.99,39.79,29.97,52.25,6.54,666.67,0.633,0.386,26.04,46.12,1811.79,0.738,wheat
69.61,58.74,59.87,21.73,67.36,5.84,725.3,0.468,0.528,18.97,52.47,2407.49,0.984,tomato
100.71,42.65,39.88,29.2,65.91,6.39,936.28,0.591,0.65,28.75,64.11,6630.87,0.64,cotton
5.0,32.76,59.01,26.72,63.61,6.49,681.57,0.565,0.44,27.73,18.98,4853.51,0.73,groundnut
87.1,16.43,31.57,29.14,70.23,6.5,842.23,0.672,0.534,31.32,78.53,6549.78,0.759,cotton
57.84,32.01,53.26,23.03,85.23,5.84,616.47,0.698,0.465,23.45,41.71,2504.95,0.94,tomato
95.67,43.79,14.64,25.6,58.45,5.77,751.82,0.644,0.515,29.4,121.47,1723.98,0.974,maize
73.29,33.46,33.08,15.15,69.02,7.16,804.05,0.413,0.541,17.31,47.26,2373.99,0.67,wheat
115.21,61.87,33.33,31.56,70.47,6.56,1632.11,0.657,0.75,29.78,146.43,500.0,0.849,sugarcane
44.14,69.38,17.07,25.32,54.59,7.65,356.13,0.668,0.287,24.66,0.0,7206.62,0.624,chickpea
106.21,50.41,49.2,19.29,81.67,7.06,929.47,0.744,0.515,18.24,67.21,2327.27,0.715,maize
98.64,58.71,33.12,31.74,63.36,5.8,1363.15,0.607,0.75,33.53,121.0,2615.28,0.905,rice
17.77,40.19,35.45,26.19,33.83,6.53,756.83,0.537,0.455,24.02,12.23,4370.57,0.747,groundnut
80.47,38.69,26.31,24.35,65.8,5.62,656.53,0.63,0.468,23.43,115.98,2287.84,0.837,tomato
123.32,56.39,59.6,20.56,89.92,7.18,1652.95,0.734,0.75,25.87,152.88,500.0,0.844,sugarcane
80.2,54.09,37.41,22.46,65.07,6.95,769.76,0.7,0.511,19.64,71.84,1630.55,0.788,maize
75.15,63.38,31.45,16.85,77.53,5.47,607.63,0.499,0.468,16.72,77.26,1844.74,0.801,potato
65.72,39.49,34.08,26.31,77.25,6.99,818.18,0.561,0.524,27.59,52.9,3887.82,0.839,soybean
98.98,42.12,16.92,28.3,50.08,5.89,817.84,0.596,0.498,27.57,69.93,1525.54,0.895,maize
66.09,37.98,50.4,25.04,61.24,5.76,869.41,0.623,0.496,24.5,86.73,2914.2,0.773,tomato
47.75,34.12,33.34,25.24,76.43,4.67,716.49,0.471,0.516,28.43,59.46,2284.45,0.884,tomato
64.92,47.08,29.81,33.46,95.88,5.49,620.81,0.452,0.47,35.7,71.06,5399.18,0.922,soybean
116.5,51.94,46.86,28.09,75.85,6.53,1245.26,0.657,0.692,28.63,110.3,500.0,0.679,sugarcane
85.62,36.25,43.32,27.2,58.33,7.12,560.22,0.608,0.394,24.56,53.62,6011.58,0.775,cotton
65.19,49.0,50.9,24.12,49.73,7.91,459.43,0.573,0.392,23.04,59.02,7787.67,0.699,chickpea
69.94,60.6,37.16,15.01,66.09,5.79,611.76,0.574,0.472,20.29,111.78,1718.62,0.552,potato
94.87,58.69,59.59,22.45,69.49,5.6,715.63,0.507,0.568,23.83,128.91,1497.71,0.846,potato
31.93,59.18,35.06,18.05,53.03,7.12,580.27,0.384,0.397,21.93,64.73,6746.41,0.797,chickpea
86.23,63.8,27.15,22.82,21.72,7.32,407.78,0.494,0.367,23.8,55.19,7847.59,0.731,chickpea
34.18,40.63,48.64,25.05,55.3,5.73,645.75,0.544,0.457,27.43,27.94,5724.59,0.604,groundnut
77.33,35.29,48.98,29.46,60.02,6.72,527.04,0.53,0.424,27.71,52.9,6317.49,0.734,cotton
7.43,66.13,34.87,20.58,47.46,6.41,406.37,0.367,0.34,20.97,77.66,7949.39,0.699,chickpea
95.61,36.23,41.77,31.8,91.22,5.74,1340.74,0.627,0.75,29.85,108.1,2313.81,0.812,rice
51.27,52.2,15.91,19.52,51.57,7.23,433.74,0.455,0.451,20.55,58.88,6771.06,0.588,chickpea
114.78,28.18,58.96,21.61,70.78,7.67,1516.19,0.741,0.75,19.59,177.15,500.0,0.651,sugarcane
155.19,40.81,45.44,23.92,71.24,7.06,1442.25,0.821,0.705,20.97,181.14,2339.15,0.82,rice
84.09,64.74,43.7,24.43,57.04,6.68,542.44,0.691,0.438,26.41,0.0,1810.01,0.72,maize
126.73,43.82,27.2,25.15,79.81,5.62,1002.52,0.784,0.676,24.28,49.64,2156.6,0.96,maize
29.23,57.83,50.33,25.57,48.71,7.49,526.28,0.643,0.397,23.91,66.32,6640.55,0.622,chickpea
85.0,46.27,44.42,15.08,82.35,4.98,928.61,0.565,0.52,15.27,100.64,2203.01,0.595,potato
83.49,26.57,51.32,25.31,44.52,6.95,428.97,0.576,0.286,25.73,49.41,9012.28,0.841,cotton
75.61,76.84,12.98,27.19,71.23,5.85,803.92,0.575,0.529,26.34,61.37,4303.07,0.598,soybean
132.9,39.69,67.64,23.13,53.95,6.65,680.64,0.724,0.468,22.72,35.25,6230.13,0.661,cotton
91.83,62.54,33.26,24.34,56.4,7.01,591.29,0.487,0.492,24.14,67.16,2487.47,0.721,wheat
50.18,20.78,19.98,22.37,72.6,6.78,673.04,0.56,0.493,21.93,73.03,4778.37,0.623,soybean
26.86,53.59,40.06,26.0,72.26,6.81,248.49,0.48,0.334,28.76,0.0,5768.07,0.802,groundnut
89.85,71.24,42.72,23.32,75.6,5.86,906.24,0.638,0.579,20.44,82.38,1867.5,0.845,tomato
63.94,30.58,35.53,30.99,61.7,6.63,919.39,0.525,0.545,33.71,39.76,7053.75,0.676,cotton
18.27,78.36,44.2,30.42,67.88,6.06,556.08,0.423,0.485,30.11,112.6,4400.91,0.81,groundnut
38.02,47.18,26.42,23.8,69.78,6.28,671.38,0.451,0.445,22.32,96.48,4520.67,0.841,soybean
131.61,41.47,48.12,34.42,74.57,7.37,1331.68,0.596,0.652,37.82,95.02,500.0,0.758,sugarcane
59.88,43.06,34.13,23.35,68.29,6.69,807.77,0.694,0.524,21.31,144.19,2870.06,0.88,maize
66.89,46.13,40.38,17.94,42.91,6.34,589.82,0.676,0.452,18.71,28.98,1642.96,0.81,potato
91.58,42.11,62.03,32.84,73.4,6.94,1021.15,0.597,0.634,37.32,6.71,6775.41,0.875,cotton
85.75,34.46,58.93,17.13,71.47,5.78,662.97,0.562,0.425,19.12,49.02,1379.72,0.687,potato
119.48,22.28,47.87,27.67,68.8,6.1,943.74,0.687,0.523,26.63,119.1,6792.14,0.679,cotton
71.73,46.62,62.66,21.59,65.97,5.6,681.43,0.533,0.416,22.11,91.61,1824.12,0.743,tomato
112.2,35.58,68.9,30.68,74.81,6.14,939.84,0.657,0.638,27.08,101.32,1724.97,0.818,rice
49.27,51.66,39.22,27.06,43.16,7.28,470.05,0.54,0.297,27.04,70.55,6815.87,0.556,chickpea
134.17,57.64,15.19,25.43,74.25,6.14,1342.86,0.697,0.747,27.1,161.16,500.0,0.734,sugarcane
73.28,63.18,40.11,19.31,56.86,6.04,784.09,0.571,0.496,19.96,61.98,2554.52,0.897,maize
142.78,45.49,45.89,33.65,71.23,7.27,1732.36,0.722,0.75,33.43,214.49,500.0,0.824,sugarcane
99.86,47.53,41.13,25.84,63.81,6.39,916.15,0.687,0.689,26.14,78.35,7093.46,0.859,cotton
97.49,43.15,29.93,26.61,81.78,6.67,1868.47,0.644,0.75,28.92,199.7,500.0,0.766,sugarcane
147.71,43.5,26.98,27.58,78.54,7.46,1580.78,0.811,0.75,29.25,118.4,500.0,0.661,sugarcane
105.48,54.07,56.74,26.13,82.64,7.0,1307.64,0.773,0.695,27.84,105.46,500.0,0.784,sugarcane
62.42,50.15,51.17,22.16,77.57,5.3,862.3,0.526,0.582,20.47,105.6,2188.8,0.651,tomato
54.68,56.31,27.53,23.09,43.14,7.69,428.75,0.588,0.448,22.73,16.58,5941.93,0.7,chickpea
23.35,60.87,26.54,24.76,54.86,6.89,283.02,0.488,0.407,28.25,119.07,6890.37,0.591,chickpea
99.95,28.17,51.58,32.04,54.38,7.05,675.35,0.609,0.379,28.83,96.24,7288.69,0.79,cotton
81.36,28.77,50.56,17.04,83.34,5.6,540.35,0.652,0.461,19.36,68.89,1918.2,0.706,potato
111.38,31.5,48.82,25.02,43.7,6.83,960.53,0.6,0.571,27.28,112.03,8113.04,0.713,cotton
86.44,17.03,17.87,21.81,57.3,6.53,943.51,0.652,0.627,21.71,75.33,2208.43,0.873,wheat
106.71,40.72,61.31,21.66,54.9,5.8,593.44,0.586,0.455,18.94,90.06,1560.18,0.699,potato
69.59,59.15,64.61,18.09,58.69,5.86,837.46,0.421,0.528,17.14,130.15,1646.62,0.819,tomato
95.91,47.39,44.91,21.46,38.98,6.8,503.5,0.623,0.299,20.62,93.91,1282.63,0.843,potato
15.6,51.45,26.8,22.79,63.18,5.92,601.9,0.515,0.575,21.49,48.42,5176.66,0.903,groundnut
98.92,53.7,45.38,26.37,68.82,6.25,819.73,0.685,0.584,23.86,28.33,2721.21,0.789,rice
130.19,30.97,39.37,20.81,55.86,6.42,580.63,0.696,0.428,21.43,74.81,2754.36,0.886,wheat
85.46,72.5,15.31,22.3,63.25,6.93,1003.11,0.59,0.606,20.85,72.47,2322.97,0.677,maize
91.25,44.9,19.41,21.95,66.97,6.78,696.36,0.69,0.449,21.29,40.35,1872.04,0.717,tomato
93.13,40.23,21.9,22.81,73.88,6.01,854.32,0.668,0.51,25.47,71.17,1771.6,0.676,potato
43.71,34.66,28.66,22.59,51.24,6.59,580.23,0.589,0.382,22.3,37.33,6974.51,0.848,chickpea
43.16,64.05,50.59,22.19,33.38,7.65,304.27,0.494,0.282,22.22,0.0,5220.75,0.698,chickpea
114.09,31.06,50.5,30.22,64.65,6.67,925.0,0.58,0.601,28.81,62.38,6609.98,0.787,cotton
79.46,71.48,49.58,29.55,63.7,6.74,737.71,0.635,0.483,31.89,92.83,4470.15,0.878,soybean
63.05,38.4,47.43,21.78,61.16,6.27,557.67,0.526,0.431,21.57,55.39,7411.51,0.704,groundnut
76.35,39.49,56.64,22.4,75.31,6.45,473.78,0.602,0.514,24.05,32.15,5738.63,0.818,soybean
23.39,64.05,31.46,22.9,75.21,5.08,653.31,0.47,0.506,24.02,85.39,5885.92,0.845,soybean
83.87,61.02,10.53,15.24,51.68,6.33,646.36,0.509,0.421,16.13,24.52,2589.77,0.727,wheat
110.11,53.58,54.47,30.12,82.11,6.73,1201.56,0.643,0.647,26.5,134.67,500.0,0.69,sugarcane
114.78,45.49,71.41,24.18,79.5,6.36,1421.69,0.724,0.75,27.49,192.13,500.0,0.804,sugarcane
43.93,65.24,24.57,19.06,44.91,7.21,324.04,0.533,0.312,21.19,0.0,6292.18,0.647,chickpea
120.38,25.58,50.98,31.27,93.83,7.09,996.76,0.737,0.665,31.16,108.2,2881.22,0.759,rice
89.45,14.25,43.44,18.81,73.83,5.5,830.88,0.567,0.487,16.92,37.13,2188.35,0.872,tomato
5.0,41.05,14.86,26.4,52.16,6.73,459.53,0.506,0.327,26.69,94.56,8025.83,0.785,chickpea
108.75,59.87,37.95,25.42,63.64,5.79,1058.5,0.777,0.596,26.38,53.33,2629.15,0.874,rice
36.04,61.89,33.48,18.14,47.34,6.51,456.37,0.352,0.398,14.88,31.52,6991.5,0.779,chickpea
56.95,62.23,31.91,32.53,56.64,5.54,849.85,0.41,0.507,32.25,99.51,5529.31,0.655,soybean
116.14,43.91,53.7,31.01,86.15,6.9,1026.75,0.624,0.606,29.99,85.46,2155.19,0.811,rice
91.53,26.25,43.05,20.19,74.26,5.97,1004.7,0.594,0.525,20.07,107.39,1993.31,0.735,tomato
33.44,49.47,58.66,21.99,67.05,6.45,1014.71,0.644,0.646,29.07,102.47,1584.88,0.739,soybean
7.91,67.4,80.67,26.5,61.16,7.05,342.76,0.56,0.381,24.96,16.07,4655.52,0.873,groundnut
43.17,45.02,19.03,30.77,77.57,6.3,657.64,0.395,0.517,28.29,76.21,4739.95,0.766,soybean
5.0,57.1,40.86,27.89,68.57,6.4,747.42,0.522,0.477,27.41,0.0,5015.09,0.722,groundnut
82.92,53.12,32.04,24.67,69.38,5.08,526.17,0.692,0.371,24.52,0.0,2166.03,0.605,tomato
117.7,29.05,46.32,33.21,70.81,6.52,1760.17,0.75,0.75,33.24,182.38,2461.32,0.839,rice
56.62,64.21,48.69,26.39,70.11,6.28,801.36,0.69,0.548,22.97,64.73,7549.07,0.803,cotton
119.14,50.09,65.24,28.01,82.66,7.12,1476.35,0.768,0.75,27.9,149.96,500.0,0.684,sugarcane
58.53,67.32,32.69,21.38,92.21,5.96,365.2,0.571,0.525,20.96,82.96,1541.71,0.694,potato
48.72,51.76,33.99,32.19,47.28,6.82,470.88,0.384,0.359,30.87,20.47,7807.84,0.62,chickpea
102.5,28.42,19.88,24.73,43.13,6.05,665.04,0.657,0.438,29.34,31.7,2578.21,0.789,wheat
99.83,56.91,52.46,32.09,76.12,6.32,1563.42,0.643,0.75,34.28,110.61,500.0,0.801,sugarcane
49.38,42.57,31.68,21.52,79.01,6.74,955.89,0.653,0.486,22.2,75.07,5604.1,0.716,soybean
91.8,42.65,27.94,21.91,59.38,6.72,638.6,0.601,0.527,18.53,74.66,2406.05,0.583,wheat
93.6,54.12,47.76,18.6,78.76,5.74,716.02,0.611,0.531,19.23,64.62,2222.27,0.838,potato
72.22,42.47,34.54,29.02,63.92,6.54,534.01,0.59,0.451,32.46,36.66,5043.0,0.911,soybean
102.06,32.1,19.73,16.23,66.28,6.23,967.04,0.521,0.564,20.19,27.58,2483.01,0.742,maize
89.19,31.02,26.66,28.24,48.85,6.1,516.63,0.583,0.403,28.79,30.64,8122.75,0.729,cotton
71.24,32.68,52.11,30.9,54.87,5.78,620.94,0.549,0.358,33.62,63.73,2298.38,0.828,tomato
40.21,65.08,17.06,27.91,52.81,6.22,621.49,0.617,0.445,28.13,82.99,6005.23,0.833,groundnut
57.04,41.63,54.07,21.54,60.73,6.78,765.12,0.624,0.553,19.78,112.41,2021.06,0.74,tomato
61.98,52.27,19.63,31.02,44.18,7.15,837.14,0.51,0.482,31.82,82.4,2447.54,0.831,maize
125.42,62.65,59.44,24.13,58.76,7.23,1911.29,0.877,0.75,27.65,154.92,500.0,0.864,sugarcane
128.81,50.73,38.89,14.2,87.59,5.66,689.47,0.619,0.498,13.12,20.54,2103.05,0.718,potato
67.92,63.05,39.77,16.45,73.27,5.03,719.68,0.493,0.561,19.03,94.37,1580.77,0.605,potato
113.44,45.08,50.2,23.15,80.23,6.05,808.61,0.737,0.517,21.19,55.83,2173.22,0.969,tomato
71.37,54.46,40.72,21.53,58.15,6.95,546.26,0.412,0.433,22.05,65.29,5443.28,0.628,chickpea
69.84,39.15,47.62,24.55,65.92,5.25,681.72,0.573,0.491,22.34,81.44,2750.41,0.737,tomato
58.52,32.04,51.98,21.16,68.36,5.66,778.54,0.559,0.509,21.93,42.61,1821.63,0.864,maize
75.45,43.98,10.06,20.68,59.83,5.93,706.58,0.6,0.497,23.21,61.67,1621.29,0.608,maize
82.29,54.89,48.92,19.53,64.4,6.37,809.51,0.546,0.537,16.13,96.81,1887.76,0.602,maize
106.43,55.37,36.38,32.31,72.0,7.08,818.63,0.684,0.5,35.2,65.48,2564.52,0.977,rice
48.59,52.59,27.1,25.06,59.95,6.37,609.41,0.606,0.468,26.47,71.79,5976.92,1.0,soybean
50.09,49.51,24.73,26.57,70.37,5.19,467.38,0.54,0.499,26.33,42.42,1656.94,0.833,potato
89.52,62.35,23.33,27.42,72.21,6.92,642.43,0.517,0.498,29.67,91.31,1935.68,1.0,rice
53.02,72.79,31.26,21.56,72.46,6.09,717.62,0.525,0.44,19.84,100.82,2871.1,0.864,tomato
18.71,72.63,27.88,33.71,62.56,6.09,455.22,0.451,0.385,32.24,23.65,5778.24,0.767,groundnut
48.97,72.81,13.72,22.12,49.68,6.61,433.78,0.563,0.339,22.23,7.69,6300.8,0.793,chickpea
113.41,36.48,58.11,26.48,48.05,6.53,826.31,0.799,0.445,27.17,53.02,7170.46,0.664,cotton
73.92,39.06,57.06,23.79,88.31,6.33,827.59,0.541,0.671,22.48,82.42,1984.61,0.708,tomato
122.82,71.4,39.57,29.12,80.78,6.8,1751.65,0.752,0.75,32.22,157.08,500.0,0.734,sugarcane
66.87,64.33,39.7,20.2,67.1,7.58,864.66,0.483,0.555,19.65,152.8,2656.43,0.65,wheat
82.3,54.7,38.3,16.95,67.85,5.63,790.31,0.594,0.569,17.42,50.1,1987.95,0.52,potato
77.71,47.93,49.96,21.86,57.07,6.88,725.05,0.634,0.448,23.26,102.19,5715.16,0.69,soybean
85.01,58.44,43.46,29.92,46.03,6.28,771.22,0.582,0.53,28.71,15.87,8178.19,0.656,cotton
54.58,41.48,24.29,25.02,30.87,7.55,290.68,0.595,0.292,24.39,46.53,5795.44,0.67,chickpea
78.8,78.19,38.57,26.16,58.63,6.08,738.09,0.5,0.551,23.91,59.27,7789.1,0.73,cotton
109.31,50.47,50.66,22.89,77.52,6.15,1544.73,0.764,0.75,22.19,133.18,500.0,0.869,sugarcane
68.41,52.29,37.04,19.85,51.28,7.47,970.1,0.584,0.435,19.78,60.03,2238.39,0.828,wheat
131.05,37.7,54.44,32.93,81.9,7.63,1443.53,0.666,0.75,34.46,119.37,500.0,0.965,sugarcane
111.03,52.69,32.05,21.33,71.43,7.07,774.23,0.639,0.489,22.53,54.99,6333.13,0.828,cotton
83.68,25.41,53.87,23.07,72.33,6.31,524.76,0.657,0.398,24.79,23.93,4867.28,0.697,cotton
89.97,53.97,32.83,27.27,71.08,7.42,593.0,0.707,0.433,30.02,119.83,6065.93,0.815,cotton
75.32,42.67,52.81,21.58,66.32,6.2,622.28,0.494,0.533,23.35,47.63,2272.04,0.911,tomato
119.8,46.76,52.49,20.96,73.99,7.03,1476.77,0.723,0.75,21.58,131.29,2015.79,0.931,rice
37.28,57.27,48.51,20.73,44.88,6.98,424.29,0.488,0.449,19.18,86.57,7400.71,0.556,chickpea
97.73,53.79,47.93,12.68,60.12,5.6,550.62,0.507,0.4,13.66,51.69,1977.52,0.581,potato
105.02,42.91,52.53,27.8,43.24,6.57,708.52,0.686,0.442,27.89,73.42,6251.82,0.635,cotton
108.0,36.12,29.5,22.15,71.39,6.41,817.33,0.673,0.64,24.28,68.97,2499.77,0.7,wheat
90.59,30.8,38.25,24.03,53.09,6.76,947.46,0.634,0.551,25.48,87.72,1491.76,0.869,maize
74.33,56.73,22.65,13.26,28.54,6.44,885.31,0.453,0.462,18.12,58.86,2084.37,0.717,wheat
73.87,56.0,28.72,19.89,73.52,6.14,344.35,0.534,0.337,20.09,51.26,2204.11,0.681,potato
63.5,52.4,23.86,25.69,83.54,6.52,772.61,0.731,0.508,27.47,58.71,5582.34,0.87,soybean
134.24,54.35,49.7,30.7,57.37,6.0,1280.49,0.715,0.652,30.61,132.53,500.0,0.956,sugarcane
77.84,44.96,33.67,21.46,55.82,6.08,420.23,0.571,0.451,20.38,30.8,7241.16,0.751,chickpea
127.92,36.55,63.42,29.33,65.85,6.06,870.39,0.645,0.544,31.85,74.2,7365.18,0.745,cotton
56.94,11.66,43.07,25.41,63.07,6.51,436.61,0.679,0.356,24.01,34.51,2641.89,0.902,wheat
32.54,40.83,57.82,15.74,53.31,7.05,592.78,0.518,0.471,14.3,66.42,2146.34,0.7,wheat
129.52,42.83,42.53,26.79,75.19,6.77,1304.26,0.605,0.656,27.9,161.17,500.0,0.719,sugarcane
50.42,48.52,35.72,23.54,59.89,6.53,608.8,0.6,0.486,23.1,30.34,4964.95,0.858,groundnut
111.64,65.17,52.62,22.49,85.36,6.74,1411.52,0.672,0.75,22.95,106.59,500.0,0.694,sugarcane
34.02,45.97,50.16,24.75,51.67,5.93,434.77,0.587,0.364,27.04,0.0,6602.87,0.796,groundnut
58.95,42.0,41.2,19.98,58.86,6.74,750.47,0.633,0.539,22.33,38.04,3129.87,0.811,wheat
98.7,59.26,23.89,20.04,67.75,5.68,480.41,0.692,0.487,17.68,0.0,1894.25,0.945,maize
72.1,63.8,49.67,14.78,35.91,7.01,532.79,0.501,0.323,17.05,50.43,7258.28,0.639,chickpea
86.91,49.56,50.37,29.43,50.02,7.08,1134.57,0.563,0.623,31.61,71.61,5159.45,0.83,soybean
148.49,56.02,46.22,28.26,74.05,5.97,2012.32,0.757,0.75,24.13,119.77,500.0,0.738,sugarcane
30.57,67.04,22.93,27.38,54.57,7.11,1051.31,0.566,0.65,23.21,82.41,4800.9,0.824,soybean
43.83,24.06,62.06,24.95,67.9,5.66,967.94,0.608,0.648,27.39,143.51,4333.24,0.769,soybean
62.0,48.89,31.45,26.05,80.76,6.49,665.26,0.585,0.486,24.59,93.13,2366.31,0.946,maize
87.03,36.3,48.53,24.65,83.01,5.77,485.95,0.626,0.454,21.51,29.54,2224.89,0.733,tomato
138.06,18.68,45.53,24.94,95.56,6.97,1259.03,0.88,0.75,25.09,212.42,2189.66,0.829,rice
37.35,48.75,32.38,23.98,57.56,6.69,741.65,0.549,0.495,22.87,17.98,2604.43,0.699,wheat
101.54,39.85,37.05,29.38,91.26,5.87,1354.84,0.649,0.75,32.4,127.07,1648.94,0.924,rice
109.96,50.54,47.14,26.8,100.0,6.66,678.2,0.69,0.536,28.02,132.01,1962.6,0.965,rice
98.71,53.73,29.14,30.03,78.05,6.0,520.01,0.601,0.467,28.27,26.21,1818.07,0.796,tomato
99.76,40.85,52.17,17.1,78.66,5.36,577.97,0.525,0.519,16.48,38.3,1748.71,0.719,potato
104.78,67.95,59.16,38.6,68.77,5.68,876.0,0.491,0.568,37.16,100.34,500.0,0.858,sugarcane
65.02,26.72,52.91,19.29,76.13,7.13,796.21,0.493,0.523,25.15,99.75,2160.81,0.794,maize
55.0,25.39,29.5,25.91,84.77,5.72,796.89,0.529,0.565,27.25,29.0,2132.72,0.882,tomato
87.86,35.06,46.04,33.93,65.22,6.03,545.89,0.58,0.429,36.77,72.63,5903.21,0.632,cotton
34.39,51.42,30.06,25.94,51.04,7.13,317.11,0.347,0.394,30.22,19.72,6743.08,0.732,chickpea
98.73,48.48,57.71,22.69,39.31,6.24,503.2,0.582,0.44,20.9,62.1,2201.41,0.829,wheat
87.49,17.95,42.93,28.42,67.13,6.6,996.65,0.612,0.614,31.68,141.46,6507.73,0.65,cotton
77.77,49.94,23.24,24.85,56.13,6.87,638.41,0.649,0.462,26.26,61.64,2926.43,0.706,wheat
79.52,42.15,26.8,22.6,86.17,5.67,650.98,0.611,0.503,21.44,82.13,2265.11,0.887,tomato
83.35,27.72,16.67,31.51,69.08,5.8,1149.41,0.67,0.648,33.42,103.9,1678.45,0.731,rice
45.25,36.24,43.78,20.81,45.91,7.91,491.34,0.555,0.361,19.64,99.07,8910.24,0.794,chickpea
123.15,49.38,36.77,26.33,70.6,7.23,955.84,0.811,0.667,25.04,144.64,500.0,0.913,sugarcane
58.8,45.58,48.84,25.14,60.8,6.27,450.59,0.583,0.437,22.83,0.0,3916.48,0.741,soybean
95.61,42.4,34.92,14.77,83.79,6.25,764.11,0.447,0.581,13.46,37.43,1440.84,0.738,potato
117.68,59.55,28.91,28.66,59.13,6.06,1768.38,0.619,0.75,26.77,201.78,2156.61,0.749,rice
38.6,47.12,32.89,8.0,63.6,5.72,569.69,0.413,0.45,8.9,123.33,1990.32,0.639,potato
74.87,33.83,49.24,24.31,56.19,6.35,752.01,0.561,0.469,21.73,64.87,7334.35,0.801,cotton
35.38,51.47,41.15,23.85,66.0,6.62,538.35,0.566,0.43,27.73,74.65,4589.38,0.76,groundnut
97.06,33.42,32.47,23.07,70.52,5.78,671.22,0.679,0.466,23.05,75.03,2242.02,0.881,rice
68.03,65.53,36.98,29.02,58.87,7.42,442.63,0.537,0.318,26.83,69.22,7192.14,0.843,groundnut
35.88,50.61,45.4,28.08,55.39,5.65,610.47,0.538,0.488,23.9,62.2,5515.72,0.711,groundnut
108.69,59.97,61.1,25.9,77.13,5.46,657.34,0.888,0.409,26.52,64.35,2481.6,0.83,tomato
115.41,58.68,52.93,23.19,79.96,6.42,1509.08,0.7,0.75,23.13,118.05,2206.7,0.904,rice
93.45,49.59,45.79,20.89,77.83,7.64,795.34,0.64,0.532,19.96,121.91,6981.86,0.917,cotton
22.08,63.93,79.51,31.14,47.58,6.54,502.95,0.424,0.332,32.18,5.89,3798.36,0.719,groundnut
69.25,52.51,38.45,25.36,66.38,5.86,613.31,0.573,0.465,25.02,50.06,2617.7,0.845,tomato
38.55,66.36,49.09,20.95,61.34,6.88,469.61,0.493,0.506,24.69,74.57,6264.82,0.529,chickpea
82.23,43.83,21.98,25.08,27.17,6.66,813.15,0.542,0.495,23.71,68.41,2740.54,0.8,wheat
69.05,39.2,34.51,22.32,70.12,6.07,432.28,0.705,0.459,20.2,61.27,1547.7,0.572,potato
79.95,28.39,65.0,28.8,80.85,7.01,1694.51,0.545,0.75,28.4,187.19,1945.84,1.0,rice
72.99,68.24,41.32,21.92,57.52,6.27,928.34,0.521,0.469,22.65,113.19,6216.94,0.652,soybean
12.52,66.89,25.96,16.13,47.39,6.71,367.52,0.338,0.343,15.15,4.12,8259.6,0.746,chickpea
38.0,78.84,28.63,20.66,53.42,7.78,534.54,0.532,0.44,20.75,72.99,4033.68,0.67,chickpea
147.81,45.82,49.77,20.51,53.42,6.99,731.63,0.645,0.427,21.59,50.93,6515.99,0.73,cotton
34.19,59.47,24.12,19.1,63.45,6.69,544.51,0.562,0.399,17.32,44.79,5438.59,0.712,chickpea
103.24,15.08,24.12,28.17,56.54,6.18,455.18,0.569,0.347,30.12,64.69,2784.27,0.674,wheat
48.09,30.72,55.21,26.64,80.85,5.25,778.06,0.559,0.503,25.56,73.73,2418.14,0.922,tomato
36.43,56.29,54.44,19.21,68.94,6.73,777.03,0.624,0.52,17.9,39.86,2207.8,0.904,tomato
68.91,38.9,43.21,29.52,58.96,7.37,737.86,0.619,0.55,29.79,56.1,6882.46,0.834,cotton
66.76,79.54,54.01,17.31,60.33,4.58,406.66,0.416,0.334,17.29,34.09,1558.9,0.725,potato
76.21,52.4,40.4,20.98,63.74,5.88,746.02,0.67,0.485,21.73,95.05,1864.11,0.806,potato
58.16,26.48,54.89,20.73,70.75,6.41,972.36,0.51,0.571,22.11,76.32,5824.69,0.714,soybean
101.34,41.0,54.99,28.61,59.05,6.48,774.17,0.55,0.474,32.81,60.72,7711.44,0.711,cotton
83.22,32.82,45.43,28.96,58.02,6.68,675.66,0.549,0.418,31.59,90.23,8088.92,0.75,cotton
69.65,10.63,43.82,23.44,74.89,5.74,581.26,0.626,0.385,23.73,0.0,2569.87,0.878,tomato
116.95,6.08,43.67,31.68,53.73,6.66,419.54,0.658,0.362,31.04,30.07,7305.7,0.706,cotton
37.29,63.12,40.35,23.81,49.24,6.64,325.52,0.529,0.343,25.55,22.5,5346.84,0.564,chickpea
108.98,42.75,29.41,28.62,87.0,5.95,1778.36,0.625,0.75,32.91,209.97,2396.18,0.833,rice
74.74,48.71,55.95,22.93,54.49,6.83,722.4,0.507,0.515,22.48,63.7,2332.17,0.903,maize
83.42,53.9,41.61,23.41,71.86,6.36,1509.26,0.708,0.75,22.56,188.51,500.0,0.88,sugarcane
87.39,53.07,37.91,22.49,66.22,5.31,770.42,0.584,0.564,22.19,97.42,1544.25,0.633,potato
112.76,19.42,36.97,25.75,54.36,6.68,743.82,0.887,0.496,23.1,68.34,7144.4,0.699,cotton
64.71,24.42,32.87,18.77,66.63,6.22,729.24,0.602,0.456,15.07,65.04,1866.92,0.832,maize
28.34,51.17,44.78,25.8,42.54,6.06,663.28,0.582,0.481,25.5,89.61,5849.12,0.589,groundnut
75.98,69.11,27.48,28.92,86.95,6.11,852.78,0.599,0.61,30.1,85.22,2496.11,0.935,rice
74.93,33.21,62.6,28.72,78.05,6.39,720.06,0.685,0.504,32.96,39.03,1827.49,0.671,tomato
29.61,57.76,20.97,11.3,55.22,6.87,340.12,0.45,0.433,13.84,41.93,3414.75,0.818,chickpea
84.28,36.89,40.63,19.97,62.76,6.0,740.87,0.615,0.474,19.59,56.48,2554.86,0.854,maize
69.63,34.52,55.63,25.39,56.3,5.9,521.1,0.657,0.371,25.71,70.28,2374.66,0.755,tomato
66.9,22.5,45.16,28.89,69.96,6.1,695.84,0.569,0.618,31.51,135.17,3151.96,0.939,tomato
43.37,71.84,27.55,16.12,48.29,7.78,443.18,0.44,0.311,17.2,79.12,6326.93,0.775,chickpea
80.43,54.73,41.25,22.59,76.94,5.48,882.31,0.564,0.597,26.58,86.83,4737.83,0.738,soybean
111.22,23.74,25.24,23.79,73.3,6.05,1127.08,0.718,0.656,22.34,36.56,1872.35,0.795,rice
144.53,45.44,44.46,30.57,58.25,6.57,1858.65,0.658,0.75,33.13,211.59,500.0,0.626,sugarcane
77.36,61.74,40.95,25.1,71.24,6.35,660.55,0.624,0.444,24.78,66.43,6168.46,0.907,groundnut
71.33,46.34,43.02,18.57,74.39,6.62,662.07,0.563,0.575,19.32,96.36,2216.02,0.826,wheat
139.37,63.76,48.36,35.53,73.87,6.93,1375.3,0.657,0.742,33.71,151.38,500.0,0.739,sugarcane
79.37,62.93,35.24,34.14,57.53,6.48,784.57,0.473,0.554,35.67,69.48,2200.31,0.846,maize
114.01,40.88,61.82,25.75,50.21,8.17,640.32,0.778,0.481,26.35,109.84,2454.31,0.772,wheat
58.33,40.61,35.8,19.8,46.35,6.68,702.28,0.548,0.46,19.58,66.01,2307.76,0.604,wheat
69.51,49.37,42.83,27.53,64.25,5.87,711.63,0.541,0.493,27.03,146.24,2381.82,0.917,maize
75.85,42.38,47.3,26.26,70.58,6.24,686.59,0.596,0.583,30.77,106.42,2011.53,0.709,maize
76.43,59.47,48.16,15.15,71.25,5.83,449.73,0.584,0.469,12.86,22.65,1651.51,0.791,potato
62.38,51.71,26.08,25.58,73.63,6.58,727.77,0.547,0.467,23.22,53.95,2139.64,0.693,tomato
96.58,35.02,53.53,30.06,60.51,5.63,753.35,0.593,0.605,31.38,98.54,8561.99,0.761,cotton
40.63,34.39,48.98,19.06,79.2,7.48,627.8,0.476,0.536,21.23,45.55,4483.38,0.747,soybean
17.27,52.37,17.62,29.05,58.87,6.16,380.25,0.529,0.47,31.48,17.87,4286.9,0.622,groundnut
101.92,54.23,49.34,22.29,43.09,6.19,824.98,0.705,0.512,22.45,70.88,6977.58,0.872,cotton
128.77,40.52,40.22,26.65,57.4,6.89,908.21,0.706,0.49,28.99,59.43,7094.27,0.483,cotton
79.23,21.43,26.91,23.09,46.25,6.75,462.95,0.602,0.353,20.65,73.96,2704.79,0.683,wheat
91.19,27.06,45.16,22.73,59.33,6.15,556.9,0.656,0.461,20.64,115.8,2338.95,0.872,wheat
70.35,28.68,24.95,17.24,49.03,5.79,762.98,0.482,0.514,16.61,75.49,2153.33,0.777,wheat
90.0,53.6,26.52,25.64,63.91,7.16,851.97,0.686,0.501,28.57,102.94,2529.74,0.802,maize
16.88,59.71,48.65,24.92,45.17,7.38,450.96,0.497,0.357,25.8,0.0,6008.54,0.737,chickpea
34.44,52.63,25.89,22.13,43.78,7.35,552.08,0.519,0.432,26.37,14.17,5297.37,0.769,chickpea
85.18,39.43,26.94,23.97,48.64,5.72,1033.82,0.69,0.593,27.03,116.76,2108.68,0.685,maize
38.38,53.3,43.8,21.76,49.06,6.8,531.86,0.505,0.423,23.85,50.11,6402.67,0.677,chickpea
28.95,50.04,49.61,31.11,84.5,5.76,460.53,0.506,0.419,29.51,0.0,5909.51,0.84,groundnut
95.07,49.38,42.25,28.09,73.57,6.53,1170.09,0.706,0.615,29.83,132.16,2417.79,0.818,rice
87.53,33.14,43.96,22.8,67.89,7.35,289.14,0.595,0.358,20.56,26.91,2121.46,0.739,wheat
120.68,39.67,53.99,36.29,80.49,5.87,1271.14,0.505,0.75,36.91,108.67,2372.0,0.8,rice
53.02,34.96,29.02,20.6,70.53,6.96,323.96,0.601,0.356,22.09,67.59,5667.99,0.659,chickpea
100.27,34.75,20.82,26.48,54.07,6.62,1100.35,0.719,0.645,27.02,96.6,2063.91,0.763,maize
92.21,39.87,68.04,15.16,65.8,5.24,656.86,0.542,0.481,13.9,50.73,1782.05,0.704,potato
89.53,45.9,16.87,21.67,85.8,5.33,1073.19,0.684,0.656,18.3,107.28,1864.91,0.939,maize
36.13,63.4,44.49,18.16,36.47,6.4,516.23,0.398,0.359,15.69,52.12,6270.52,0.744,chickpea
23.58,60.75,45.17,24.4,57.82,6.91,770.91,0.527,0.529,26.23,91.4,4660.85,0.686,groundnut
28.82,55.13,34.8,16.9,24.49,6.74,295.23,0.415,0.299,14.95,10.81,8218.97,0.778,chickpea
32.37,42.58,35.0,18.87,46.3,7.4,328.54,0.451,0.387,17.86,84.28,4987.98,0.882,chickpea
83.3,65.95,24.83,23.85,51.86,6.68,648.21,0.576,0.484,19.33,54.3,2506.22,0.838,wheat
99.96,52.52,38.91,26.64,61.8,6.08,587.84,0.681,0.482,25.08,71.92,2055.11,0.973,rice
101.54,62.31,36.7,27.96,82.16,6.34,1123.41,0.706,0.738,29.31,127.53,2413.96,0.857,rice
19.98,71.89,56.98,24.94,53.2,6.68,508.78,0.639,0.4,23.75,71.31,4461.92,0.762,soybean
72.34,47.39,49.61,17.86,74.42,5.49,609.64,0.45,0.457,18.99,24.78,1713.57,0.489,potato
75.36,49.04,54.4,25.77,82.52,5.94,643.53,0.636,0.542,26.5,74.55,2462.43,0.605,tomato
99.18,35.25,50.92,26.88,41.26,7.6,884.92,0.564,0.504,26.41,126.25,4732.77,0.7,cotton
120.73,7.56,49.07,22.61,69.25,5.82,824.29,0.768,0.557,21.93,80.98,2206.47,0.73,tomato
39.26,63.42,42.8,18.77,50.36,6.48,716.72,0.41,0.433,21.98,68.01,7088.85,0.692,chickpea
114.2,57.29,60.16,32.65,71.81,6.55,1451.73,0.693,0.75,31.69,88.68,500.0,0.922,sugarcane
31.19,61.93,17.56,21.98,41.89,6.82,246.93,0.554,0.28,21.76,39.28,5787.38,0.651,chickpea
69.81,71.92,42.66,22.4,54.8,5.93,415.74,0.607,0.351,24.81,107.45,1525.97,0.705,potato
83.84,17.0,41.52,14.72,59.88,6.46,668.24,0.47,0.438,16.19,44.94,2075.31,0.675,wheat
38.83,63.45,30.0,22.87,41.52,7.48,438.04,0.489,0.377,19.39,8.46,6212.91,0.713,chickpea
65.31,36.44,54.27,22.67,74.43,5.66,505.74,0.624,0.417,20.06,108.99,1266.8,0.866,potato
104.16,39.81,63.09,26.45,62.4,5.9,664.63,0.725,0.513,25.11,99.61,2334.18,0.877,tomato
77.86,21.44,48.11,18.32,64.43,5.47,517.39,0.574,0.46,18.27,79.28,2147.46,0.721,potato
101.98,34.15,43.65,24.9,54.0,6.67,617.17,0.715,0.468,25.18,122.52,2761.28,0.618,wheat
102.87,51.3,48.74,33.8,76.96,6.07,1359.22,0.552,0.709,34.45,122.21,2104.46,0.911,rice
86.11,39.59,58.98,25.9,41.27,5.58,938.04,0.637,0.607,26.38,63.98,7409.38,0.777,cotton
83.1,51.85,55.46,19.2,72.8,6.16,533.42,0.603,0.433,18.93,42.07,1927.19,0.738,potato
96.01,37.54,66.21,26.25,71.77,6.56,522.8,0.794,0.547,25.95,57.59,8301.52,0.732,cotton
127.66,52.07,68.35,24.69,79.15,6.38,1562.06,0.732,0.75,20.71,170.72,500.0,0.688,sugarcane
62.14,62.54,46.58,26.27,51.05,7.25,548.97,0.617,0.479,28.02,32.76,5226.65,0.702,chickpea
37.96,60.31,51.4,28.22,72.01,6.97,600.11,0.536,0.483,24.9,41.61,4959.82,0.849,groundnut
111.94,49.56,38.42,27.1,75.04,6.27,1589.96,0.664,0.75,27.74,152.51,2666.15,0.92,rice
134.55,32.96,49.75,19.49,72.15,6.37,1190.64,0.691,0.708,16.24,195.18,500.0,0.793,sugarcane
78.65,34.75,37.22,26.91,71.3,6.66,1794.49,0.645,0.75,28.61,114.14,2209.39,0.948,rice
118.6,68.53,50.95,26.49,85.08,6.15,653.46,0.695,0.456,26.73,75.84,2163.26,0.819,maize
81.3,55.31,30.77,21.49,52.87,7.15,976.13,0.686,0.54,24.25,108.12,2843.44,0.677,wheat
46.74,40.65,28.91,24.04,39.09,6.17,579.16,0.5,0.479,22.9,20.19,6510.73,0.766,groundnut
48.13,63.36,52.12,27.62,61.27,6.43,474.13,0.497,0.373,26.97,24.46,6160.03,0.78,groundnut
90.69,68.4,45.04,20.11,50.38,5.91,830.42,0.575,0.584,21.45,57.47,2366.51,0.971,maize
53.64,44.99,36.13,23.04,54.91,6.42,590.6,0.596,0.424,22.94,122.94,5943.24,0.634,chickpea
62.03,45.18,40.88,23.0,30.25,6.97,350.47,0.471,0.303,21.73,8.68,5097.27,0.878,chickpea
74.57,60.23,39.48,30.93,80.75,7.18,634.7,0.555,0.392,32.07,76.6,2014.21,0.802,tomato
110.41,49.6,39.59,30.27,90.26,5.75,1188.77,0.619,0.667,30.5,153.71,1666.33,0.835,rice
33.18,36.54,38.44,21.18,65.22,5.88,556.23,0.491,0.462,22.82,65.65,5190.73,0.704,groundnut
102.91,17.88,63.75,28.59,67.2,7.18,695.59,0.691,0.509,30.4,60.78,8779.42,0.648,cotton
115.63,85.96,56.52,20.77,68.1,6.77,1583.72,0.584,0.75,19.33,119.74,500.0,0.877,sugarcane
78.59,33.27,40.46,12.95,68.83,5.65,509.56,0.416,0.482,12.63,58.29,1847.75,0.741,potato
145.96,77.08,57.15,26.34,89.38,6.41,1696.01,0.833,0.75,26.33,154.94,500.0,0.778,sugarcane
38.03,59.38,18.04,22.08,60.29,7.21,313.85,0.574,0.352,22.51,96.18,6480.4,0.63,chickpea
27.32,41.89,44.13,28.29,52.49,6.67,745.59,0.399,0.535,26.42,164.52,5640.71,0.776,soybean
119.96,34.12,26.18,26.49,77.64,5.8,1033.19,0.672,0.686,24.57,121.27,1938.62,0.896,rice
49.46,48.54,40.55,23.4,29.31,7.02,590.31,0.634,0.435,25.94,53.68,7055.3,0.716,chickpea
74.83,49.38,23.46,19.47,76.69,6.84,919.99,0.529,0.579,21.93,49.0,5613.52,0.731,soybean
66.74,41.51,28.23,28.55,70.94,5.89,772.26,0.668,0.601,25.81,123.29,2490.49,0.838,maize
96.88,35.26,46.64,16.44,62.19,7.4,615.49,0.681,0.491,17.75,109.35,2987.06,0.806,wheat
107.54,53.86,41.04,25.27,74.27,5.72,660.02,0.697,0.45,26.32,46.05,7110.62,0.657,cotton
58.19,46.95,54.45,18.11,71.92,5.53,585.9,0.508,0.454,20.45,37.37,1883.7,0.826,potato
97.73,43.72,41.5,21.18,79.12,6.2,733.69,0.558,0.484,19.14,33.75,1688.28,0.609,potato
106.26,42.3,35.14,21.66,69.46,7.76,797.72,0.752,0.543,21.08,139.47,6938.89,0.849,cotton
68.06,33.91,53.75,19.37,57.42,6.84,877.02,0.511,0.532,19.16,127.48,2883.88,0.827,wheat
110.18,50.85,52.41,34.52,90.11,6.17,1564.78,0.629,0.75,35.64,116.97,2386.22,1.0,rice
115.39,60.83,22.72,21.49,60.4,6.49,869.1,0.702,0.564,22.27,76.23,2171.57,0.864,maize
100.22,42.8,32.46,31.44,42.0,7.04,588.86,0.477,0.319,30.49,83.77,5540.61,0.626,cotton
105.18,35.32,39.72,26.86,63.82,5.85,749.6,0.698,0.413,24.53,10.8,1649.63,0.698,tomato
56.4,54.47,36.05,25.19,46.97,6.21,879.0,0.603,0.537,28.33,97.84,1974.18,0.766,tomato
76.4,36.72,45.57,24.48,66.69,5.95,728.07,0.664,0.49,22.76,43.05,1899.24,0.786,maize
97.75,41.89,64.61,33.36,92.47,6.29,1561.87,0.711,0.75,33.26,210.57,2069.78,0.712,rice
56.76,59.36,34.89,28.4,66.12,6.97,710.74,0.555,0.419,27.48,129.34,6721.83,0.835,soybean
28.05,46.42,36.95,21.93,36.87,6.81,435.55,0.525,0.408,23.27,55.44,6853.59,0.748,chickpea
66.76,38.37,60.11,25.22,63.8,6.2,634.63,0.612,0.506,23.93,83.12,2124.07,0.759,tomato
114.98,59.35,32.84,35.39,72.74,6.22,1065.07,0.587,0.545,34.3,68.28,2244.66,0.949,rice
52.01,38.93,50.57,32.46,57.94,5.92,555.36,0.453,0.418,29.68,86.17,4800.13,0.821,groundnut
72.38,50.13,47.9,18.65,70.68,6.92,900.22,0.483,0.552,18.67,61.35,1816.08,0.869,maize
59.87,35.09,32.82,24.11,63.68,7.22,716.88,0.717,0.545,23.98,49.13,1892.22,1.0,maize
112.34,66.09,37.5,25.07,89.77,7.24,1710.72,0.789,0.75,25.34,157.8,500.0,0.797,sugarcane
97.21,38.96,43.51,23.82,68.12,6.88,737.4,0.693,0.507,22.82,78.96,1946.44,0.762,potato
132.37,72.6,36.66,27.86,69.69,6.02,1614.41,0.866,0.728,27.79,183.86,500.0,0.789,sugarcane
51.39,53.08,32.87,18.06,59.74,7.03,353.14,0.462,0.411,16.42,11.83,9045.23,0.616,chickpea
99.41,31.15,42.26,19.08,55.14,7.93,495.02,0.611,0.425,21.18,19.31,2934.02,0.806,wheat
34.73,39.17,51.1,29.52,54.52,6.53,322.81,0.385,0.259,30.3,47.56,5561.72,0.932,groundnut
86.06,59.86,31.99,23.84,60.36,5.48,714.36,0.698,0.615,23.4,68.98,2198.3,0.826,tomato
65.79,69.72,30.82,25.97,69.05,6.67,876.93,0.633,0.586,24.14,93.43,4457.03,0.667,soybean
30.85,56.53,41.37,22.29,67.4,6.84,764.33,0.538,0.475,24.58,112.99,4504.4,0.778,soybean
56.23,55.19,37.05,22.05,45.69,7.0,498.59,0.545,0.414,20.38,28.72,5784.04,0.643,chickpea
91.05,35.08,34.3,18.42,46.81,7.01,628.76,0.557,0.315,17.96,25.19,2211.92,0.804,wheat
56.57,44.83,41.73,26.87,51.54,6.79,393.36,0.598,0.343,31.6,0.0,6373.48,0.727,chickpea
79.87,46.72,42.59,25.46,78.59,6.07,741.01,0.675,0.576,23.94,0.0,3973.61,0.862,soybean
79.81,30.59,55.82,16.57,49.44,6.8,478.09,0.493,0.407,15.91,44.54,2209.44,0.629,wheat
95.04,46.53,41.5,25.48,61.43,5.83,1168.67,0.678,0.553,24.66,79.85,2252.54,0.721,tomato
18.65,39.31,28.04,24.66,25.37,6.48,390.49,0.551,0.31,26.23,13.3,6898.65,0.717,chickpea
42.97,49.78,65.2,23.94,32.01,5.38,552.64,0.747,0.39,26.16,90.52,3887.83,0.611,soybean
12.29,87.18,29.85,28.79,67.02,7.06,469.11,0.437,0.47,29.88,66.75,7015.88,0.77,groundnut
97.61,20.83,36.42,19.54,66.71,5.73,591.45,0.707,0.511,19.53,65.61,2021.91,0.877,maize
62.2,52.97,50.26,23.73,48.75,6.95,526.41,0.585,0.401,24.4,27.59,8407.36,0.889,chickpea
40.9,69.32,33.43,21.05,51.43,7.48,628.52,0.446,0.507,22.65,19.65,5547.43,0.796,chickpea
71.2,34.23,31.86,18.32,69.11,6.19,482.37,0.483,0.429,17.81,80.67,1931.59,0.786,potato
85.71,49.5,42.86,27.18,78.69,5.69,1159.78,0.708,0.737,26.34,61.36,1943.04,1.0,rice
58.08,59.43,71.87,26.05,81.42,6.63,764.18,0.53,0.576,24.37,58.45,4768.65,0.762,soybean
72.83,31.94,34.06,27.73,39.12,5.88,648.85,0.574,0.42,27.12,18.3,6074.23,0.729,soybean
86.11,39.29,45.77,30.63,60.72,7.53,478.48,0.55,0.402,31.51,92.23,6974.38,0.608,cotton
115.34,48.92,39.03,28.87,85.36,5.81,1017.93,0.676,0.586,29.17,97.82,3069.06,0.747,rice
130.55,52.25,52.01,26.73,86.59,7.05,975.02,0.777,0.651,25.87,45.17,500.0,0.799,sugarcane
114.27,49.2,47.13,24.02,96.51,6.85,1119.5,0.748,0.602,22.7,126.84,500.0,0.89,sugarcane
121.95,53.03,54.83,31.8,70.36,7.47,1809.74,0.668,0.75,32.44,222.52,500.0,0.933,sugarcane
69.04,38.67,63.16,19.68,73.28,6.64,837.11,0.598,0.517,21.85,27.49,2365.51,0.637,tomato
67.99,59.06,20.52,17.7,66.76,6.53,335.82,0.598,0.385,15.82,41.16,5499.89,0.81,chickpea
77.72,38.54,28.78,25.68,84.29,6.77,921.88,0.598,0.633,23.46,117.77,3668.99,0.756,soybean
59.9,57.17,23.05,19.49,41.09,6.59,558.57,0.548,0.352,18.59,76.9,4524.44,0.76,chickpea
115.47,51.64,43.3,23.99,64.88,6.72,917.44,0.769,0.566,22.02,100.04,1917.85,0.885,maize
124.2,40.48,14.58,26.42,42.44,6.03,658.78,0.687,0.513,25.88,55.9,2633.15,0.875,wheat
99.12,48.65,39.79,22.62,67.13,5.8,718.78,0.791,0.48,20.87,37.26,1928.74,0.621,potato
42.76,30.19,35.39,22.7,50.77,7.17,546.96,0.534,0.458,21.72,71.62,6392.84,0.662,groundnut
50.62,34.89,22.2,23.86,80.35,5.78,545.75,0.672,0.388,27.86,80.4,1461.7,0.809,potato
112.19,57.46,33.22,24.71,68.34,6.4,854.56,0.86,0.585,22.87,96.53,2133.31,0.681,maize
103.55,41.98,39.84,26.63,65.42,6.95,1755.9,0.641,0.75,25.69,224.01,2579.11,0.759,rice
152.56,39.4,31.31,22.59,51.29,6.09,561.29,0.748,0.352,23.57,90.71,6347.91,0.784,cotton
81.78,45.88,56.62,12.59,67.2,5.85,546.68,0.541,0.467,13.19,57.02,1703.27,0.522,potato
65.7,29.11,39.13,26.65,60.42,5.74,951.33,0.556,0.577,27.99,98.44,1569.03,0.848,tomato
73.93,38.02,31.46,24.64,85.96,6.57,710.29,0.811,0.514,23.91,71.42,2185.84,0.789,potato
47.71,69.83,35.04,16.51,52.57,6.81,339.13,0.394,0.342,17.77,53.9,7675.58,0.624,chickpea
24.94,57.2,28.69,27.77,41.22,6.61,577.59,0.442,0.41,27.55,116.97,5574.23,0.789,groundnut
112.92,41.21,25.62,32.78,70.63,6.96,1503.69,0.62,0.713,34.23,221.66,1984.86,0.894,rice
58.39,49.66,32.21,27.16,63.08,6.47,840.59,0.612,0.544,28.96,119.47,5365.01,0.896,soybean
55.88,59.36,30.63,21.62,60.86,5.75,573.18,0.462,0.375,24.88,33.15,1173.39,0.761,maize
92.14,55.51,31.94,22.82,71.52,5.06,536.15,0.582,0.374,24.53,1.84,1443.3,0.928,potato
104.56,30.56,64.16,20.95,48.88,6.23,764.28,0.613,0.466,23.79,129.4,6564.9,0.579,cotton
73.54,34.1,28.09,29.37,84.66,5.57,792.6,0.604,0.605,30.37,108.28,3157.8,0.789,soybean
75.21,61.17,34.54,29.89,61.33,6.44,523.86,0.496,0.496,33.35,0.0,6745.95,0.652,chickpea
20.48,63.62,30.47,31.68,64.68,5.93,404.99,0.515,0.332,31.41,64.89,6203.31,0.74,groundnut
56.13,56.26,60.49,9.41,84.0,6.33,742.06,0.312,0.515,8.83,84.68,2315.11,0.764,potato
81.81,46.58,47.71,23.38,65.19,6.46,892.67,0.587,0.559,22.03,142.08,1556.87,0.879,maize
81.11,46.92,48.94,25.82,73.84,6.74,1081.09,0.723,0.701,24.92,100.41,2320.24,0.864,tomato
73.52,47.99,30.27,23.74,73.85,6.37,855.58,0.626,0.49,24.55,81.39,2597.58,0.83,tomato
82.51,22.45,33.04,29.03,73.44,6.58,451.16,0.653,0.388,31.27,31.83,8201.14,0.708,cotton
71.63,24.28,51.42,19.8,68.9,5.24,752.87,0.594,0.539,21.7,95.81,1627.23,0.781,potato
124.87,43.13,17.51,25.08,58.31,5.82,817.59,0.784,0.482,27.63,47.12,2023.17,0.859,maize
44.58,29.46,32.83,12.95,54.31,6.61,667.9,0.418,0.417,11.25,68.39,2172.84,0.871,wheat
72.38,43.52,27.58,21.29,57.97,7.22,713.57,0.551,0.5,19.95,90.59,2198.7,0.64,wheat
30.91,48.65,56.56,19.99,34.07,6.41,330.75,0.442,0.388,16.36,92.58,5806.46,0.641,chickpea
77.13,47.92,36.4,23.52,71.52,5.87,769.98,0.631,0.485,28.13,1.38,2490.81,0.9,maize
77.03,34.52,41.38,24.97,65.41,6.43,673.99,0.607,0.514,22.69,137.92,2722.22,0.861,tomato
87.67,35.59,32.89,32.87,77.29,5.58,668.71,0.586,0.527,31.08,45.37,1654.53,0.914,tomato
101.97,54.04,51.95,29.85,77.68,6.64,1453.22,0.654,0.75,28.14,132.08,500.0,0.872,sugarcane
86.55,23.82,48.1,20.35,60.56,6.04,843.77,0.463,0.47,19.81,63.61,2409.3,0.712,wheat
88.9,23.55,29.14,34.54,60.6,6.79,850.74,0.495,0.527,34.85,46.55,5876.34,0.96,cotton
111.8,56.0,33.08,23.89,64.45,5.56,1119.47,0.778,0.652,20.34,141.02,2198.54,1.0,rice
49.95,58.99,35.13,24.94,55.67,7.14,667.89,0.546,0.486,24.96,2.2,5886.65,0.559,chickpea
90.36,49.36,55.26,18.24,74.32,5.86,578.55,0.674,0.439,18.87,45.72,2655.31,0.784,tomato
87.34,39.35,41.29,27.19,54.53,6.92,634.52,0.623,0.429,26.07,122.81,2200.62,0.626,wheat
70.79,53.96,43.9,10.05,57.54,6.95,547.53,0.386,0.379,8.0,36.63,2980.05,0.712,wheat
109.88,59.18,45.05,27.08,79.07,5.51,633.69,0.738,0.581,26.33,111.95,2706.66,0.798,rice
36.7,47.65,12.4,27.34,79.0,5.68,558.78,0.558,0.472,26.26,27.34,4220.65,0.785,soybean
63.8,56.1,60.35,17.54,45.11,5.72,487.78,0.485,0.377,15.82,0.93,1803.35,0.653,potato
106.47,52.48,36.12,18.66,66.14,6.22,736.99,0.688,0.547,20.6,85.14,1741.53,0.79,tomato
104.88,37.39,36.2,27.76,71.77,6.28,850.01,0.734,0.556,26.13,63.9,2386.42,0.739,maize
126.33,41.45,45.39,24.67,73.83,6.39,1419.73,0.703,0.75,24.83,106.87,500.0,0.704,sugarcane
6.41,80.53,27.95,21.71,51.36,6.79,590.9,0.536,0.475,23.63,35.11,5380.8,0.632,chickpea
121.31,46.43,29.71,15.85,78.01,6.66,1161.81,0.573,0.601,17.84,109.6,2297.87,0.982,maize
112.71,72.34,6.59,30.48,88.57,5.52,1120.9,0.599,0.75,32.69,152.39,2239.81,0.981,rice
65.24,58.46,48.83,8.0,57.65,4.77,805.31,0.36,0.53,8.0,119.13,2032.39,0.708,potato
90.3,59.98,19.57,23.5,52.02,7.99,595.55,0.609,0.458,23.08,33.01,2050.7,0.926,wheat
83.38,49.32,24.88,24.3,64.38,7.0,886.87,0.608,0.519,23.63,33.93,2027.54,0.806,maize
108.27,30.16,33.27,20.81,80.79,6.38,1342.64,0.687,0.75,17.75,106.69,1459.57,0.804,rice
97.42,26.04,27.59,24.49,61.68,6.13,449.73,0.606,0.55,24.05,107.98,6753.53,0.829,cotton
104.15,47.59,40.15,30.99,76.83,6.19,1754.35,0.541,0.75,34.72,171.39,1764.85,0.789,rice
97.26,35.9,41.81,29.28,46.97,5.58,932.03,0.592,0.527,28.62,53.76,1970.79,0.688,maize
101.88,47.72,46.8,31.97,61.8,6.83,931.98,0.497,0.639,34.92,85.26,7128.36,0.72,cotton
84.96,58.22,14.83,19.87,48.43,6.96,614.59,0.633,0.461,20.28,89.54,2321.38,0.725,wheat
92.22,74.19,44.29,18.48,60.79,6.32,852.21,0.568,0.552,18.8,58.33,1997.81,0.726,potato
113.74,47.13,37.41,28.23,45.85,6.18,561.88,0.693,0.353,31.8,63.73,6235.36,0.784,cotton
107.91,41.38,20.97,26.2,63.76,6.16,725.71,0.689,0.486,27.23,98.47,1983.32,1.0,maize
55.64,63.89,47.92,24.17,85.24,6.74,596.9,0.6,0.433,23.95,54.8,5343.86,0.864,soybean
121.73,28.89,55.15,24.61,67.65,6.45,1915.45,0.767,0.75,23.48,197.31,500.0,0.774,sugarcane
130.07,54.73,62.13,26.51,74.46,6.67,1951.65,0.756,0.75,22.16,207.68,500.0,0.892,sugarcane
105.36,46.88,31.55,23.35,66.96,6.96,606.1,0.721,0.491,22.73,66.0,9184.93,0.722,cotton
73.06,30.29,51.18,24.66,53.68,6.79,860.14,0.762,0.52,26.88,35.3,2539.75,0.914,maize
65.17,35.44,54.18,23.01,69.05,6.87,708.03,0.599,0.479,24.96,80.06,2352.64,0.678,wheat
111.18,38.6,38.41,32.8,66.23,7.16,587.37,0.608,0.51,33.03,120.39,6427.87,0.758,cotton
53.11,63.04,33.28,31.33,42.6,7.74,525.5,0.482,0.318,34.11,54.51,8259.07,0.707,chickpea
68.24,71.92,64.37,18.82,66.09,5.15,682.35,0.469,0.477,20.16,166.2,1803.73,0.828,potato
11.47,51.33,54.04,13.95,57.24,7.39,373.61,0.223,0.405,14.6,87.11,5949.34,0.717,chickpea
100.45,42.05,44.58,22.97,82.74,5.53,842.63,0.666,0.532,22.51,82.64,2035.74,0.921,tomato
99.78,51.33,29.91,26.61,89.62,5.86,1219.82,0.678,0.736,26.9,98.04,2024.16,0.786,rice
92.27,50.17,52.27,19.26,73.71,5.39,675.3,0.663,0.558,23.28,76.07,1873.96,0.578,potato
22.78,61.56,30.45,19.35,44.85,6.67,372.64,0.412,0.448,18.24,46.23,6215.14,0.581,chickpea
55.44,30.33,9.25,20.26,60.52,6.61,484.74,0.51,0.392,22.0,98.59,1414.91,0.772,wheat
48.13,54.73,31.53,28.17,47.35,6.62,532.35,0.563,0.419,29.87,53.89,6339.42,0.639,chickpea
103.11,43.52,35.23,22.26,74.0,6.33,1237.65,0.68,0.661,24.61,82.6,2360.89,0.968,rice
50.77,29.26,30.29,30.46,77.01,6.54,1097.54,0.609,0.671,31.54,112.86,3893.26,0.763,soybean
97.51,20.02,53.73,14.75,52.82,5.83,721.89,0.393,0.509,16.06,15.05,7200.13,0.802,cotton
76.52,38.32,42.28,20.98,40.82,6.53,562.41,0.541,0.343,23.24,112.31,2752.08,0.907,wheat
27.11,26.58,17.84,26.23,66.8,6.59,791.57,0.507,0.497,22.57,103.88,4980.43,0.688,soybean
44.33,58.14,23.17,16.31,61.93,6.81,426.3,0.429,0.354,18.91,11.84,6675.19,0.701,chickpea
81.26,51.33,44.22,21.22,44.07,5.64,844.87,0.637,0.539,22.28,96.19,1839.64,0.817,maize
64.86,45.44,26.23,29.78,64.19,6.08,644.98,0.558,0.486,37.04,1.88,1900.32,0.686,tomato
45.52,64.02,42.93,30.58,64.4,6.23,709.69,0.55,0.49,27.19,93.63,7567.26,0.844,groundnut
30.84,76.48,53.63,19.41,59.25,6.83,574.07,0.41,0.474,19.26,41.57,5879.09,0.769,groundnut
126.83,32.56,33.81,26.89,74.07,5.69,1063.84,0.717,0.616,25.76,90.74,2370.73,0.847,rice
129.79,57.89,21.47,30.27,73.22,5.9,1235.77,0.761,0.647,29.53,74.94,1600.7,0.814,rice
51.97,67.83,35.0,12.19,64.78,7.75,443.66,0.453,0.42,11.24,137.79,5898.16,0.705,chickpea
128.38,53.94,51.51,29.13,52.24,6.57,1536.45,0.523,0.75,33.08,179.87,500.0,1.0,sugarcane
106.32,47.11,38.22,32.17,82.76,5.88,922.82,0.501,0.559,36.49,71.72,1577.41,0.685,rice
105.49,48.66,23.73,21.46,61.68,6.72,668.42,0.723,0.422,22.74,86.16,2181.11,0.918,maize
104.78,39.39,37.49,17.72,55.18,7.43,816.44,0.626,0.564,17.65,114.83,2345.17,0.617,wheat
73.89,61.49,57.86,16.27,90.13,5.27,569.84,0.472,0.506,21.87,121.52,2028.53,0.669,potato
105.17,50.98,54.14,32.13,61.17,6.66,992.74,0.543,0.584,33.72,92.42,6401.35,0.812,cotton
92.96,24.35,45.79,23.81,68.85,6.58,697.59,0.585,0.474,22.41,55.33,2195.09,0.74,tomato
81.06,35.8,45.84,24.97,77.46,5.24,898.8,0.604,0.619,25.12,45.04,2374.29,0.715,tomato
123.25,48.75,53.28,29.06,60.12,6.34,1238.85,0.675,0.658,30.75,118.91,2622.88,0.865,rice
32.16,66.55,28.38,26.88,37.68,6.76,341.6,0.459,0.369,26.85,0.0,5925.14,0.634,chickpea
23.81,79.61,56.38,30.49,51.71,5.78,304.97,0.48,0.367,28.73,45.45,4256.95,1.0,groundnut
116.88,44.04,47.49,16.86,65.16,6.56,798.72,0.504,0.499,22.76,64.72,1914.12,0.844,potato
67.41,46.71,42.55,23.74,63.46,6.57,959.0,0.572,0.533,27.94,137.36,7668.53,0.682,cotton
126.42,36.0,40.8,29.16,62.96,6.47,770.18,0.714,0.48,26.96,31.69,500.0,0.642,sugarcane
77.93,50.2,34.02,13.69,50.51,6.31,438.65,0.425,0.271,11.83,50.73,2563.34,0.83,wheat
115.73,43.83,20.86,30.72,58.72,6.28,471.63,0.631,0.405,28.11,0.0,7510.95,0.837,cotton
105.97,33.11,37.97,13.68,60.84,6.6,708.17,0.599,0.472,10.61,58.15,2837.24,0.797,wheat
80.43,35.96,52.11,30.76,60.47,6.8,752.4,0.563,0.487,30.81,71.18,6993.56,0.795,cotton
33.84,50.32,43.76,29.07,66.9,5.67,303.35,0.544,0.359,28.16,25.27,5072.44,0.933,groundnut
57.06,42.41,32.87,27.42,61.39,6.26,791.79,0.626,0.529,28.59,133.9,4569.04,0.86,soybean
35.32,55.82,36.5,29.01,70.51,5.99,597.38,0.539,0.448,25.2,72.13,6203.74,0.869,groundnut
101.4,31.38,53.62,29.64,45.02,7.09,998.13,0.526,0.548,29.0,143.69,8591.31,0.707,cotton
43.39,35.1,28.62,30.65,73.41,6.32,705.49,0.483,0.385,27.45,65.67,5224.71,0.757,soybean
32.31,43.58,29.35,26.08,66.04,6.56,968.33,0.55,0.562,24.63,112.57,2008.87,0.807,tomato
76.72,69.75,24.76,14.48,62.04,7.1,404.92,0.511,0.444,10.42,44.91,6555.97,0.85,chickpea
75.84,56.85,29.54,22.12,54.94,6.43,515.63,0.579,0.389,21.81,123.47,2366.47,0.656,wheat
65.34,45.62,74.09,31.53,48.97,6.01,578.7,0.557,0.455,32.66,0.82,4340.57,0.775,soybean
101.96,17.97,35.59,28.58,72.1,6.46,783.6,0.74,0.547,29.91,53.01,2393.49,0.77,tomato
34.61,50.65,49.16,19.93,74.52,6.56,714.53,0.563,0.511,17.36,51.73,7182.92,0.899,groundnut
74.05,46.45,38.77,29.28,65.48,6.16,693.37,0.55,0.406,31.05,68.1,2804.47,0.932,tomato
96.25,41.9,45.41,26.24,61.8,5.98,660.89,0.619,0.477,27.84,83.34,5394.58,0.685,soybean
46.28,64.89,28.3,23.65,44.24,7.09,460.51,0.535,0.286,25.21,115.72,6636.12,0.639,chickpea
95.91,35.27,22.53,16.53,39.67,6.07,439.18,0.473,0.309,17.32,56.34,2541.48,0.897,wheat
148.59,62.3,43.93,29.12,75.31,7.14,1207.96,0.776,0.69,28.95,119.22,500.0,1.0,sugarcane
106.21,54.37,57.84,28.28,73.67,7.39,1066.89,0.698,0.55,26.6,64.25,500.0,0.793,sugarcane
84.79,42.34,21.21,20.97,66.73,6.9,855.82,0.606,0.508,23.17,100.75,1877.38,0.91,maize
45.75,21.92,28.44,15.49,49.8,6.03,535.89,0.383,0.395,14.45,65.68,6460.44,0.781,groundnut
47.34,42.8,47.16,20.73,75.07,6.49,864.38,0.435,0.58,19.23,86.96,4483.03,0.713,soybean
76.03,48.05,42.46,30.62,80.41,5.76,665.09,0.509,0.419,28.88,41.91,2637.74,0.673,tomato
62.73,57.51,55.28,13.93,86.25,5.81,583.54,0.505,0.528,14.2,61.88,2026.22,0.827,potato
14.36,21.65,38.08,31.82,71.97,6.46,307.88,0.496,0.377,31.0,73.05,6335.44,0.956,groundnut
52.28,52.14,52.32,24.3,86.88,6.3,786.15,0.717,0.581,26.09,66.08,3334.75,0.731,soybean
97.53,30.58,25.48,31.6,70.57,5.92,1424.49,0.555,0.669,28.43,140.46,2364.12,0.83,rice
42.35,53.1,28.99,28.45,58.15,7.17,397.69,0.63,0.352,31.62,62.3,4624.81,0.774,groundnut
106.8,31.51,46.9,22.94,74.37,6.51,762.73,0.638,0.607,24.59,112.85,9126.96,0.729,cotton
76.39,39.86,43.6,25.95,60.9,6.59,776.48,0.555,0.527,26.04,74.67,1715.16,0.778,tomato
66.47,38.87,54.0,21.18,57.11,6.23,816.17,0.535,0.49,18.98,106.59,2833.24,0.903,tomato
41.98,59.85,35.05,24.29,68.77,6.62,493.17,0.464,0.445,25.26,6.88,5061.77,0.719,groundnut
35.95,73.49,45.83,17.08,52.64,7.6,377.48,0.48,0.39,13.7,10.59,5985.81,0.7,chickpea
53.04,57.68,53.24,26.71,83.14,7.61,752.97,0.66,0.657,25.48,0.0,5493.84,0.751,soybean
25.9,64.12,44.14,27.62,71.29,5.78,422.74,0.393,0.449,28.74,67.61,4770.78,0.6,groundnut
69.8,47.71,35.37,10.68,49.26,6.87,591.94,0.257,0.497,11.02,74.73,2229.62,0.833,wheat
57.69,45.6,32.39,17.67,63.97,6.94,345.92,0.614,0.343,19.19,16.68,6578.72,0.768,chickpea
43.27,59.85,41.78,21.91,59.8,6.63,280.63,0.57,0.379,23.77,44.06,5433.83,0.753,groundnut
75.91,62.43,58.77,28.58,74.17,6.04,871.61,0.736,0.539,26.14,92.08,5474.96,0.812,soybean
102.45,46.71,59.53,19.24,52.41,6.54,868.2,0.636,0.471,19.67,115.54,6063.69,0.677,cotton
76.03,65.66,23.78,30.93,41.96,6.74,469.91,0.5,0.423,26.69,51.47,5799.6,0.772,chickpea
76.94,25.79,24.22,16.11,46.82,6.11,633.42,0.547,0.377,14.77,99.15,1842.93,0.78,wheat
44.89,68.6,40.84,26.3,56.2,5.69,631.76,0.592,0.464,26.07,52.94,6593.86,0.746,groundnut
97.4,62.02,42.64,23.25,82.11,6.26,717.72,0.52,0.513,23.24,103.09,1830.69,0.58,potato
66.28,38.39,40.93,12.43,82.57,7.15,554.95,0.425,0.403,10.24,34.86,2126.37,1.0,potato
117.2,82.28,54.11,25.76,79.16,7.32,1664.27,0.779,0.75,26.07,177.94,500.0,0.739,sugarcane
32.6,50.54,44.33,23.58,55.88,6.7,871.74,0.531,0.557,25.31,57.72,3767.21,0.867,soybean
105.97,48.97,20.49,20.58,56.27,7.38,770.84,0.627,0.5,23.68,20.62,2081.13,0.658,maize
125.61,26.76,7.36,21.96,69.92,6.22,1015.86,0.723,0.571,24.48,122.29,1602.78,0.721,maize
58.04,59.49,29.09,30.61,50.98,6.69,1111.43,0.462,0.587,30.81,93.52,3683.52,0.797,soybean
82.16,37.74,50.08,24.82,66.52,6.74,684.42,0.654,0.516,26.39,70.64,8176.2,0.816,cotton
116.43,48.95,26.87,27.22,72.01,6.78,1324.22,0.716,0.75,28.79,115.8,500.0,0.789,sugarcane
87.36,51.64,20.54,24.59,47.71,7.59,506.24,0.628,0.402,24.69,67.8,1937.15,0.776,wheat
15.6,45.51,55.4,24.14,54.4,5.95,416.34,0.555,0.335,20.56,9.85,4771.69,0.987,groundnut
119.12,61.91,54.71,32.19,72.6,6.34,1620.67,0.694,0.75,35.38,175.42,500.0,0.684,sugarcane
118.31,51.7,36.65,25.5,82.7,6.04,1375.82,0.668,0.75,24.06,145.61,1840.22,0.98,rice
103.37,34.15,17.22,24.63,58.75,6.83,855.32,0.751,0.477,26.64,5.08,1747.32,0.883,maize
56.32,31.3,54.42,19.87,65.03,6.63,549.13,0.543,0.42,22.42,0.0,2699.52,0.788,wheat
52.63,46.46,32.22,19.38,58.31,6.6,420.84,0.48,0.348,17.92,0.0,5950.84,0.719,chickpea
77.18,43.06,42.21,19.96,56.12,6.08,667.69,0.587,0.5,19.01,30.41,4898.45,0.842,soybean
108.09,27.87,58.4,26.71,71.91,5.73,991.35,0.796,0.65,23.73,48.47,2240.22,0.748,rice
59.99,35.88,38.9,24.51,67.87,6.56,559.36,0.572,0.486,29.5,137.8,2441.53,0.775,tomato
113.87,43.3,49.19,17.71,54.47,6.8,476.84,0.579,0.437,14.69,0.0,5431.48,0.783,cotton
125.18,55.59,41.26,25.64,63.92,5.58,1557.02,0.68,0.75,27.47,171.64,2329.1,0.733,rice
58.58,64.23,71.5,28.51,63.17,5.97,395.5,0.644,0.389,28.33,7.98,2525.42,0.864,tomato
89.8,62.69,30.34,20.9,50.2,5.35,535.94,0.568,0.293,22.38,70.25,2250.66,0.937,maize
103.5,30.87,40.56,24.19,81.78,6.47,528.05,0.767,0.435,23.21,53.83,1918.97,0.999,maize
65.43,36.25,35.65,18.98,73.77,6.06,722.59,0.658,0.522,18.25,68.56,2232.61,0.872,tomato
83.29,41.89,40.68,28.94,74.86,5.82,608.74,0.564,0.503,28.17,78.27,1691.51,0.737,maize
73.3,51.32,52.4,16.45,68.57,5.46,654.85,0.506,0.495,14.36,36.47,1431.41,0.659,potato
57.11,14.98,31.86,29.97,76.21,5.76,760.28,0.45,0.51,29.97,103.65,1933.2,0.814,tomato
103.61,42.85,53.28,30.49,69.75,7.1,766.94,0.674,0.532,31.87,60.69,5151.14,0.895,cotton
42.43,62.19,41.86,18.09,50.68,7.02,447.24,0.571,0.382,17.83,20.91,5695.78,0.739,chickpea
91.04,38.73,27.35,25.38,75.14,5.95,570.21,0.643,0.41,26.57,56.88,2692.35,0.893,maize
101.84,38.9,61.58,28.24,59.09,6.06,444.58,0.652,0.357,28.42,0.0,2091.57,0.99,maize
57.86,49.68,39.79,24.91,76.04,6.42,917.89,0.602,0.641,24.44,83.94,3521.01,0.7,soybean
62.74,43.97,38.5,16.18,57.27,7.57,477.19,0.477,0.344,19.41,6.42,2146.66,0.664,wheat
109.27,26.15,33.36,31.56,91.45,6.34,1374.95,0.62,0.736,32.7,122.1,2757.81,0.891,rice
95.56,37.19,33.69,27.51,42.52,6.31,905.63,0.688,0.496,24.46,14.15,7648.34,0.778,cotton
72.59,38.69,56.09,22.98,69.79,5.3,616.05,0.583,0.535,20.59,84.62,1971.85,0.82,potato
79.02,42.16,37.1,29.3,77.63,6.21,1241.45,0.636,0.73,30.98,168.96,2414.22,0.765,maize
75.74,63.41,68.22,23.01,56.93,6.71,492.93,0.642,0.395,23.16,92.21,1940.34,0.749,tomato
108.72,50.42,60.51,23.72,73.1,6.09,913.68,0.661,0.486,23.15,136.89,1541.43,0.718,maize
88.57,15.29,49.76,22.54,88.32,6.16,808.99,0.604,0.555,23.33,68.32,2120.05,0.836,tomato
40.28,58.31,13.7,35.06,52.86,6.54,599.73,0.359,0.491,34.81,65.83,5020.92,0.85,soybean
88.54,47.93,53.94,22.94,67.81,6.34,1368.21,0.627,0.75,19.65,114.38,2582.79,0.665,rice
123.17,48.0,39.17,13.43,61.72,7.63,573.67,0.471,0.408,14.95,43.73,2129.83,0.809,wheat
112.19,26.63,24.91,28.68,70.21,6.11,652.78,0.725,0.539,29.61,66.59,6490.92,0.772,cotton
31.15,39.65,30.66,21.0,38.89,7.0,450.74,0.541,0.411,17.0,55.16,4579.1,0.757,chickpea
66.1,49.54,31.38,27.5,46.15,6.3,338.34,0.609,0.303,29.76,34.57,7243.27,0.735,chickpea
102.87,44.46,58.0,23.92,81.61,6.44,754.56,0.728,0.599,23.53,110.94,2348.05,0.587,potato
53.18,65.01,26.2,28.04,64.99,6.11,549.11,0.496,0.403,27.74,76.03,4583.83,0.767,soybean
21.24,52.36,10.19,23.81,37.6,6.55,383.73,0.496,0.341,25.98,18.16,6968.14,0.973,chickpea
93.84,36.21,31.12,27.32,85.49,6.68,951.25,0.659,0.567,26.67,93.1,1734.56,0.902,maize
84.04,54.85,41.91,29.13,68.96,5.57,804.62,0.59,0.566,23.67,80.64,2048.33,0.704,tomato
56.84,45.01,40.03,21.25,74.52,6.55,951.04,0.693,0.586,22.95,28.7,3747.16,0.822,soybean
60.78,50.8,8.51,19.07,66.58,7.01,525.27,0.542,0.415,20.98,9.9,5109.66,0.725,soybean
54.13,51.96,29.07,23.35,79.61,7.14,783.84,0.665,0.564,23.24,52.0,4179.75,0.714,soybean
103.75,44.59,47.13,27.39,70.99,5.97,722.2,0.735,0.483,24.81,53.46,2591.21,0.766,maize
61.68,61.4,47.75,23.36,75.24,6.44,795.41,0.711,0.557,23.71,80.52,4308.97,0.836,soybean
98.12,21.94,51.4,21.33,60.44,7.07,553.55,0.523,0.482,20.34,99.97,1457.05,0.995,tomato
108.14,32.63,27.12,23.39,56.13,5.85,706.15,0.63,0.506,23.54,19.98,2644.36,0.79,maize
135.64,33.91,47.13,28.28,59.4,6.77,436.47,0.717,0.323,26.36,69.3,6790.93,0.82,cotton
45.2,53.29,42.78,27.24,38.67,6.18,690.63,0.773,0.39,28.09,49.08,7581.46,0.625,groundnut
44.04,38.61,25.95,32.66,62.25,6.6,774.98,0.433,0.5,34.35,34.59,5285.4,0.933,soybean
47.27,46.29,52.38,21.89,56.8,7.62,476.95,0.524,0.393,21.58,112.95,5052.98,0.523,chickpea
88.89,41.08,64.44,18.81,40.63,5.6,410.7,0.521,0.296,22.63,52.22,2088.05,0.919,potato
109.17,38.5,52.22,28.39,98.41,5.93,1087.18,0.758,0.75,29.06,95.94,500.0,1.0,sugarcane
57.72,46.36,33.24,22.31,61.5,6.37,536.73,0.535,0.393,19.46,24.43,1600.51,0.829,potato
48.46,40.52,55.12,30.3,58.56,6.13,897.07,0.475,0.592,28.25,79.67,5504.58,0.693,soybean
31.57,47.78,60.03,27.86,60.6,6.17,759.15,0.575,0.556,28.41,110.91,6142.07,0.723,groundnut
62.64,46.32,56.42,14.17,44.1,6.07,713.92,0.469,0.514,14.33,134.42,2594.94,0.906,wheat
63.21,39.08,42.76,24.21,42.92,7.55,491.01,0.556,0.316,23.29,16.67,6012.55,0.657,chickpea
63.24,63.71,62.56,14.38,64.85,6.02,675.37,0.488,0.419,12.91,80.15,2463.47,0.678,wheat
19.16,52.58,38.04,24.54,67.22,6.39,353.6,0.497,0.292,24.18,0.0,4267.84,0.554,groundnut
75.05,49.6,52.87,20.09,79.59,5.64,633.95,0.612,0.504,22.66,91.53,1443.76,0.719,potato
61.5,25.12,31.21,23.37,80.26,5.94,728.88,0.562,0.549,23.69,131.1,6536.7,0.793,cotton
116.12,47.57,58.1,31.38,56.46,6.83,862.14,0.567,0.546,31.12,20.72,7341.93,0.679,cotton
102.28,60.58,20.4,16.05,63.61,5.05,547.83,0.481,0.382,16.54,121.96,1432.2,0.608,potato
82.03,25.89,30.31,20.99,79.15,7.06,555.34,0.616,0.451,21.64,90.45,2177.21,0.799,wheat
91.04,38.38,66.01,27.08,65.98,6.47,690.6,0.717,0.509,28.64,112.45,7381.04,0.774,cotton
105.1,44.01,51.84,25.23,86.93,6.57,1167.79,0.806,0.671,28.25,131.97,2194.76,0.761,rice
102.45,48.8,39.16,16.62,65.11,6.3,761.16,0.508,0.472,17.2,96.38,2478.01,0.727,wheat
46.07,45.07,33.11,31.3,66.41,5.9,370.57,0.54,0.395,32.44,32.46,6547.13,0.92,groundnut
80.93,33.69,45.5,16.13,56.34,5.79,585.08,0.567,0.396,16.6,3.6,1725.79,0.776,potato
99.06,18.66,51.91,28.99,62.06,7.04,704.68,0.697,0.56,30.16,44.29,6862.67,0.874,cotton
90.44,37.91,57.02,22.14,69.12,7.49,682.86,0.745,0.518,21.03,43.06,2197.6,0.697,tomato
93.79,69.06,71.04,26.01,86.68,7.14,1224.66,0.614,0.73,28.26,110.63,500.0,0.585,sugarcane
33.59,52.77,51.32,28.37,67.55,5.88,488.46,0.567,0.456,27.01,70.25,4979.13,0.808,groundnut
109.95,27.28,35.81,24.56,45.99,5.7,745.76,0.744,0.524,19.8,66.0,5842.8,0.764,cotton
48.54,44.9,43.62,23.22,71.56,6.95,532.95,0.607,0.451,21.0,25.85,2030.77,0.7,potato
47.71,53.74,34.49,23.84,61.14,7.67,880.75,0.643,0.511,25.34,62.03,5600.88,0.897,groundnut
67.35,40.13,57.72,26.25,50.57,5.44,752.86,0.563,0.445,25.03,54.27,4977.84,0.836,soybean
116.89,46.5,45.64,28.8,77.01,5.53,1279.9,0.716,0.728,27.8,121.15,2527.67,0.681,rice
106.9,58.31,75.05,28.51,62.65,6.49,1568.27,0.732,0.75,30.17,106.59,500.0,0.752,sugarcane
131.63,72.39,47.03,22.76,69.88,6.7,1747.33,0.682,0.75,20.88,196.15,500.0,0.788,sugarcane
84.25,48.25,48.73,16.5,66.77,5.88,656.2,0.554,0.398,13.98,87.46,1731.34,0.686,potato
95.43,34.41,49.5,26.33,26.13,6.62,842.08,0.575,0.562,28.08,100.61,5935.21,0.778,cotton
102.86,29.66,52.36,26.16,56.87,7.04,650.19,0.759,0.401,25.66,34.93,7032.34,0.613,cotton
78.24,44.65,38.36,25.37,62.84,6.45,892.05,0.651,0.624,25.69,121.21,3173.89,1.0,tomato
67.27,34.76,20.71,16.99,53.69,6.63,256.35,0.491,0.409,17.27,17.07,2195.36,0.688,wheat
103.09,31.52,35.97,23.98,33.63,6.1,898.73,0.704,0.505,21.16,118.64,8375.34,0.853,cotton
87.11,17.16,45.3,27.75,53.19,6.45,740.36,0.652,0.494,30.42,114.58,6967.85,0.617,cotton
106.15,42.0,35.02,27.99,83.35,6.36,882.68,0.615,0.649,25.4,71.68,2824.14,0.861,rice
81.67,53.28,45.1,21.96,64.23,6.18,594.61,0.549,0.429,19.31,124.23,2396.86,0.972,tomato
120.36,59.94,58.26,29.99,72.47,6.71,2013.26,0.669,0.75,32.84,173.99,500.0,0.692,sugarcane
71.59,50.29,33.74,13.8,55.75,6.11,555.89,0.388,0.424,15.18,50.42,1406.29,0.708,potato
55.34,26.76,40.24,21.52,80.45,6.07,478.22,0.523,0.499,23.33,67.06,2048.55,0.747,potato
71.3,46.38,50.81,25.09,75.41,5.56,853.83,0.586,0.539,25.71,122.01,5996.41,0.807,cotton
71.89,34.37,68.01,22.36,74.68,6.08,655.31,0.572,0.594,21.92,96.18,2196.82,0.764,tomato
75.9,49.61,40.28,13.3,57.95,5.37,521.98,0.497,0.419,9.77,13.03,1460.79,0.646,wheat
104.07,41.62,5.6,27.71,57.93,6.78,1094.62,0.62,0.588,29.72,93.1,2514.93,0.751,maize
65.13,75.49,42.86,22.65,69.18,5.21,535.96,0.669,0.389,17.48,0.0,1802.01,0.632,potato
45.0,58.49,44.77,16.86,50.19,7.1,423.0,0.472,0.34,13.59,33.31,4758.65,0.703,chickpea
63.89,43.64,46.04,26.28,52.04,7.09,448.75,0.551,0.365,24.35,81.06,8118.07,0.736,chickpea
86.21,55.09,28.68,20.92,59.94,6.32,497.7,0.541,0.412,21.6,82.47,1955.46,0.631,potato
91.05,77.68,63.58,30.87,81.17,5.51,1257.83,0.637,0.661,29.78,108.81,1993.69,1.0,rice
96.19,47.72,62.28,16.22,72.55,6.03,700.42,0.664,0.582,15.04,0.0,1616.8,0.738,potato
76.7,28.3,34.36,22.78,73.3,5.85,1003.29,0.686,0.542,22.34,98.53,2416.87,0.751,maize
43.57,57.6,45.03,18.79,61.13,6.15,1072.52,0.514,0.563,17.24,94.0,5060.9,0.838,soybean
84.7,46.87,26.78,33.26,86.02,5.62,1528.76,0.638,0.75,30.93,131.51,1732.98,0.772,rice
94.99,26.25,27.33,30.17,67.25,6.63,804.92,0.472,0.509,32.41,71.46,7682.96,1.0,cotton
114.5,27.27,34.16,24.75,50.21,6.35,871.89,0.763,0.581,22.16,50.94,8010.52,0.795,cotton
69.22,48.12,36.41,25.76,68.09,6.62,678.21,0.651,0.469,26.17,62.3,1973.56,0.896,maize
85.75,47.12,56.09,28.65,70.19,7.13,1090.61,0.591,0.598,28.54,36.62,500.0,0.835,sugarcane
84.1,62.55,37.15,25.01,77.61,6.38,726.24,0.681,0.59,25.12,49.2,2146.31,0.886,maize
30.19,36.6,36.47,18.87,51.55,7.15,520.98,0.394,0.365,18.24,61.22,6696.54,0.958,chickpea
74.91,48.96,46.51,17.01,59.67,5.54,372.12,0.549,0.396,17.83,40.73,2090.01,0.848,potato
40.1,39.58,54.1,23.6,51.21,6.21,577.3,0.544,0.48,23.32,81.33,5971.12,0.631,groundnut
43.94,19.93,12.76,22.54,47.65,5.78,410.42,0.52,0.398,22.43,73.61,3856.95,0.965,soybean
52.12,47.53,54.98,21.06,49.41,6.93,572.17,0.504,0.348,22.91,43.71,2465.56,0.676,wheat
30.35,62.6,38.45,19.3,60.61,6.29,596.67,0.472,0.445,21.02,138.99,5650.08,0.859,groundnut
55.2,30.95,43.81,21.75,66.5,6.68,545.22,0.585,0.395,23.43,68.48,5756.63,0.682,groundnut
64.17,29.01,41.24,21.46,71.3,6.8,743.1,0.672,0.517,21.13,21.28,2411.13,0.744,tomato
69.43,47.83,48.49,29.91,71.88,5.93,884.98,0.621,0.564,28.08,89.32,4900.59,0.672,soybean
65.14,52.65,46.29,12.8,47.02,5.85,696.91,0.504,0.434,15.08,61.2,1485.94,0.912,potato
29.12,38.93,26.15,23.69,43.29,7.34,543.57,0.541,0.338,21.86,82.55,4799.7,0.702,groundnut
58.14,46.93,39.67,26.95,60.39,6.26,643.73,0.526,0.495,24.99,62.14,4558.52,0.88,soybean
71.06,40.66,46.99,29.99,75.25,6.45,498.35,0.714,0.435,28.02,36.82,6861.15,0.64,cotton
85.56,40.39,58.24,21.54,58.61,5.64,378.68,0.718,0.329,24.07,0.0,1995.84,0.816,tomato
85.84,42.13,54.6,21.3,63.2,5.25,958.91,0.643,0.552,20.08,59.79,2251.84,0.776,tomato
129.43,46.21,43.27,26.24,68.42,6.61,2045.32,0.766,0.75,24.3,169.24,500.0,0.934,sugarcane
105.6,46.76,36.24,27.55,65.48,5.62,369.83,0.673,0.346,27.74,0.0,2256.04,0.567,tomato
76.21,41.61,35.0,19.7,39.16,6.64,698.79,0.527,0.502,21.66,77.52,2138.41,0.816,wheat
77.85,45.14,43.94,14.69,61.93,5.9,508.31,0.511,0.398,14.98,74.32,1960.11,0.772,potato
31.76,72.02,28.62,25.19,51.05,7.34,515.01,0.566,0.488,27.36,0.0,5525.98,0.753,groundnut
65.66,50.02,62.37,25.25,62.81,5.39,588.07,0.694,0.453,25.72,97.52,2055.1,0.828,potato
111.44,46.23,45.63,27.92,86.23,7.68,2103.06,0.616,0.75,26.79,223.27,500.0,0.742,sugarcane
107.14,45.03,23.16,26.76,78.76,5.74,1275.27,0.698,0.705,28.32,164.11,2559.8,0.764,rice
116.22,61.69,28.83,31.05,78.41,5.28,1227.54,0.687,0.75,31.37,120.41,1606.62,0.883,rice
95.68,34.88,26.45,20.55,38.48,6.72,873.33,0.552,0.505,22.6,113.75,2422.26,0.774,wheat
38.08,55.72,60.59,24.61,68.28,6.88,616.2,0.603,0.431,26.34,66.92,5014.89,0.712,soybean
120.73,55.23,38.1,23.42,59.76,6.59,646.09,0.632,0.539,21.7,46.87,7114.58,0.603,cotton
61.35,37.01,54.56,18.61,86.7,7.19,614.36,0.603,0.517,17.3,103.28,6979.86,0.687,groundnut
44.45,58.55,46.97,26.0,56.1,5.9,608.12,0.531,0.459,25.8,14.12,4987.91,0.8,groundnut
107.97,45.09,35.92,32.41,69.23,5.7,840.96,0.552,0.516,32.51,99.68,2220.6,0.753,maize
22.34,41.12,40.55,33.75,58.38,4.78,583.39,0.439,0.491,36.32,158.74,5745.98,0.784,groundnut
37.17,56.67,37.11,22.61,63.52,6.08,627.99,0.51,0.456,22.41,100.49,5430.82,0.879,groundnut
106.5,28.05,37.34,21.75,67.73,6.94,564.63,0.628,0.446,26.3,75.54,6009.41,0.78,cotton
41.37,54.72,45.93,26.77,65.45,7.17,369.63,0.572,0.434,22.99,66.29,4251.96,0.801,soybean
119.56,50.31,34.42,29.68,79.22,6.74,1383.89,0.655,0.742,26.93,81.73,2053.78,0.985,rice
100.95,50.5,32.69,18.36,41.78,6.96,838.59,0.728,0.525,18.25,51.67,1723.61,0.798,wheat
101.23,50.19,49.12,21.68,83.15,5.79,1414.62,0.692,0.75,20.35,144.34,1706.58,0.987,rice
58.96,44.42,38.67,17.38,64.54,6.08,779.19,0.616,0.555,19.92,47.9,2019.0,0.672,potato
63.18,32.64,43.69,20.28,79.38,5.56,869.77,0.515,0.543,18.92,69.61,2588.95,0.777,tomato
26.6,61.62,31.86,25.77,40.96,6.47,443.06,0.543,0.426,24.13,42.83,6621.82,0.633,chickpea
102.67,71.17,37.43,30.28,65.23,6.16,824.07,0.611,0.58,34.2,87.69,6704.82,0.855,cotton
122.18,67.44,46.69,28.73,61.86,6.87,1664.38,0.707,0.75,27.18,147.8,500.0,0.785,sugarcane
74.72,30.33,34.25,29.95,81.84,6.98,681.36,0.479,0.508,28.44,51.75,2186.29,0.982,tomato
159.99,54.11,38.22,22.32,83.92,7.19,2093.54,0.882,0.75,22.01,218.13,500.0,0.943,sugarcane
111.84,43.48,15.71,28.94,81.38,6.1,1100.69,0.643,0.734,31.73,99.54,2351.36,0.902,rice
42.37,60.82,32.77,23.64,66.99,5.82,616.34,0.633,0.581,24.85,70.9,6117.25,0.697,soybean
66.77,46.44,59.86,17.94,80.58,5.99,562.83,0.484,0.462,17.14,97.73,2331.58,0.833,potato
94.23,38.44,39.09,30.29,81.35,6.81,1222.77,0.61,0.75,31.98,158.24,2899.77,0.758,rice
61.63,47.24,38.35,28.42,67.64,6.16,931.39,0.541,0.585,25.94,60.04,4813.76,0.72,soybean
94.44,28.24,50.9,20.67,70.53,6.16,836.84,0.542,0.563,19.08,20.91,5229.43,0.772,soybean
38.11,41.74,22.02,23.48,46.66,6.47,579.22,0.53,0.442,21.26,14.51,4977.45,0.692,soybean
85.22,37.87,26.39,25.51,71.45,5.23,731.48,0.707,0.516,24.52,121.2,2802.4,0.699,tomato
133.18,54.78,52.34,34.9,81.43,6.93,1174.96,0.594,0.605,35.46,91.07,500.0,0.834,sugarcane
105.53,45.81,58.33,21.58,87.34,6.79,1845.11,0.75,0.75,21.62,176.53,500.0,0.743,sugarcane
65.0,28.19,30.69,22.55,59.66,7.0,647.73,0.635,0.459,23.46,51.03,2797.53,0.69,wheat
54.49,28.06,32.29,22.12,58.81,7.01,560.33,0.68,0.433,24.82,41.52,2152.18,0.808,wheat
101.13,22.54,48.58,30.39,59.25,6.54,814.38,0.714,0.536,31.75,71.3,7732.31,0.822,cotton
15.44,28.16,44.32,25.59,51.28,6.25,523.98,0.471,0.43,24.99,47.7,4529.22,0.747,groundnut
51.8,28.45,42.83,18.11,47.15,5.53,718.88,0.495,0.402,13.35,123.36,2231.45,0.966,tomato
152.88,37.48,49.11,26.83,65.56,6.19,750.01,0.74,0.535,26.8,93.18,6042.67,0.859,cotton
50.26,66.6,26.32,23.24,55.43,6.57,442.82,0.56,0.361,27.84,17.57,7479.81,0.661,chickpea
90.82,22.57,50.8,27.35,80.64,6.29,959.04,0.681,0.59,26.42,145.71,2461.06,0.62,rice
75.72,33.98,31.92,21.59,78.45,5.61,355.98,0.604,0.402,21.79,15.88,1758.72,0.655,potato
75.85,47.0,32.77,23.48,77.81,6.05,645.98,0.656,0.425,25.58,0.0,2191.76,0.886,tomato
60.04,40.51,28.36,22.76,55.38,6.86,451.02,0.59,0.38,21.75,40.84,5972.24,0.789,chickpea
82.92,30.12,42.1,22.84,75.25,6.52,523.18,0.753,0.526,21.09,54.87,2764.57,0.933,tomato
88.74,43.22,40.77,30.08,66.02,6.37,803.19,0.706,0.512,30.02,131.54,2146.31,0.934,maize
54.83,47.19,30.38,24.25,54.45,7.12,583.46,0.64,0.541,22.72,86.73,1952.15,0.766,wheat
93.14,21.79,30.2,23.84,82.63,4.99,852.39,0.674,0.517,25.03,68.62,2945.44,0.86,tomato
70.27,30.58,66.46,19.57,60.05,5.61,276.54,0.641,0.404,19.79,38.84,1457.73,0.611,potato
76.82,31.64,45.38,19.68,64.16,5.86,648.56,0.641,0.446,21.56,0.0,2200.68,0.601,tomato
109.29,38.35,11.96,25.92,72.15,5.75,661.4,0.693,0.586,29.38,104.26,2753.85,0.928,maize
52.59,53.39,69.3,24.48,51.14,7.15,826.74,0.489,0.526,24.77,109.68,6565.01,0.789,soybean
68.56,38.08,34.44,31.92,59.13,5.87,385.57,0.459,0.309,30.84,29.85,2060.79,0.755,tomato
101.87,37.43,53.56,31.42,74.95,6.51,1116.68,0.565,0.679,32.63,78.02,2179.77,0.827,rice
60.65,15.52,58.0,24.77,72.51,6.42,582.68,0.573,0.49,27.09,76.89,2728.91,0.866,tomato
33.44,47.81,24.17,26.86,54.28,6.76,307.54,0.621,0.315,23.23,33.81,7506.86,0.772,chickpea
91.39,35.82,49.08,21.23,46.05,6.23,381.62,0.645,0.347,23.06,47.18,2441.22,0.862,wheat
105.51,37.25,40.49,25.21,35.27,6.58,705.0,0.762,0.436,24.16,52.56,6118.75,0.704,cotton
34.06,43.51,22.47,18.32,59.17,7.74,176.16,0.399,0.365,17.75,54.44,6578.96,0.731,chickpea
26.86,40.58,35.6,21.12,52.52,6.15,759.16,0.535,0.435,18.76,158.64,6067.39,0.599,groundnut
67.06,57.49,49.99,30.28,72.23,6.21,665.88,0.504,0.494,30.99,14.42,5633.2,0.793,soybean
91.53,32.83,50.16,21.52,93.21,6.02,847.39,0.643,0.611,17.9,121.14,2629.87,0.751,tomato
89.79,66.54,49.05,20.44,65.69,6.25,610.23,0.6,0.453,22.15,99.64,2682.12,0.717,wheat
81.2,51.62,50.01,24.3,54.98,6.61,736.5,0.657,0.525,23.08,70.25,2572.85,0.81,wheat
94.38,64.76,11.05,25.68,90.89,6.62,1021.24,0.722,0.704,25.75,125.08,2619.23,0.842,rice
26.6,50.52,51.06,18.62,60.9,6.7,558.84,0.551,0.392,19.9,94.72,6078.19,0.757,chickpea
69.63,32.15,48.16,25.55,58.96,6.2,472.58,0.757,0.378,27.65,54.3,2279.79,0.693,tomato
118.03,7.25,5.0,23.07,57.36,7.04,574.73,0.562,0.396,26.19,41.67,2240.55,0.517,wheat
52.28,43.31,26.86,21.56,55.56,7.08,468.02,0.515,0.427,17.77,27.64,5699.35,0.59,chickpea
72.1,33.36,29.69,23.24,54.07,6.14,1158.28,0.628,0.614,23.04,158.49,4348.8,0.816,soybean
72.12,35.7,38.93,23.39,62.91,6.77,818.49,0.511,0.509,24.63,115.83,7265.12,0.858,cotton
103.88,19.31,50.79,21.16,86.36,5.83,1010.66,0.666,0.687,25.07,86.71,1770.34,0.885,rice
51.4,61.63,31.97,19.44,50.68,6.46,558.87,0.622,0.441,18.98,88.82,7252.63,0.672,chickpea
97.43,49.86,31.36,15.01,70.0,6.48,868.79,0.568,0.535,15.79,127.16,2429.55,0.706,wheat
87.82,44.2,59.56,23.26,57.54,5.31,686.3,0.648,0.42,24.5,114.57,3098.1,0.793,wheat
42.17,54.14,45.83,22.51,44.08,6.67,396.93,0.416,0.4,23.74,94.22,6871.2,0.549,chickpea
75.99,48.31,37.04,14.84,56.72,6.58,804.24,0.497,0.595,18.79,91.32,2543.2,0.765,wheat
91.4,66.76,25.03,21.14,62.6,7.13,565.36,0.573,0.476,18.67,26.53,2659.12,0.995,maize
140.34,56.72,48.74,23.94,75.6,6.14,1353.61,0.764,0.666,25.19,144.47,500.0,0.8,sugarcane
76.0,33.69,50.35,14.86,77.13,6.36,437.15,0.616,0.474,15.19,9.14,1108.77,0.73,potato
40.22,23.61,40.17,19.14,73.18,5.85,820.93,0.411,0.514,19.15,83.59,2429.03,0.719,tomato
89.76,52.55,19.7,23.75,47.11,6.86,583.51,0.708,0.415,22.31,107.32,2299.15,0.832,wheat
35.32,55.28,45.48,16.52,55.05,6.77,417.88,0.562,0.369,18.03,66.95,5349.48,0.515,chickpea
62.49,35.14,60.77,25.79,57.88,6.12,884.11,0.581,0.636,28.1,135.03,7084.18,0.701,cotton
47.83,45.27,16.58,19.16,64.8,6.08,674.72,0.475,0.463,22.47,9.71,2675.63,0.732,wheat
105.26,42.92,27.56,21.17,58.27,6.44,762.07,0.556,0.492,22.29,66.14,2325.57,0.766,wheat
92.07,46.97,30.2,17.6,65.12,5.6,585.08,0.507,0.388,14.89,74.1,1541.69,0.751,potato
105.06,33.01,39.36,30.25,68.46,5.72,955.96,0.513,0.563,31.68,101.68,2144.15,0.863,rice
90.51,50.66,44.1,14.17,61.27,7.37,678.29,0.575,0.462,12.46,95.0,1286.0,0.665,potato
55.63,34.59,14.67,27.69,58.43,6.14,927.65,0.56,0.547,28.02,144.63,4982.89,0.574,soybean
127.56,40.44,50.45,25.3,53.53,6.32,473.33,0.7,0.361,22.31,63.39,7008.1,0.775,cotton
68.01,51.98,37.35,26.75,73.62,6.77,799.78,0.699,0.55,26.84,104.96,3892.42,0.852,soybean
5.0,54.55,61.74,25.67,49.71,5.67,542.98,0.472,0.515,29.21,18.1,5181.64,0.767,groundnut
98.49,34.96,59.8,29.56,70.33,6.7,1460.28,0.688,0.75,31.91,120.8,500.0,0.924,sugarcane
67.8,49.42,39.18,19.92,75.01,6.86,964.27,0.583,0.66,18.13,98.76,5467.92,0.863,soybean
95.48,41.72,40.35,24.78,65.95,5.55,688.4,0.679,0.584,23.17,63.26,2115.3,0.765,tomato
75.69,52.09,35.32,19.56,63.13,6.09,826.96,0.525,0.532,20.88,125.42,1901.63,0.655,potato
97.0,5.0,25.85,24.64,72.89,5.55,939.29,0.768,0.549,21.02,57.43,1860.25,0.843,rice
43.91,57.02,35.74,26.34,68.53,6.2,679.38,0.565,0.494,27.49,76.25,2641.13,0.876,soybean
35.81,63.16,46.49,17.35,37.78,7.57,470.31,0.401,0.363,14.88,28.49,6655.23,0.735,chickpea
125.21,34.03,42.32,25.38,63.52,7.25,511.04,0.746,0.433,21.77,20.04,6283.33,0.826,cotton
120.48,55.65,50.73,30.02,75.93,5.89,835.26,0.733,0.547,29.2,124.82,1903.59,0.933,rice
94.18,58.31,31.04,22.3,71.44,6.59,821.89,0.724,0.565,25.85,71.59,1740.08,0.959,maize
68.33,47.77,47.12,26.02,79.61,7.71,635.95,0.757,0.459,24.5,98.63,6154.09,0.779,chickpea
50.81,62.29,39.7,14.98,44.38,6.67,320.29,0.385,0.329,17.81,0.0,5399.36,0.64,chickpea
15.42,55.23,43.06,26.81,65.97,6.27,779.3,0.539,0.472,24.14,89.57,5613.14,0.644,groundnut
68.14,52.35,52.18,27.65,64.35,5.54,695.8,0.582,0.61,28.44,40.5,2138.58,0.605,wheat
82.5,55.43,47.87,24.53,79.31,5.32,717.14,0.74,0.534,25.73,60.95,1474.81,0.919,potato
94.26,26.08,18.95,27.92,87.87,6.66,1021.46,0.745,0.741,29.14,154.2,2488.14,0.827,rice
112.43,49.43,65.01,37.41,78.58,6.52,1854.6,0.612,0.75,37.41,234.65,500.0,0.794,sugarcane
88.74,54.09,50.74,18.22,63.96,7.36,624.46,0.751,0.55,19.26,72.85,2046.61,0.801,tomato
21.31,64.04,41.4,18.6,68.82,6.11,760.12,0.476,0.58,16.35,96.03,5756.37,1.0,soybean
5.0,65.07,47.08,17.54,45.64,5.31,510.32,0.371,0.45,17.27,111.44,4690.7,0.726,groundnut
88.27,46.96,16.91,30.1,91.82,6.06,1303.64,0.703,0.743,26.69,179.61,2032.22,0.827,rice
83.83,41.07,38.98,16.09,51.93,6.99,628.68,0.523,0.498,12.27,75.8,3039.55,0.742,wheat
94.69,26.37,40.8,32.2,54.58,6.33,813.89,0.482,0.475,30.72,83.33,6637.79,0.719,cotton
68.43,69.35,26.82,26.1,51.1,6.2,698.84,0.567,0.469,30.4,79.04,5505.63,0.8,soybean
77.32,49.63,21.16,20.41,60.5,7.08,585.43,0.583,0.369,20.2,96.4,2305.36,0.705,wheat
76.96,63.58,46.85,26.97,69.54,5.75,496.49,0.641,0.387,25.02,14.38,1739.46,0.68,potato
73.35,46.4,24.8,16.83,48.94,6.25,609.51,0.458,0.425,14.2,58.61,2479.48,0.677,wheat
52.1,38.47,18.13,24.35,71.51,6.69,495.31,0.671,0.419,23.3,94.6,6830.52,0.755,chickpea
41.12,48.69,44.02,18.84,42.23,6.85,428.7,0.45,0.219,19.07,95.18,6305.86,0.598,chickpea
91.24,45.53,40.32,22.65,61.15,6.47,579.79,0.606,0.424,19.4,0.0,7979.74,0.608,cotton
46.05,43.41,40.61,28.1,43.94,6.91,502.03,0.504,0.416,26.2,65.44,6273.96,0.54,chickpea
115.03,27.34,42.54,27.3,67.21,6.33,701.8,0.775,0.331,25.42,84.19,7954.48,0.641,cotton
88.72,19.91,26.75,26.54,69.75,6.52,794.93,0.671,0.605,24.69,122.41,1822.27,0.85,maize
101.36,27.3,37.34,23.24,61.01,6.01,499.88,0.64,0.388,24.52,57.04,1826.69,0.981,potato
69.39,35.32,36.13,21.0,79.79,5.49,718.26,0.575,0.516,16.92,94.36,2107.4,0.907,tomato
64.6,28.99,35.7,17.85,56.84,6.16,439.25,0.439,0.385,14.62,112.16,3102.8,0.869,wheat
75.63,52.53,44.79,17.97,63.3,6.65,555.7,0.598,0.446,17.62,143.51,1776.21,0.736,tomato
78.35,31.73,46.82,27.62,64.44,6.6,431.92,0.709,0.46,25.85,12.45,1706.66,0.902,tomato
23.66,36.78,34.1,20.48,66.35,6.4,691.77,0.542,0.479,21.3,83.93,6438.11,0.907,groundnut
90.5,34.09,54.06,32.24,62.27,6.51,823.98,0.657,0.462,31.79,114.58,2356.26,0.816,maize
51.69,69.26,33.78,25.34,67.68,7.26,626.95,0.558,0.481,27.26,34.26,4861.81,0.726,groundnut
54.27,41.71,34.97,19.55,71.74,5.95,640.47,0.491,0.445,19.83,66.24,6613.39,0.765,soybean
91.07,31.37,32.66,23.66,63.56,6.55,891.21,0.654,0.575,25.32,61.16,2393.96,0.759,maize
114.49,42.04,38.16,23.5,75.03,6.72,562.66,0.731,0.446,21.56,67.85,2227.65,1.0,maize
62.07,49.26,60.25,21.52,70.2,5.14,814.05,0.542,0.587,20.87,110.72,2152.86,0.795,potato
76.8,60.77,22.49,17.88,50.82,6.91,892.55,0.581,0.553,17.92,93.58,8243.17,0.686,cotton
87.94,65.64,56.84,26.34,69.03,5.99,1168.69,0.68,0.715,24.27,152.25,2403.84,0.799,rice
67.63,43.16,49.48,25.89,62.53,5.89,732.71,0.688,0.494,25.42,24.84,1931.44,0.833,tomato
108.53,53.29,50.86,30.67,73.89,6.8,1219.18,0.651,0.718,29.25,137.1,2404.75,0.661,rice
68.73,60.86,38.94,21.78,66.09,7.29,541.23,0.598,0.497,21.11,14.04,6014.06,0.64,chickpea
38.95,64.85,31.25,24.32,36.23,7.67,444.97,0.456,0.39,23.79,108.77,8056.57,0.789,chickpea
128.93,52.39,52.52,19.78,81.13,6.45,1599.43,0.693,0.75,21.36,169.79,500.0,0.978,sugarcane
91.54,40.0,36.84,15.82,69.92,5.72,526.7,0.573,0.525,19.09,0.0,1955.81,0.712,potato
75.43,40.45,42.29,26.56,69.03,5.74,636.17,0.731,0.479,29.81,30.15,1986.95,0.762,tomato
58.17,55.77,38.76,24.35,76.55,6.44,1235.58,0.54,0.75,23.07,102.55,2247.19,0.816,tomato
113.96,53.68,48.01,22.15,86.34,6.34,1428.85,0.641,0.75,18.74,63.19,2246.47,0.96,rice
83.0,54.26,36.97,16.02,99.5,5.46,659.67,0.621,0.553,15.52,26.2,1486.47,0.687,potato
88.26,39.71,62.35,32.32,68.82,6.22,628.92,0.527,0.463,31.12,36.5,2019.12,0.742,tomato
34.11,47.15,30.34,21.04,44.41,7.54,403.58,0.383,0.345,20.02,0.0,6684.37,0.507,chickpea
45.25,48.63,35.65,24.68,52.17,7.15,474.8,0.657,0.399,23.5,45.68,7760.56,0.786,chickpea
65.12,39.6,45.52,23.27,64.52,4.67,575.03,0.596,0.437,22.01,65.11,1817.86,0.728,potato
33.49,58.87,50.67,18.68,36.86,6.46,487.28,0.542,0.418,21.25,0.0,5687.49,0.588,chickpea
29.61,49.4,71.45,21.55,72.64,6.8,583.96,0.63,0.482,22.33,56.54,6864.5,0.87,groundnut
26.41,68.46,16.55,21.78,53.63,6.62,221.39,0.509,0.269,20.21,9.73,6369.67,0.699,chickpea
91.84,47.95,57.5,28.89,54.74,7.07,1649.86,0.506,0.75,29.81,208.37,500.0,0.759,sugarcane
103.21,51.33,51.06,29.26,82.09,5.28,961.94,0.675,0.569,29.02,140.27,1845.26,0.876,rice
77.5,47.42,46.39,23.47,68.37,6.55,807.02,0.659,0.539,22.37,69.97,2551.34,0.907,tomato
87.51,47.47,23.12,22.39,36.56,5.76,888.7,0.657,0.554,25.7,125.11,1962.78,0.898,maize
15.66,62.21,49.24,28.6,66.11,6.22,474.39,0.432,0.361,31.02,30.18,6717.73,0.741,groundnut
52.26,63.2,33.56,23.53,62.9,5.74,828.45,0.648,0.567,25.46,64.43,1838.31,0.735,tomato
80.52,45.12,9.72,19.82,51.19,6.71,482.29,0.591,0.492,19.99,49.86,3302.79,0.685,wheat
22.99,45.31,27.09,19.56,55.28,7.16,432.61,0.458,0.439,16.98,70.9,4441.49,0.643,chickpea
84.8,49.12,38.99,17.08,50.85,6.97,642.62,0.62,0.517,16.58,67.53,2114.02,0.77,wheat
22.1,61.3,59.61,26.31,49.83,5.62,541.23,0.667,0.44,24.93,47.2,5083.27,0.79,groundnut
92.39,60.5,43.27,25.64,87.1,6.13,406.25,0.581,0.492,26.13,97.87,1438.56,0.714,potato
44.03,53.37,25.46,21.8,31.08,7.22,410.45,0.497,0.383,22.66,29.9,5411.33,0.833,chickpea
85.72,13.22,54.11,28.57,45.96,5.4,712.53,0.587,0.456,29.73,45.17,7721.62,0.819,cotton
48.01,73.29,35.5,18.98,36.14,7.25,510.81,0.504,0.371,19.53,32.33,5806.98,0.6,chickpea
84.27,46.17,51.18,39.41,75.71,6.57,846.92,0.5,0.544,40.93,57.64,2121.85,0.761,tomato
58.81,44.08,48.73,19.68,62.48,6.96,743.44,0.475,0.524,23.13,73.51,2306.27,0.863,wheat
41.16,54.75,18.99,29.16,63.66,6.34,716.36,0.592,0.517,28.25,64.32,5723.59,0.822,groundnut
146.47,41.66,50.56,22.1,72.86,7.62,1487.19,0.633,0.75,23.73,120.88,500.0,0.712,sugarcane
47.92,70.31,23.9,21.46,38.64,6.73,347.55,0.465,0.368,21.37,104.55,6287.21,0.621,chickpea
48.67,60.11,36.18,27.22,60.18,6.06,882.18,0.564,0.564,24.74,111.94,4024.5,0.961,soybean
63.5,54.33,57.18,20.8,69.39,7.01,664.86,0.508,0.538,19.52,41.7,1427.15,0.689,potato
60.79,60.73,34.04,24.8,58.61,5.64,585.65,0.585,0.43,24.36,55.45,4448.14,0.925,soybean
77.85,17.08,56.17,13.78,67.01,6.77,810.99,0.397,0.467,12.59,83.84,2489.26,0.87,tomato
154.94,62.79,48.96,24.41,72.86,5.94,1537.79,0.668,0.75,22.99,148.61,500.0,0.951,sugarcane
31.4,22.33,55.32,25.27,52.52,7.06,940.74,0.638,0.491,27.76,107.52,5827.89,0.844,soybean
79.59,49.51,22.63,27.4,70.88,5.95,717.8,0.595,0.51,31.46,8.16,2202.59,0.863,maize
14.33,60.07,35.2,26.31,62.52,6.56,769.33,0.571,0.513,27.82,126.8,4740.95,0.764,soybean
59.41,48.37,52.16,28.57,69.44,6.64,825.96,0.53,0.563,30.06,93.86,3473.7,0.631,soybean
50.28,12.31,58.91,23.95,62.28,5.4,603.23,0.582,0.503,23.94,94.71,1616.17,0.751,potato
88.65,61.9,37.23,23.19,51.16,6.28,749.57,0.648,0.478,21.62,74.08,1634.84,0.542,maize
110.42,38.36,26.37,19.74,55.99,7.15,668.57,0.672,0.473,18.24,17.79,2533.81,0.533,wheat
104.4,36.15,16.95,23.37,77.27,6.06,704.9,0.672,0.555,26.5,67.35,2485.53,0.913,tomato
46.84,73.52,36.0,23.79,60.17,6.71,927.18,0.537,0.49,23.11,74.35,4649.84,0.909,soybean
54.19,47.87,58.29,26.9,59.68,6.61,706.39,0.564,0.558,30.22,89.62,4362.8,0.956,soybean
56.89,58.61,25.78,16.34,57.28,7.7,411.37,0.53,0.342,18.13,24.2,7897.05,0.475,chickpea
45.44,36.77,50.02,21.25,70.34,6.75,721.53,0.492,0.495,19.75,0.0,6103.62,0.754,soybean
94.06,45.4,29.75,23.76,48.8,7.02,645.03,0.632,0.516,25.72,25.74,2536.91,0.969,wheat
53.79,44.62,47.49,19.97,70.8,6.97,985.16,0.554,0.635,17.41,85.1,4223.8,0.823,soybean
94.51,26.57,42.6,29.21,50.6,6.83,1130.02,0.555,0.708,27.54,119.84,2917.06,0.771,maize
105.64,29.56,38.81,24.22,67.06,6.91,597.76,0.784,0.44,22.63,76.48,5740.41,0.613,cotton
91.86,41.47,41.01,27.21,76.5,6.34,616.83,0.637,0.428,25.85,86.5,1647.96,0.765,maize
121.49,42.16,36.84,19.66,81.3,6.51,950.5,0.66,0.607,20.83,95.18,1663.31,0.797,rice
117.76,45.13,66.85,25.14,59.97,7.06,1352.56,0.625,0.726,22.53,65.63,500.0,0.949,sugarcane
87.63,56.06,34.24,22.06,87.38,5.51,493.47,0.743,0.514,22.92,47.75,2055.29,0.838,tomato
36.41,49.82,49.92,27.96,72.18,5.7,458.48,0.519,0.495,28.56,0.0,6750.25,0.771,groundnut
38.43,41.56,34.77,27.77,62.79,6.75,752.06,0.536,0.514,27.7,20.68,4115.12,0.955,soybean
35.88,56.75,37.8,23.66,48.74,4.59,638.92,0.445,0.403,24.25,52.64,7669.89,0.609,groundnut
8.78,45.01,36.35,22.55,54.64,6.95,661.2,0.507,0.41,22.44,52.66,5666.22,0.839,groundnut
85.12,50.79,40.79,28.26,65.95,5.87,668.18,0.577,0.464,29.34,90.41,4942.81,0.655,soybean
78.05,36.24,41.62,26.94,67.99,6.52,932.06,0.585,0.594,26.82,133.09,2354.6,0.765,maize
22.92,61.28,48.37,21.74,63.79,5.59,460.29,0.426,0.407,23.73,2.54,6148.79,0.736,groundnut
37.11,69.0,41.82,24.4,44.93,6.88,332.4,0.532,0.282,27.02,35.01,6666.23,0.677,chickpea
83.92,74.78,50.34,25.44,74.05,6.92,1201.43,0.626,0.66,23.24,99.56,500.0,0.879,sugarcane
59.31,50.77,49.72,23.77,70.41,6.04,691.1,0.568,0.437,24.05,51.63,2373.28,0.817,tomato
84.98,13.88,53.9,25.72,63.65,6.28,476.92,0.718,0.396,24.07,25.93,2123.61,0.809,tomato
40.5,63.06,61.89,23.24,56.01,6.72,647.86,0.655,0.503,18.27,69.11,5877.23,0.701,chickpea
114.82,40.64,43.2,19.86,77.41,6.22,1117.05,0.765,0.668,19.05,89.6,2236.19,0.871,maize
107.02,51.6,36.95,25.08,78.99,6.17,543.58,0.773,0.484,25.3,70.83,1983.22,0.822,maize
106.45,35.42,41.36,31.69,50.96,6.64,924.02,0.55,0.535,36.38,109.01,6468.49,0.83,cotton
9.28,54.36,35.87,26.84,34.89,6.86,593.83,0.569,0.368,25.47,0.0,4430.07,0.661,chickpea
44.59,75.71,25.91,13.92,65.62,5.85,613.22,0.485,0.485,12.08,98.5,1969.63,0.869,potato
79.28,48.32,40.66,28.07,79.28,6.51,787.88,0.673,0.489,25.18,80.88,6569.67,0.652,cotton
86.4,41.37,60.16,27.23,75.5,5.16,686.29,0.614,0.516,26.4,58.97,2351.48,0.767,tomato
37.33,52.0,39.96,24.69,58.88,7.09,663.09,0.554,0.404,26.35,122.05,3193.7,0.945,soybean
35.82,55.16,63.18,22.36,45.42,5.91,695.43,0.537,0.423,23.41,52.16,5951.75,0.807,groundnut
115.51,75.59,46.73,23.27,61.17,6.39,863.21,0.633,0.559,25.35,76.32,1801.98,0.835,rice
81.42,49.42,57.95,19.94,58.96,5.03,449.8,0.538,0.419,18.7,87.91,1468.82,0.796,potato
86.65,31.01,22.57,19.65,52.09,7.29,768.09,0.537,0.484,20.75,99.8,2827.9,0.774,wheat
96.31,59.76,37.7,21.2,70.21,6.91,852.66,0.602,0.625,21.78,62.5,6395.42,0.855,soybean
113.07,65.17,53.46,21.45,75.61,6.39,1201.21,0.585,0.715,23.68,194.33,500.0,0.877,sugarcane
95.32,42.49,58.84,13.52,61.17,5.71,688.49,0.488,0.446,10.1,45.59,1982.57,0.879,potato
126.24,59.73,36.77,28.88,86.56,5.52,1326.39,0.76,0.75,28.72,223.99,2837.07,0.851,rice
76.7,41.91,55.91,16.34,68.11,4.82,799.07,0.5,0.438,19.07,78.43,1787.49,0.896,potato
118.89,24.86,54.68,27.32,62.24,7.06,363.92,0.74,0.403,25.52,36.73,7916.78,0.643,cotton
92.75,28.95,41.8,20.27,57.0,6.73,542.17,0.553,0.473,20.24,31.3,2215.54,0.849,wheat
130.33,53.48,22.95,28.41,68.36,7.19,915.79,0.751,0.582,29.12,113.24,500.0,0.767,sugarcane
51.11,55.86,11.08,27.01,78.59,7.02,754.67,0.657,0.523,28.92,39.52,4799.47,0.945,soybean
35.89,73.13,37.58,17.58,36.23,6.57,365.3,0.448,0.356,18.55,10.28,7397.61,0.823,chickpea
47.6,64.92,28.13,18.84,43.71,6.63,501.73,0.377,0.313,22.57,24.79,6695.01,0.551,chickpea
133.89,54.68,43.32,25.2,74.21,6.36,1230.41,0.82,0.623,23.12,167.61,500.0,0.938,sugarcane
78.3,34.99,36.21,23.56,29.77,7.0,552.62,0.486,0.304,24.38,45.43,2948.25,0.921,wheat
45.34,62.8,37.39,19.5,44.46,7.23,612.05,0.473,0.49,21.34,50.03,7572.67,0.802,chickpea
44.47,56.1,46.6,18.23,62.32,6.49,605.37,0.517,0.456,17.88,36.69,4514.42,0.897,soybean
109.75,55.85,33.25,25.03,56.53,6.11,919.16,0.696,0.542,25.36,169.81,2198.58,0.686,potato
77.6,40.01,47.75,21.38,70.21,5.16,852.46,0.572,0.528,19.51,90.15,2023.85,0.873,tomato
41.03,55.86,48.99,19.99,31.27,6.21,400.72,0.427,0.308,22.27,0.0,7970.43,0.619,chickpea
109.37,20.73,27.47,26.04,71.58,7.43,1616.78,0.711,0.75,31.75,162.29,500.0,0.803,sugarcane
81.95,24.25,36.28,23.62,60.0,6.42,1031.46,0.714,0.608,23.46,108.67,2197.34,0.793,maize
119.39,40.17,34.0,18.79,62.82,6.14,617.38,0.628,0.433,19.79,30.75,2128.3,0.739,maize
89.47,13.59,35.12,32.74,62.95,6.14,720.5,0.554,0.401,29.28,110.79,7773.44,0.602,cotton
88.86,29.17,23.89,18.07,55.59,6.02,902.49,0.592,0.497,20.03,72.46,2121.77,0.91,wheat
90.58,27.89,54.33,33.72,54.09,6.78,694.26,0.602,0.418,33.76,46.73,6932.14,0.838,cotton
162.0,57.31,73.48,27.03,84.52,7.35,1364.71,0.729,0.75,25.97,105.17,500.0,0.746,sugarcane
114.94,45.6,9.54,37.83,56.78,6.64,648.62,0.649,0.527,42.0,81.43,7957.75,0.646,cotton
113.75,14.72,38.08,31.31,59.33,5.94,594.63,0.578,0.445,29.64,109.27,7218.62,0.61,cotton
124.6,44.03,54.7,23.82,50.53,7.28,496.96,0.754,0.402,26.05,56.76,6443.93,0.634,cotton
117.27,30.75,36.89,27.46,64.01,7.39,772.72,0.778,0.493,29.8,63.93,6037.13,0.654,cotton
124.67,14.55,29.07,20.29,62.5,5.91,492.36,0.678,0.439,20.37,43.56,8920.36,0.765,cotton
40.82,43.76,52.74,27.76,76.53,6.04,686.37,0.59,0.562,28.2,2.18,5654.0,0.92,soybean
108.31,36.56,48.26,24.62,67.69,6.38,744.72,0.689,0.534,25.07,108.72,6394.79,0.689,cotton
143.43,34.57,30.5,25.57,86.56,5.99,1508.15,0.692,0.75,25.83,118.15,2153.59,0.961,rice
53.63,60.39,43.64,18.96,34.22,7.61,500.73,0.467,0.269,17.62,74.41,6923.93,0.562,chickpea
17.86,68.4,48.83,17.43,44.64,6.6,386.38,0.289,0.331,16.67,93.93,6636.99,0.646,chickpea
80.68,33.89,37.83,27.84,74.7,6.07,707.74,0.607,0.517,27.85,163.08,8564.06,0.592,cotton
75.4,44.49,30.15,18.14,67.08,7.4,382.32,0.517,0.333,18.8,53.79,2126.32,0.725,wheat
56.57,67.03,29.31,22.94,65.47,7.51,391.96,0.582,0.35,23.4,40.61,5375.94,0.654,chickpea
124.69,39.48,39.2,25.67,82.92,5.93,1268.4,0.673,0.75,27.01,116.61,2045.18,0.914,rice
40.93,44.88,27.63,25.22,67.74,6.29,623.84,0.694,0.441,25.83,97.54,4988.37,0.778,groundnut
69.51,55.03,50.95,28.08,68.27,6.43,859.56,0.665,0.517,28.5,0.0,1903.42,0.862,wheat
84.95,54.86,67.56,26.03,63.94,6.5,1297.24,0.664,0.669,24.91,123.97,500.0,0.898,sugarcane
55.92,57.35,51.83,19.29,65.58,6.28,469.88,0.484,0.362,19.46,8.91,1615.25,0.659,potato
66.92,19.5,63.75,29.13,63.61,6.07,802.45,0.61,0.541,28.18,69.07,2200.84,0.772,tomato
58.56,43.73,74.0,21.57,60.81,7.46,422.59,0.574,0.37,22.33,0.0,7102.71,0.753,chickpea
137.21,38.08,29.71,25.53,79.95,6.52,1042.84,0.791,0.666,23.66,106.49,2172.0,0.857,rice
55.21,46.47,36.81,23.06,37.61,7.26,534.54,0.549,0.44,23.58,65.07,2687.7,0.823,wheat
95.7,26.39,29.96,27.73,77.54,6.52,1158.81,0.612,0.598,25.3,79.21,2632.43,0.732,rice
100.08,14.75,42.11,33.07,58.2,5.76,606.46,0.529,0.557,36.4,86.23,6639.77,0.87,cotton
76.23,71.92,48.68,20.41,79.42,5.55,1003.14,0.573,0.663,20.32,46.97,1875.3,0.733,tomato
80.83,55.93,23.39,31.19,56.17,6.68,666.14,0.489,0.512,28.34,18.66,7508.68,0.871,groundnut
60.66,44.08,28.7,10.21,41.78,6.88,518.31,0.445,0.403,14.45,0.0,3014.14,0.887,wheat
80.66,42.75,38.9,30.26,56.27,5.88,429.06,0.602,0.41,32.2,54.38,3054.69,0.8,cotton
134.71,39.67,28.76,27.76,78.52,6.74,1597.55,0.787,0.75,27.88,182.06,2602.97,0.933,rice
51.77,59.28,59.03,31.78,69.62,5.66,778.08,0.391,0.576,35.87,92.28,4368.55,0.882,soybean
77.62,38.13,25.06,21.33,41.61,6.05,712.47,0.521,0.487,20.13,41.93,2044.54,0.685,wheat
66.99,46.51,24.8,22.92,53.08,7.54,459.1,0.607,0.385,20.32,38.92,6561.26,0.656,chickpea
89.97,23.41,24.74,28.35,66.18,6.59,568.23,0.617,0.442,28.38,59.84,1432.43,0.806,maize
102.95,30.54,42.23,24.08,88.91,5.89,1260.1,0.567,0.724,23.73,128.51,2629.64,0.91,rice
133.43,72.75,46.02,32.49,89.54,6.94,1576.31,0.667,0.75,34.74,178.79,500.0,0.733,sugarcane
125.05,40.1,32.1,19.09,45.92,5.97,504.44,0.63,0.429,18.91,34.52,7360.62,0.716,cotton
82.04,35.2,33.38,31.12,65.8,6.01,664.87,0.511,0.385,29.16,0.0,7495.14,0.755,cotton
81.16,31.99,25.03,26.97,72.0,6.06,816.47,0.57,0.496,24.75,65.12,2310.12,1.0,tomato
15.99,34.01,48.49,23.07,47.31,6.87,494.97,0.459,0.403,21.3,0.0,7101.57,0.944,chickpea
44.55,39.55,50.86,23.96,62.73,6.71,578.72,0.757,0.46,27.39,25.33,5828.84,0.874,groundnut
99.08,69.62,37.45,22.76,82.0,5.13,617.56,0.674,0.436,23.29,20.84,1903.18,0.947,potato
125.4,34.82,41.81,27.39,78.0,5.88,1726.82,0.742,0.75,28.05,236.81,2229.54,1.0,rice
75.1,54.23,33.1,28.95,68.08,5.73,668.33,0.583,0.576,26.5,21.31,1848.4,0.787,tomato
98.38,45.49,27.4,22.25,69.98,5.51,686.14,0.587,0.455,22.91,70.32,2311.42,0.595,maize
7.44,39.4,29.12,28.97,53.4,6.59,492.39,0.472,0.436,27.53,92.39,5852.12,0.641,groundnut
106.89,51.69,44.18,22.43,65.28,6.08,993.11,0.657,0.571,24.36,72.22,2149.33,0.715,maize
60.38,46.61,47.33,19.22,64.85,6.37,759.92,0.563,0.606,21.21,71.9,2066.7,0.742,tomato
107.9,63.37,45.83,23.37,87.81,7.41,1551.32,0.632,0.75,23.59,137.64,500.0,0.902,sugarcane
58.04,53.41,42.9,21.45,57.5,7.24,412.73,0.575,0.419,21.01,62.93,7327.22,0.657,chickpea
29.0,48.94,43.31,24.01,62.29,5.39,509.97,0.564,0.479,24.0,30.76,1750.5,0.795,potato
71.16,41.94,42.39,28.7,81.61,5.7,499.68,0.587,0.433,32.82,48.16,2109.41,0.61,tomato
31.04,64.78,26.78,21.36,62.45,7.24,461.97,0.584,0.377,22.22,64.18,5364.83,0.615,chickpea
112.55,43.54,44.23,32.84,78.02,6.41,993.69,0.544,0.551,32.0,171.54,2067.31,0.886,rice
9.41,26.35,42.72,27.99,50.78,6.01,458.02,0.421,0.421,25.62,36.51,5012.36,0.614,groundnut
90.77,40.3,42.33,24.21,56.07,6.3,761.35,0.644,0.357,24.03,51.57,7702.02,0.766,cotton
161.25,29.5,31.58,30.45,82.27,6.56,1498.94,0.865,0.722,28.73,196.64,2139.14,0.898,rice
65.35,59.74,56.11,32.39,69.11,7.11,752.99,0.439,0.565,33.87,75.32,4755.16,0.838,soybean
50.34,51.46,36.76,26.54,69.78,5.81,834.45,0.531,0.594,24.25,63.27,2073.15,0.799,tomato
89.87,21.47,34.18,29.43,69.17,7.69,541.85,0.55,0.348,29.74,73.09,6336.55,0.597,cotton
85.12,27.61,33.66,23.16,54.85,7.33,692.2,0.677,0.51,25.97,23.54,2211.72,0.783,wheat
86.91,47.0,41.95,21.7,74.31,6.63,764.76,0.67,0.468,21.69,105.22,6327.72,0.781,cotton
41.82,29.09,53.33,26.29,72.13,6.47,518.53,0.597,0.368,25.34,63.79,2024.52,0.973,tomato
56.4,66.94,34.17,15.2,58.9,7.61,345.08,0.376,0.332,10.19,34.78,7128.02,0.654,chickpea
56.1,38.96,46.47,21.86,68.81,5.98,398.57,0.562,0.368,22.88,62.01,2698.49,0.98,tomato
102.62,51.5,30.65,23.96,98.23,6.17,1161.21,0.759,0.651,23.99,162.11,1689.35,0.784,rice
51.29,43.51,49.63,30.79,74.76,5.78,1058.3,0.483,0.643,33.01,125.35,1511.01,0.878,tomato
86.88,37.57,50.16,29.23,67.08,6.76,729.78,0.658,0.557,31.88,112.76,2659.33,0.827,tomato
56.91,33.57,19.4,21.26,72.7,6.63,852.04,0.556,0.554,21.87,68.64,2407.86,0.689,maize
97.84,38.66,39.13,22.04,69.28,7.46,916.19,0.64,0.587,21.4,85.18,2064.81,0.868,maize
92.19,18.59,52.11,23.36,53.69,6.25,662.16,0.667,0.501,25.08,102.99,1773.29,0.75,wheat
107.04,42.53,37.32,31.94,86.8,6.84,1508.04,0.771,0.75,29.81,176.85,2322.54,0.813,rice
20.39,39.85,15.98,26.24,42.41,6.57,651.18,0.474,0.458,27.69,117.78,5460.81,0.619,groundnut
42.48,57.36,49.39,25.38,50.28,7.85,536.43,0.545,0.344,24.55,68.11,7082.27,0.836,chickpea
113.99,60.55,46.27,22.13,51.87,5.64,650.37,0.752,0.432,25.42,24.85,1945.09,0.923,tomato
40.46,68.33,36.95,19.61,44.21,6.46,397.66,0.473,0.359,20.85,46.51,5342.36,0.498,chickpea
126.95,39.85,36.54,29.15,64.62,6.3,1292.17,0.667,0.75,30.53,73.79,2074.12,0.78,rice
35.73,37.88,46.2,26.8,74.67,6.31,693.68,0.69,0.463,26.16,127.42,2071.33,0.799,tomato
86.19,46.23,37.75,23.78,77.56,6.88,591.63,0.723,0.472,23.17,84.0,2189.73,0.73,maize
58.44,59.14,28.14,22.59,53.34,6.83,426.28,0.591,0.324,21.43,19.59,7460.16,0.647,chickpea
38.11,60.6,55.23,22.72,71.18,5.89,658.63,0.635,0.483,21.1,45.26,6114.82,0.956,groundnut
100.59,44.73,31.29,21.52,69.5,7.11,673.85,0.638,0.515,20.46,84.83,2148.74,0.745,wheat
78.03,72.78,37.49,17.13,47.89,6.26,707.95,0.472,0.559,16.39,99.53,2178.79,0.791,maize
56.15,35.38,45.83,20.47,70.14,4.86,700.45,0.558,0.541,23.31,94.0,2793.15,0.807,tomato
112.99,59.77,50.78,20.47,71.94,4.84,563.19,0.708,0.453,17.66,54.48,2260.11,0.855,potato
101.53,21.54,40.76,16.99,67.18,6.44,398.24,0.577,0.348,18.62,51.36,2173.53,0.68,wheat
28.58,31.7,37.66,24.78,60.99,5.99,560.08,0.539,0.421,24.94,57.43,6462.22,0.748,groundnut
138.52,39.48,50.58,21.24,95.09,7.1,1287.0,0.722,0.694,21.74,78.24,500.0,0.819,sugarcane
84.33,48.53,58.87,28.21,71.32,6.03,762.93,0.691,0.468,29.5,45.27,2810.9,0.847,tomato
100.39,42.15,19.69,26.26,89.15,6.08,1740.26,0.733,0.75,28.63,172.58,500.0,0.78,sugarcane
74.83,36.4,25.3,20.55,54.67,6.47,572.03,0.584,0.396,20.07,41.41,1605.81,0.866,wheat
29.96,82.85,43.21,28.48,76.35,5.61,496.69,0.471,0.46,31.75,13.05,4572.46,0.778,groundnut
39.14,54.38,43.89,26.52,53.66,6.19,471.13,0.558,0.308,27.15,43.66,6532.05,0.73,groundnut
112.56,65.32,38.43,30.47,66.46,6.28,1181.12,0.667,0.688,31.46,125.86,500.0,0.728,sugarcane
77.17,43.85,53.3,18.28,60.49,7.29,555.57,0.595,0.47,17.44,31.39,1359.23,0.754,potato
125.85,69.15,59.49,26.86,63.22,7.02,1866.55,0.757,0.75,26.44,170.32,500.0,0.794,sugarcane
85.24,44.09,37.04,16.57,68.25,6.08,391.19,0.518,0.408,15.76,22.79,2148.47,0.772,maize
119.5,37.06,36.56,31.01,58.64,6.52,796.61,0.596,0.464,30.75,32.35,6548.08,0.65,cotton
5.82,59.76,63.2,21.68,55.97,6.18,632.69,0.473,0.561,20.18,94.75,5282.15,0.6,groundnut
130.12,41.74,45.29,15.25,71.5,6.91,1102.91,0.606,0.637,13.06,107.19,2131.18,0.758,rice
39.37,64.19,58.21,21.73,78.16,5.98,345.68,0.522,0.438,21.38,41.12,4961.06,0.773,groundnut
100.12,43.58,56.26,25.58,54.81,6.58,727.38,0.68,0.492,24.08,99.0,7629.19,0.616,cotton
32.07,38.93,47.12,26.52,35.24,6.71,609.07,0.534,0.384,31.45,40.32,3198.78,0.812,groundnut
111.35,35.48,42.7,24.93,82.82,6.87,641.78,0.767,0.458,27.01,55.3,2087.58,0.837,maize
85.42,70.37,50.0,24.44,73.36,6.64,1058.71,0.659,0.585,26.76,58.16,2285.06,0.84,tomato
78.84,25.51,19.28,22.25,63.01,6.1,595.86,0.583,0.404,24.7,86.07,2041.3,0.936,maize
57.98,52.75,54.63,26.73,67.71,6.45,551.7,0.642,0.437,29.65,44.13,6293.43,0.689,groundnut
78.81,37.84,51.46,16.06,50.49,7.03,663.32,0.519,0.41,15.92,105.94,1820.57,0.71,wheat
82.53,56.03,33.66,30.88,56.31,5.56,806.77,0.52,0.514,28.73,80.84,5149.05,0.853,soybean
92.14,44.05,35.08,24.2,49.63,6.43,940.7,0.619,0.548,20.79,132.9,2591.14,0.842,maize
65.84,57.03,50.28,25.09,50.79,6.13,771.61,0.637,0.451,23.72,102.45,2071.94,0.828,tomato
55.15,45.17,41.72,22.45,40.42,7.3,455.67,0.489,0.322,23.41,81.07,6775.56,0.789,chickpea
63.33,49.62,48.29,24.2,72.43,6.46,685.05,0.628,0.555,23.54,90.14,2033.78,0.768,tomato
103.39,56.1,39.67,19.16,72.09,7.48,709.49,0.54,0.472,23.8,48.34,2821.66,0.673,wheat
37.72,46.81,64.04,23.64,53.99,6.18,1007.61,0.535,0.543,20.18,89.08,3757.1,0.812,soybean
107.88,39.6,43.61,28.5,60.2,6.58,491.18,0.597,0.453,26.07,65.57,6914.5,0.853,cotton
64.65,36.83,31.81,22.11,64.99,6.82,989.86,0.591,0.617,22.59,25.72,3973.52,0.866,soybean
58.46,45.73,43.92,29.29,76.75,4.62,759.82,0.684,0.592,28.32,103.26,1908.62,0.79,tomato
93.72,48.33,52.85,27.17,81.79,6.18,1123.81,0.592,0.645,22.48,174.93,2207.92,0.721,rice
34.12,40.74,29.15,19.47,51.74,6.31,473.72,0.464,0.309,20.85,60.47,4310.06,0.809,groundnut
5.0,56.38,39.44,25.73,50.87,6.75,499.29,0.446,0.485,27.11,48.52,3676.12,0.736,groundnut
61.56,51.5,42.99,20.4,64.32,6.12,525.16,0.592,0.385,19.18,78.09,1661.12,0.613,potato
67.28,30.37,22.29,17.07,54.72,6.78,655.49,0.585,0.426,14.9,65.55,1790.49,0.85,wheat
40.94,74.03,29.18,17.38,75.07,7.56,641.56,0.51,0.49,18.74,86.37,6046.2,0.665,groundnut
54.26,29.66,14.02,24.68,53.2,7.07,605.79,0.629,0.558,22.39,33.35,2075.73,0.99,wheat
33.05,45.62,29.03,19.98,67.25,7.07,1096.12,0.499,0.66,21.07,102.4,5722.04,0.774,soybean
84.89,31.55,34.54,20.59,47.91,6.1,648.77,0.547,0.5,20.85,58.47,2363.51,0.798,maize
40.63,46.13,69.55,28.01,80.13,5.28,821.83,0.572,0.597,25.94,44.68,2152.96,0.772,tomato
62.88,52.42,51.69,28.15,76.76,6.63,750.6,0.563,0.518,27.26,61.7,2501.52,0.804,tomato
58.9,42.0,35.73,19.66,51.01,6.19,585.62,0.537,0.37,20.51,62.84,7052.95,0.611,groundnut
5.0,44.08,42.21,27.94,67.18,5.92,731.87,0.468,0.484,26.29,103.83,5139.16,0.836,soybean
116.22,47.44,34.14,30.67,92.42,6.38,1399.14,0.634,0.745,26.04,111.74,1913.02,0.889,rice
49.04,39.31,37.3,31.16,34.43,6.97,561.2,0.498,0.432,26.4,77.06,5757.35,0.731,chickpea
72.26,49.45,44.76,23.74,59.41,5.59,671.74,0.697,0.419,21.51,36.54,2427.14,0.782,tomato
89.27,66.76,24.82,37.75,66.39,6.46,571.0,0.483,0.421,40.51,79.19,8754.46,0.721,cotton
105.24,57.16,26.19,20.18,52.34,6.74,489.1,0.581,0.331,17.87,53.16,3088.25,0.885,wheat
112.1,45.32,18.38,21.78,50.35,7.56,446.4,0.708,0.377,24.36,90.72,2309.42,0.776,wheat
102.85,54.36,31.23,26.14,66.77,4.5,650.23,0.529,0.53,26.25,59.91,1777.14,0.78,potato
47.61,29.51,33.77,21.39,41.34,6.47,553.68,0.465,0.387,20.14,85.92,2142.32,0.825,wheat
118.75,55.4,48.76,30.12,74.75,6.58,1120.15,0.653,0.589,29.93,123.39,500.0,0.875,sugarcane
63.45,68.42,21.18,24.12,50.27,7.85,574.16,0.484,0.437,21.2,97.34,5570.96,0.779,chickpea
125.88,42.0,47.75,27.12,54.81,6.94,609.35,0.659,0.439,28.98,13.46,5934.42,0.668,cotton
94.8,58.03,44.01,24.61,59.62,7.19,1033.42,0.681,0.567,22.59,118.43,3915.49,0.669,soybean
94.37,40.7,40.24,21.36,44.13,6.36,442.39,0.695,0.371,22.03,44.13,2040.24,0.763,wheat
50.85,69.39,13.83,30.0,55.92,6.58,667.57,0.623,0.47,32.15,69.42,2211.18,0.882,maize
55.63,29.0,48.33,28.57,71.31,6.48,644.29,0.559,0.438,28.62,61.2,6064.84,0.988,groundnut
126.09,38.85,45.72,27.27,50.63,7.3,1250.04,0.783,0.629,26.23,81.54,500.0,0.845,sugarcane
87.8,45.85,56.65,23.63,61.91,6.27,787.66,0.618,0.441,22.71,37.58,2111.22,0.888,tomato
84.71,71.19,43.41,23.02,70.3,5.68,584.27,0.64,0.474,21.1,7.14,1976.66,0.82,potato
85.74,23.68,26.24,27.83,65.02,6.7,653.2,0.496,0.541,26.93,37.02,2669.99,0.717,wheat
57.13,43.62,28.57,23.39,58.58,6.19,355.09,0.562,0.457,23.76,56.92,4564.23,0.826,groundnut
85.98,34.58,42.92,26.18,75.04,6.79,1246.26,0.77,0.734,24.25,192.32,2291.77,1.0,rice
117.36,18.91,18.4,20.98,66.52,6.34,732.24,0.79,0.556,22.05,56.26,8637.36,0.874,cotton
124.1,31.17,42.14,27.49,87.24,5.98,1578.6,0.691,0.75,25.23,155.68,2178.38,0.883,rice
57.98,56.96,49.22,24.55,51.49,6.94,451.51,0.575,0.419,21.64,45.46,7518.04,0.586,chickpea
99.4,41.99,44.92,21.4,67.44,5.63,804.29,0.588,0.536,22.52,85.69,1904.35,0.88,tomato
48.35,67.96,23.98,19.55,28.84,7.49,491.54,0.424,0.278,20.11,107.81,6365.49,0.634,chickpea
150.51,39.85,40.01,25.34,66.23,5.54,1309.17,0.733,0.636,26.4,149.15,2372.07,0.858,rice
75.64,20.47,20.78,20.2,48.72,6.24,680.86,0.613,0.366,19.13,77.21,4129.34,0.625,soybean
87.29,37.04,37.49,24.53,48.97,5.39,852.08,0.657,0.5,21.22,101.71,2500.65,0.848,maize
106.93,39.82,45.69,26.5,64.37,5.84,954.43,0.707,0.544,30.88,114.53,2728.44,1.0,rice
49.79,69.29,50.95,26.36,57.44,5.72,750.39,0.585,0.412,27.31,76.77,2877.0,0.704,soybean
118.33,43.87,40.39,16.66,76.58,6.01,597.81,0.542,0.426,17.01,67.6,1795.65,0.796,potato
85.86,41.52,49.25,32.65,75.46,5.88,1338.13,0.501,0.723,32.64,132.83,2229.21,0.767,rice
64.51,31.9,49.37,20.35,62.43,7.46,809.81,0.626,0.537,21.93,88.46,1964.64,0.81,wheat
31.29,47.52,53.26,33.52,50.62,6.21,402.22,0.428,0.351,33.95,70.96,4747.58,0.739,groundnut
84.67,60.88,41.81,18.31,47.5,6.94,640.45,0.576,0.499,18.17,78.88,1993.14,0.583,potato
124.73,36.89,48.77,27.08,61.02,6.5,611.29,0.662,0.398,23.31,57.93,6114.98,0.586,cotton
109.64,60.85,63.35,23.88,70.4,6.47,1236.72,0.671,0.674,22.88,84.47,2289.86,0.855,rice
66.65,71.84,51.61,23.83,84.31,6.25,927.5,0.637,0.621,24.41,77.88,2444.14,0.892,maize
47.96,47.04,17.23,26.97,50.51,6.46,899.27,0.529,0.601,25.48,110.94,3860.55,0.893,soybean
62.13,37.02,21.97,25.63,65.69,6.13,886.27,0.506,0.532,24.66,31.36,5876.21,0.654,soybean
42.39,45.06,34.38,24.06,40.46,6.59,1000.6,0.644,0.606,20.03,78.04,5162.58,0.836,soybean
88.02,56.33,31.17,15.18,51.28,7.15,593.64,0.476,0.433,14.18,53.09,1900.4,0.689,potato
91.16,80.97,43.97,14.55,90.17,6.14,447.38,0.539,0.465,13.07,1.8,2022.37,0.546,potato
95.73,38.33,33.76,19.43,72.27,5.27,980.34,0.68,0.455,21.98,133.99,2008.63,0.701,maize
105.72,27.04,39.02,24.32,49.98,6.26,757.45,0.684,0.468,27.31,5.37,7321.44,0.736,cotton
34.98,53.68,21.78,20.22,57.83,6.5,788.91,0.448,0.442,22.64,81.23,4701.2,0.826,soybean
86.46,44.47,65.52,28.83,66.15,6.21,546.92,0.768,0.42,27.24,68.08,4220.87,0.862,soybean
44.58,49.31,32.67,26.21,52.07,6.76,515.13,0.598,0.407,23.99,47.31,6489.91,0.788,chickpea
126.01,45.58,39.2,27.14,64.13,6.58,1538.48,0.747,0.75,25.16,104.31,2474.19,0.853,rice
28.13,41.17,34.39,28.43,56.93,5.82,602.63,0.527,0.439,27.14,56.66,6519.04,0.725,groundnut
93.98,32.32,47.84,25.68,62.45,6.63,634.17,0.691,0.436,29.68,73.89,7642.94,0.73,cotton
131.4,52.81,55.13,28.43,76.97,5.67,1168.46,0.725,0.688,28.92,150.43,2485.57,0.844,rice
80.31,22.1,43.09,24.47,41.34,6.71,794.16,0.68,0.522,24.55,117.41,2458.05,0.835,wheat
23.36,78.4,29.7,20.71,51.07,6.89,499.37,0.44,0.332,17.13,66.76,5987.24,0.583,chickpea
115.11,49.16,58.51,32.52,69.84,6.75,1159.25,0.605,0.609,32.57,94.0,500.0,0.905,sugarcane
102.3,51.38,38.3,12.23,76.52,5.46,845.61,0.571,0.52,10.8,144.83,1777.25,0.679,potato
125.52,75.19,57.54,27.67,84.77,6.38,1762.77,0.719,0.75,26.75,236.83,500.0,0.838,sugarcane
117.34,44.83,40.9,27.64,85.75,6.03,1368.8,0.745,0.75,28.59,156.3,2270.95,0.658,rice
57.7,50.65,35.91,33.57,54.97,5.63,469.42,0.425,0.445,31.98,98.06,5833.76,0.788,groundnut
117.91,39.8,35.89,26.95,58.88,6.46,659.9,0.68,0.498,23.73,48.87,6163.16,0.828,cotton
42.92,29.18,42.96,32.93,70.36,5.99,609.85,0.497,0.542,27.91,99.94,5567.26,0.686,groundnut
129.43,31.4,30.42,26.97,63.73,4.94,766.11,0.791,0.444,27.41,9.85,2374.06,0.844,maize
103.84,55.49,38.23,20.54,84.05,7.12,1145.1,0.6,0.68,20.29,205.86,2531.93,0.863,rice
39.22,56.41,29.24,25.72,58.65,5.92,420.58,0.555,0.418,23.91,34.77,6978.84,0.708,groundnut
